year,born,no,name,dam,dam_age,n_foals,kutai,sire,bms,sex,coat,birth,trainer,farm,total_man,unit_yen,height,girth,cannon,weight,ikusei,note,hyoka,boyu
2020,2019,1,デックドアウトの19,デックドアウト,6,1,初年度,ディープインパクト,Street Boss,牡,青鹿,2020-02-10,萩原,レイクヴィラＦ,8000,200000,154,177,20,431,NF空港,,,
2020,2019,2,ヒルダズパッションの19,ヒルダズパッション,12,7,,ディープインパクト,Canadian Frontier,牡,鹿,2020-02-27,藤沢,ノーザンＦ,15000,375000,157,180,20,455,NF早来,,,
2020,2019,3,ティズトレメンダスの19,ティズトレメンダス,9,2,,ディープインパクト,Tiz Wonderful,メス,鹿,2020-05-27,木村,ノーザンＦ,6400,160000,150.5,169,19.7,390,NF早来,,,
2020,2019,4,ファイナルディシジョンの19,ファイナルディシジョン,6,2,,ハーツクライ,Super Saver,メス,栗,2020-05-09,手塚,ノーザンＦ,3000,75000,158,176,19.7,460,NF早来,動画○,,
2020,2019,5,サミターの19,サミター,10,5,,ロードカナロア,ロックオブジブラルタル,牡,鹿,2020-01-27,国枝,ノーザンＦ,5000,125000,150.5,176.5,20.1,426,NF早来,,,
2020,2019,6,ハープスターの19,ハープスター,8,2,○,ロードカナロア,ディープインパクト,牡,鹿,2020-04-09,木村,ノーザンＦ,10000,250000,154,174,21,447,NF空港,,,
2020,2019,7,ルージュバックの19,ルージュバック,7,1,初年度,ロードカナロア,マンハッタンカフェ,メス,鹿,2020-03-07,大竹,ノーザンＦ,5000,125000,155,172,19.8,421,NF空港,,,
2020,2019,8,シーズンズベストの19,シーズンズベスト,12,5,,ロードカナロア,ゼンノロブロイ,メス,鹿,2020-05-06,萩原,ノーザンＦ,3600,90000,147.5,168,19,398,NF早来,,,
2020,2019,9,ティロレスカの19,ティロレスカ,8,1,○,ドゥラメンテ,Roman Ruler,牡,黒鹿,2020-02-05,木村,ノーザンＦ,4000,100000,155,173,20,449,NF早来,,,
2020,2019,10,ヒストリックスターの19,ヒストリックスター,14,10,,ドゥラメンテ,ファルブラヴ,牡,栗,2020-05-16,宮田,ノーザンＦ,4400,110000,154,173.5,21,413,NF空港,,,
2020,2019,11,ピュアブリーゼの19,ピュアブリーゼ,11,5,,ドゥラメンテ,Monsun,メス,栗,2020-02-06,古賀,ノーザンＦ,2800,70000,158,178,19.5,459,NF空港,,,
2020,2019,12,シェルズレイの19,シェルズレイ,16,10,,ドゥラメンテ,クロフネ,メス,栗,2020-02-28,木村,ノーザンＦ,3200,80000,155.5,174,19.4,438,NF空港,,,
2020,2019,13,ベルロワイヤルの19,ベルロワイヤル,11,5,,ドゥラメンテ,Val Royal,メス,鹿,2020-03-15,中舘,追分Ｆ,2600,65000,155.5,176.5,19.2,411,追分Fリリーバレー,,,
2020,2019,14,ディアデラマドレの19,ディアデラマドレ,9,3,,モーリス,キングカメハメハ,牡,栗,2020-01-31,武井,ノーザンＦ,5000,125000,157,182,20,464,NF空港,動画○,,
2020,2019,15,バウンスシャッセの19,バウンスシャッセ,8,2,,モーリス,ゼンノロブロイ,牡,栗,2020-03-11,堀,ノーザンＦ,5000,125000,154,186,20,478,NF早来,,,
2020,2019,16,ヴィータアレグリアの19,ヴィータアレグリア,8,2,,モーリス,ネオユニヴァース,メス,黒鹿,2020-03-05,高柳 瑞樹,ノーザンＦ,2400,60000,160,184,19.6,482,NF早来,,,
2020,2019,17,アンレールの19,アンレール,9,3,,モーリス,ディープインパクト,メス,鹿,2020-03-09,伊坂,ノーザンＦ,2000,50000,155,174,20,399,NF空港,,,
2020,2019,18,クレオールの19,クレオール,7,1,初年度,エピファネイア,チチカステナンゴ,牡,青鹿,2020-01-28,武藤,ノーザンＦ,2000,50000,151,174,20,444,NF空港,○,,
2020,2019,19,オリエンタルポピーの19,オリエンタルポピー,8,3,,エピファネイア,キングカメハメハ,メス,鹿,2020-04-21,中川,ノーザンＦ,2000,50000,156,177,19.5,435,NF早来,○,,
2020,2019,20,ブルーメンブラットの19,ブルーメンブラット,16,9,,エピファネイア,アドマイヤベガ,メス,黒鹿,2020-05-02,宮田,ノーザンＦ,3000,75000,154.5,176,19.6,431,NF空港,,,
2020,2019,21,ケイティーズハートの19,ケイティーズハート,10,3,,ハービンジャー,ハーツクライ,牡,黒鹿,2020-03-30,鹿戸,ノーザンＦ,3000,75000,153,174,20.9,455,NF空港,,,
2020,2019,22,クルミナルの19,クルミナル,7,3,,ハービンジャー,ディープインパクト,牡,鹿,2020-03-31,栗田,ノーザンＦ,5000,125000,154.5,174.5,21.2,458,NF空港,,,
2020,2019,23,エールデュレーヴの19,エールデュレーヴ,6,1,初年度,ハービンジャー,ディープインパクト,牡,鹿,2020-05-01,田村,ノーザンＦ,3000,75000,155,180,20.3,424,NF早来,,,
2020,2019,24,ヴェルジョワーズの19,ヴェルジョワーズ,8,2,,ルーラーシップ,ネオユニヴァース,牡,黒鹿,2020-04-19,池上,追分Ｆ,2600,65000,152,166,19.9,411,追分Fリリーバレー,,,
2020,2019,25,スペルオンミーの19,スペルオンミー,8,2,,ルーラーシップ,ダイワメジャー,メス,黒鹿,2020-01-21,尾関,ノーザンＦ,1800,45000,162.5,186,21.1,536,NF早来,,,
2020,2019,26,アウェイクの19,アウェイク,6,1,初年度,ルーラーシップ,ディープインパクト,メス,鹿,2020-03-10,宮田,ノーザンＦ,1800,45000,147,173,19.5,436,NF早来,,,
2020,2019,27,アールブリュットの19,アールブリュット,7,1,初年度,キズナ,マクフィ,牡,鹿,2020-02-04,国枝,ノーザンＦ,5000,125000,156,175,21.1,447,NF早来,,,
2020,2019,28,ムーンライトダンスの19,ムーンライトダンス,17,14,,キタサンブラック,Sinndar,メス,黒鹿,2020-04-11,久保田,ノーザンＦ,2000,50000,159,181.5,19.5,446,NF空港,,,
2020,2019,29,サダムグランジュテの19,サダムグランジュテ,11,5,,キンシャサノキセキ,キングカメハメハ,メス,鹿,2020-01-27,小西,ノーザンＦ,1600,40000,154,176,19.4,444,NF早来,,,
2020,2019,30,カラベルラティーナの19,カラベルラティーナ,15,8,,ディープブリランテ,クロフネ,牡,鹿,2020-02-18,中舘,ノーザンＦ,1800,45000,156.5,181.4,22.8,460,NF空港,,,
2020,2019,31,ペルレンケッテの19,ペルレンケッテ,11,4,,ドレフォン,ディープインパクト,牡,鹿,2020-04-09,高橋,ノーザンＦ,3000,75000,154,176,20.5,449,NF早来,,,
2020,2019,32,リーチコンセンサスの19,リーチコンセンサス,13,5,,ドレフォン,フレンチデピュティ,メス,栗,2020-04-03,林,ノーザンＦ,2000,50000,156,176,19.8,454,NF空港,,,
2020,2019,33,ティンバレスの19,ティンバレス,7,1,初年度,イスラボニータ,ウォーエンブレム,牡,青鹿,2020-01-22,田中,ノーザンＦ,1800,45000,157,180,21.2,486,NF空港,,,
2020,2019,34,エクストラペトルの19,エクストラペトル,7,1,初年度,イスラボニータ,キングカメハメハ,牡,鹿,2020-01-12,加藤,白老Ｆ,1800,45000,150.5,176,20.1,462,NF早来,,,
2020,2019,35,クルージンミジーの19,クルージンミジー,10,5,,トゥザワールド,Mizzen Mast,牡,芦,2020-05-10,奥村 武,ノーザンＦ,1600,40000,152,174.5,20.3,439,NF空港,,,
2020,2019,36,ムスタパルタの19,ムスタパルタ,8,4,○,トゥザワールド,Tapit,メス,鹿,2020-03-11,伊藤 大士,ノーザンＦ,1200,30000,155.5,175.5,18.5,429,NF早来,,,
2020,2019,37,オーマイベイビーの19,オーマイベイビー,8,3,,クロフネ,ディープインパクト,メス,芦,2020-02-28,黒岩,ノーザンＦ,2000,50000,156.5,176,19.3,453,NF空港,,,
2020,2019,38,フェルミオンの19,フェルミオン,13,8,,ジャスタウェイ,アグネスタキオン,牡,鹿,2020-04-15,池上,ノーザンＦ,2400,60000,155,168,20,410,NF空港,,,
2020,2019,39,ロザリンドの19,ロザリンド,8,3,○,スクリーンヒーロー,シンボリクリスエス,メス,青鹿,2020-02-09,稲垣,ノーザンＦ,3000,75000,152,177,19,414,NF空港,,,
2020,2019,40,ピンクアリエスの19,ピンクアリエス,12,7,,トーセンラー,キングカメハメハ,メス,黒鹿,2020-04-29,菊沢,ノーザンＦ,1400,35000,154.5,173,19.8,413,NF空港,,,
2020,2019,41,グリューヴァインの19,グリューヴァイン,7,1,初年度,ヘニーヒューズ,ゴールドアリュール,メス,栗,2020-03-13,和田,ノーザンＦ,1600,40000,154.5,176.5,19.4,440,NF早来,,,
2020,2019,42,サザンスピードの19,サザンスピード,12,4,,ミッキーアイル,Southern Image,メス,鹿,2020-02-15,矢野,ノーザンＦ,1600,40000,166,179,19.5,512,NF空港,,,
2020,2019,43,ソングバードの19,ソングバード,15,10,,リアルインパクト,ダンスインザダーク,メス,鹿,2020-05-10,勢司,ノーザンＦ,1400,35000,153.5,175,20.5,420,NF空港,,,
2020,2019,44,ロスヴァイセの19,ロスヴァイセ,8,2,,リオンディーズ,シンボリクリスエス,牡,黒鹿,2020-02-18,手塚,ノーザンＦ,3000,75000,157,178,21,497,NF空港,,,
2020,2019,45,リーチングの19,リーチング,10,5,,Arrogate,Dansili,メス,栗,2020-05-15,宗像,ノーザンＦ,2400,60000,158.5,174,21,410,NF早来,,,
2020,2019,46,キラーグレイシスの19,キラーグレイシス,10,5,○,ディープインパクト,Congaree,牡,青鹿,2020-01-27,斉藤,ノーザンＦ,10000,250000,155,174,20.1,447,NF空港,,,
2020,2019,47,ピースアンドウォーの19,ピースアンドウォー,7,2,○,ディープインパクト,War Front,メス,青鹿,2020-01-16,藤原,ノーザンＦ,6000,150000,153,172.5,19,401,NF空港,,,
2020,2019,48,シンハライトの19,シンハライト,6,2,,キングカメハメハ,ディープインパクト,牡,鹿,2020-02-04,池添 学,ノーザンＦ,10000,250000,156,178,21,406,NF空港,,,
2020,2019,49,フロアクラフトの19,フロアクラフト,9,3,,キングカメハメハ,フジキセキ,メス,鹿,2020-04-05,松下 武士,ノーザンＦ,4000,100000,154,180,20.2,438,NF空港,,,
2020,2019,50,クルソラの19,クルソラ,17,11,○,ハーツクライ,Candy Stripes,牡,黒鹿,2020-04-04,友道,ノーザンＦ,5000,125000,157,175.5,20.7,439,NF早来,,,
2020,2019,51,ファイナルスコアの19,ファイナルスコア,8,3,○,ハーツクライ,Dylan Thomas,メス,栗,2020-02-19,松永 幹夫,ノーザンＦ,4400,110000,160,183.5,19,437,NF空港,,,
2020,2019,52,マルティンスタークの19,マルティンスターク,14,7,,ロードカナロア,シンボリクリスエス,牡,鹿,2020-03-29,安田 翔伍,ノーザンＦ,5000,125000,151,175,20.4,442,NF空港,,,
2020,2019,53,サンビスタの19,サンビスタ,10,3,,ロードカナロア,スズカマンボ,牡,鹿,2020-04-22,松永 幹夫,ノーザンＦ,8000,200000,154,170,20.5,401,NF空港,,,
2020,2019,54,シェリールの19,シェリール,19,11,,ロードカナロア,サンデーサイレンス,メス,鹿,2020-02-07,池江,ノーザンＦ,3400,85000,160,181,20,468,NF早来,,,
2020,2019,55,ジンジャーパンチの19,ジンジャーパンチ,16,9,,ロードカナロア,Awesome Again,メス,鹿,2020-04-04,池添 学,ノーザンＦ,5600,140000,152.5,177,19.7,466,NF空港,,,
2020,2019,56,ギモーヴの19,ギモーヴ,6,1,初年度,ドゥラメンテ,ハービンジャー,牡,鹿,2020-02-25,高野,ノーザンＦ,4400,110000,157.5,175.5,20.8,451,NF空港,,,
2020,2019,57,シャムロッカーの19,シャムロッカー,12,6,,ドゥラメンテ,O'Reilly,メス,鹿,2020-02-03,庄野,ノーザンＦ,2800,70000,164.5,180,19.7,494,NF早来,,,
2020,2019,58,リッチダンサーの19,リッチダンサー,19,15,○,ドゥラメンテ,Halling,メス,鹿,2020-03-20,清水,ノーザンＦ,4000,100000,162,180,20.2,479,NF早来,,,
2020,2019,59,ディアマイベイビーの19,ディアマイベイビー,9,4,,モーリス,ディープインパクト,牡,青鹿,2020-05-24,須貝,ノーザンＦ,4000,100000,-,-,-,-,-,,,
2020,2019,60,アビラの19,アビラ,15,10,,モーリス,ロックオブジブラルタル,メス,黒鹿,2020-03-11,安田 隆行,ノーザンＦ,2800,70000,160,180,20,438,NF空港,,,
2020,2019,61,プルメリアスターの19,プルメリアスター,7,1,初年度,モーリス,ゼンノロブロイ,メス,青鹿,2020-03-23,矢作,ノーザンＦ,2800,70000,156,171.5,18.5,412,NF早来,,,
2020,2019,62,テネイシャスの19,テネイシャス,4,1,初年度,エピファネイア,キングカメハメハ,牡,栗,2020-04-18,池江,ノーザンＦ,3000,75000,150,171.5,20.3,430,NF早来,,,
2020,2019,63,リラヴァティの19,リラヴァティ,8,2,,エピファネイア,ゼンノロブロイ,メス,栗,2020-02-11,平田,ノーザンＦ,3600,90000,155.5,175,19.6,429,NF空港,,,
2020,2019,64,グランデアモーレの19,グランデアモーレ,9,3,,エピファネイア,ネオユニヴァース,メス,鹿,2020-03-09,藤岡 健一,ノーザンＦ,2800,70000,152,178,19.5,460,NF空港,,,
2020,2019,65,ディアデラノビアの19,ディアデラノビア,17,11,,ハービンジャー,サンデーサイレンス,牡,鹿,2020-03-13,中内田,ノーザンＦ,5600,140000,156,180,20,426,NF空港,,,
2020,2019,66,ジュモーの19,ジュモー,13,7,,ハービンジャー,タニノギムレット,牡,栗,2020-03-15,西村,ノーザンＦ,5000,125000,158,176,21,482,NF早来,,,
2020,2019,67,サンブルエミューズの19,サンブルエミューズ,9,3,,ハービンジャー,ダイワメジャー,メス,鹿,2020-03-02,高野,ノーザンＦ,2600,65000,157,176,19.5,424,NF空港,,,
2020,2019,68,シャルールの19,シャルール,7,1,初年度,ルーラーシップ,ゼンノロブロイ,牡,鹿,2020-03-29,松永 幹夫,白老Ｆ,3000,75000,148,169,20,405,NF空港,,,
2020,2019,69,ベルディーヴァの19,ベルディーヴァ,7,1,初年度,ルーラーシップ,ダイワメジャー,メス,鹿,2020-02-28,奥村 豊,ノーザンＦ,2400,60000,152,175,20,426,NF空港,,,
2020,2019,70,アスティルの19,アスティル,5,1,初年度,ルーラーシップ,ステイゴールド,メス,黒鹿,2020-05-06,高柳 大輔,ノーザンＦ,1800,45000,150,168.5,19.2,386,NF空港,,,
2020,2019,71,リュシオルの19,リュシオル,13,6,,キズナ,クロフネ,牡,黒鹿,2020-03-15,大久保 龍志,ノーザンＦ,3000,75000,157.5,177,20.7,445,NF空港,,,
2020,2019,72,クリソプレーズの19,クリソプレーズ,17,9,,キタサンブラック,エルコンドルパサー,牡,青鹿,2020-05-05,音無,ノーザンＦ,5000,125000,160,174,21.6,439,NF空港,,,
2020,2019,73,ワナダンスの19,ワナダンス,9,5,,キタサンブラック,The Leopard,メス,黒鹿,2020-01-27,橋口 慎介,ノーザンＦ,1800,45000,158,177.5,20.6,488,NF早来,,,
2020,2019,74,レオパルディナの19,レオパルディナ,7,1,初年度,キンシャサノキセキ,スニッツェル,牡,青鹿,2020-02-09,杉山,ノーザンＦ,2000,50000,153,167,20,401,NF空港,,,
2020,2019,75,カイカヨソウの19,カイカヨソウ,9,2,,キンシャサノキセキ,ティンバーカントリー,メス,青鹿,2020-02-15,池添 学,ノーザンＦ,2000,50000,155,181,20.2,487,NF空港,,,
2020,2019,76,カニョットの19,カニョット,14,7,,ディープブリランテ,Sunray Spirit,牡,栗,2020-02-26,渡辺 薫彦,ノーザンＦ,1800,45000,156,175,20.4,460,NF早来,,,
2020,2019,77,シンハディーパの19,シンハディーパ,9,4,,ディープブリランテ,ウォーエンブレム,メス,栗,2020-03-21,高野,ノーザンＦ,2000,50000,153,169,20,403,NF空港,,,
2020,2019,78,プリンセスカメリアの19,プリンセスカメリア,18,9,○,ドレフォン,サンデーサイレンス,メス,鹿,2020-02-04,羽月,ノーザンＦ,2400,60000,153,180,19,435,NF空港,,,
2020,2019,79,ブリトマルティスの19,ブリトマルティス,15,6,◎,アジアエクスプレス,スペシャルウィーク,牡,栗,2020-03-25,寺島,ノーザンＦ,1600,40000,155,172,20,450,NF空港,,,
2020,2019,80,ラフォルジュルネの19,ラフォルジュルネ,12,4,,エイシンフラッシュ,スペシャルウィーク,牡,鹿,2020-03-07,杉山,白老Ｆ,2000,50000,157.5,177,21,467,NF空港,,,
2020,2019,81,レインボーソングの19,レインボーソング,7,1,初年度,サトノアラジン,ゼンノロブロイ,メス,鹿,2020-03-05,牧田,ノーザンＦ,1200,30000,157,171,20,401,NF空港,,,
2020,2019,82,コンヴィクションⅡの19,コンヴィクションⅡ,8,2,,ジャスタウェイ,City Banker,メス,栗,2020-01-31,斉藤,ノーザンＦ,1800,45000,150,175,19,413,NF空港,,,
2020,2019,83,ユールフェストの19,ユールフェスト,10,4,,シルバーステート,More Than Ready,牡,黒鹿,2020-05-08,四位,ノーザンＦ,1800,45000,146.5,169,19.1,406,NF早来,,,
2020,2019,84,イマーキュレイトキャットの19,イマーキュレイトキャット,11,4,◎,ダノンシャンティ,Storm Cat,メス,鹿,2020-02-15,武 英智,社台Ｆ,1400,35000,157,175,20.2,458,社台F,,,
2020,2019,85,シンハリーズの19,シンハリーズ,17,10,○,ミッキーアイル,Singspiel,メス,栗,2020-02-28,斉藤,ノーザンＦ,3000,75000,152.5,171.5,19.2,411,NF早来,,,
2020,2019,86,シャレードスマイルの19,シャレードスマイル,6,2,,リオンディーズ,ステイゴールド,牡,黒鹿,2020-03-23,橋田,ノーザンＦ,2000,50000,151,171.5,20.8,435,NF早来,,,
2020,2019,87,タリサの19,タリサ,6,1,初年度,Shalaa,Pour Moi,牡,鹿,2020-04-09,安田 隆行,ノーザンＦ,2400,60000,151.5,173,20.1,431,NF早来,,,
2020,2019,88,オーラレガーレの19,オーラレガーレ,11,5,,クリエイターⅡ,マンハッタンカフェ,牡,青鹿,2020-04-14,地方,ノーザンＦ,1400,140000,154.5,170,20,420,NF早来,,,
2020,2019,89,アンソロジーの19,アンソロジー,15,9,,ラブリーデイ,サクラバクシンオー,牡,青鹿,2020-04-12,地方,ノーザンＦ,1400,140000,150,175.5,20.3,448,NF早来,,,
2020,2019,90,レッドソンブレロの19,レッドソンブレロ,7,4,,アジアエクスプレス,キングカメハメハ,メス,栗,2020-04-26,地方,ノーザンＦ,1000,100000,147,172,19.5,443,NF空港,,,
2020,2019,91,パールズシャインの19,パールズシャイン,5,1,初年度,マジェスティックウォリアー,ディープインパクト,メス,鹿,2020-03-17,地方,ノーザンＦ,800,80000,152,170,18.6,404,NF空港,,,
2020,2019,92,ギャラリートークの19,ギャラリートーク,17,12,,ロゴタイプ,ブライアンズタイム,メス,栃栗,2020-04-07,地方,ノーザンＦ,700,70000,156.5,176,19.3,412,NF早来,,,
2021,2020,1,ナスケンアイリスの2020,ナスケンアイリス,13,9,,ロードカナロア,フレンチデピュティ,牡,鹿,2020-02-17,手塚貴久 ,桜井牧場,4800,120000,154,179.5,20.3,426,ＮＦ空港,,1,
2021,2020,2,コケレールの2020,コケレール,16,8,,ロードカナロア,Zamindar,牡,鹿,2020-02-19,国枝栄 ,ノーザンＦ,6000,150000,160,182,22.1,483,ＮＦ空港,,1,
2021,2020,4,シーザリオの2020,シーザリオ,18,12,,ロードカナロア,スペシャルウィーク,メス,黒鹿,2020-02-04,国枝栄 ,ノーザンＦ,7000,175000,154,173.5,19.5,443,ＮＦ早来,,1,
2021,2020,9,バウンスシャッセの2020,バウンスシャッセ,9,3,,エピファネイア,ゼンノロブロイ,牡,黒鹿,2020-03-16,手塚貴久 ,ノーザンＦ,8000,200000,158.5,176.5,21.1,476,ＮＦ早来,血統、金額ほど一族走らず,1,
2021,2020,12,ステファニーズキトゥンの2020,ステファニーズキトゥン,11,4,,ドゥラメンテ,Kitten's Joy,メス,鹿,2020-02-14,久保田貴士 ,ノーザンＦ,3600,90000,162,175.5,20.1,473,ＮＦ早来,,1,
2021,2020,19,メジロシャレードの2020,メジロシャレード,14,8,,ドレフォン,マンハッタンカフェ,メス,鹿,2020-02-13,萩原清 ,レイクヴィラファーム,2600,65000,161,182,21,500,ＮＦ早来,,1,
2021,2020,32,パルティトゥーラの2020,パルティトゥーラ,6,1,初仔,サトノクラウン,マンハッタンカフェ,牡,鹿,2020-03-22,堀宣行 ,ノーザンＦ,2800,70000,158,176,21,478,ＮＦ早来,,1,
2021,2020,33,マルティンスタークの2020,マルティンスターク,15,9,,ジャスタウェイ,シンボリクリスエス,メス,栗,2020-04-08,小島茂之 ,ノーザンＦ,2000,50000,151.5,175,19.5,439,ＮＦ早来,,1,
2021,2020,40,スーブレットの2020,スーブレット,5,1,初仔,マジェスティックウォリアー,ゴールドアリュール,牡,栗,2020-01-29,萩原清 ,ノーザンＦ,2400,60000,153.5,179.5,20,462,ＮＦ空港,,1,
2021,2020,44,アヴェンチュラの2020,アヴェンチュラ,12,7,,ロードカナロア,ジャングルポケット,牡,黒鹿,2020-03-30,安田隆行 ,ノーザンＦ,8000,200000,160,181,21.3,489,ＮＦ空港,,1,
2021,2020,49,ハヴユーゴーンアウェイの2020,ハヴユーゴーンアウェイ,9,2,空胎後,ハーツクライ,Congrats,メス,黒鹿,2020-03-08,斉藤崇史 ,レイクヴィラファーム,4000,100000,157,178.5,20,465,ＮＦ空港,,1,
2021,2020,50,インナーレルムの2020,インナーレルム,12,4,,ハーツクライ,Galileo,メス,鹿,2020-04-14,安田隆行 ,ノーザンＦ,4000,100000,160,180,19.7,464,ＮＦ早来,,1,
2021,2020,51,クルミナルの2020,クルミナル,8,4,,エピファネイア,ディープインパクト,牡,青鹿,2020-04-17,藤原英昭 ,ノーザンＦ,8000,200000,151.5,171,20.4,439,ＮＦ空港,,1,
2021,2020,52,エールデュレーヴの2020,エールデュレーヴ,7,2,,エピファネイア,ディープインパクト,牡,青鹿,2020-05-07,友道康夫 ,ノーザンＦ,5000,125000,153,173,21.5,434,ＮＦ早来,,1,
2021,2020,54,トータルヒートの2020,トータルヒート,9,3,,ドゥラメンテ,ストリートクライ,メス,鹿,2020-03-03,藤原英昭 ,白老Ｆ,3000,75000,154.5,176,21,469,ＮＦ空港,,1,
2021,2020,57,ディオジェーヌの2020,ディオジェーヌ,10,4,,モーリス,ディープインパクト,牡,青鹿,2020-04-28,斉藤崇史 ,ノーザンＦ,3200,80000,154,174,20.8,438,ＮＦ空港,,1,
2021,2020,65,サンブルエミューズの2020,サンブルエミューズ,10,4,,キタサンブラック,ダイワメジャー,メス,鹿,2020-02-14,矢作芳人 ,ノーザンＦ,3000,75000,161,183,19.8,469,ＮＦ早来,,1,
2021,2020,69,アウェイクの2020,アウェイク,7,2,,ハービンジャー,ディープインパクト,メス,鹿,2020-02-29,須貝尚介 ,ノーザンＦ,2000,50000,154,173.5,20.1,437,ＮＦ空港,,1,
2021,2020,71,ジュモーの2020,ジュモー,14,8,,ルーラーシップ,タニノギムレット,牡,鹿,2020-03-27,池江泰寿 ,ノーザンＦ,4000,100000,152,166.5,20.5,420,ＮＦ早来,,1,
2021,2020,72,フォルテピアノの2020,フォルテピアノ,17,10,,キンシャサノキセキ,フレンチデピュティ,牡,鹿,2020-02-05,音無秀孝 ,ノーザンＦ,2200,55000,156,173.5,20,456,ＮＦ空港,,1,
2021,2020,76,エスティタートの2020,エスティタート,7,1,初仔,ジャスタウェイ,ドリームジャーニー,牡,鹿,2020-03-04,松永幹夫 ,白老Ｆ,2800,70000,149,169,19.5,422,ＮＦ空港,,1,
2021,2020,78,ピンクアリエスの2020,ピンクアリエス,13,9,,シルバーステート,キングカメハメハ,牡,青鹿,2020-04-20,松永幹夫 ,ノーザンＦ,3600,90000,157.5,178,22,477,ＮＦ早来,,1,
2021,2020,79,ラテアートの2020,ラテアート,12,6,,シルバーステート,サクラバクシンオー,メス,鹿,2020-04-05,池江泰寿 ,坂東牧場,2000,50000,153.5,173.5,21,444,ＮＦ空港,,1,
2021,2020,86,シンハリーズの2020,シンハリーズ,18,12,,リアルインパクト,Singspiel,メス,栗,2020-03-02,斉藤崇史 ,ノーザンＦ,3200,80000,156,174,19.5,437,ＮＦ早来,,1,
2021,2020,87,グローバルビューティの2020,グローバルビューティ,6,1,初仔,Gun Runner,Global Hunter,メス,栗,2020-05-21,松永幹夫 ,ノーザンＦ,2600,65000,150,165.5,19.5,401,ＮＦ空港,さく癖 ,1,
2021,2020,3,ラドラーダの2020,ラドラーダ,14,7,,ロードカナロア,シンボリクリスエス,メス,鹿,2020-01-28,栗田徹 ,ノーザンＦ,7000,175000,154,174,20,454,ＮＦ空港,,,
2021,2020,5,アドマイヤリードの2020,アドマイヤリード,7,1,初仔,ロードカナロア,ステイゴールド,メス,鹿,2020-03-22,宮田敬介 ,ノーザンＦ,5000,125000,150,173,19.9,423,ＮＦ早来,,,
2021,2020,6,クルージンミジーの2020,クルージンミジー,11,6,,ハーツクライ,Mizzen Mast,牡,芦,2020-05-13,古賀慎明 ,ノーザンＦ,3400,85000,151,174.5,21.5,477,ＮＦ空港,左腕節副手根骨骨折骨片摘出手術（2021/3/4）,,
2021,2020,7,マイハッピーフェイスの2020,マイハッピーフェイス,10,5,,ハーツクライ,Tiz Wonderful,メス,芦,2020-04-10,加藤征弘 ,ノーザンＦ,3000,75000,159.5,179.5,21.4,471,ＮＦ空港,,,
2021,2020,8,ローガンサファイアの2020,ローガンサファイア,10,4,,エピファネイア,ダイワメジャー,牡,栗,2020-02-29,林徹 ,ノーザンＦ,5000,125000,153,169.5,21,445,ＮＦ空港,,,
2021,2020,10,プルメリアスターの2020,プルメリアスター,8,2,,エピファネイア,ゼンノロブロイ,メス,青鹿,2020-04-05,木村哲也 ,ノーザンＦ,3600,90000,152,168.5,19.5,407,ＮＦ空港,,,
2021,2020,11,モアザンセイクリッドの2020,モアザンセイクリッド,11,5,,ドゥラメンテ,More Than Ready,牡,青鹿,2020-04-24,尾関知人 ,ノーザンＦ,4000,100000,154.5,174,20.5,428,ＮＦ空港,,,
2021,2020,13,ブリガアルタの2020,ブリガアルタ,7,1,初仔,モーリス,コンデュイット,牡,栗,2020-02-14,高橋文雅 ,ノーザンＦ,3000,75000,154,182,20.5,458,ＮＦ空港,,,
2021,2020,14,ルージュバックの2020,ルージュバック,8,2,,モーリス,マンハッタンカフェ,牡,鹿,2020-02-21,大竹正博 ,ノーザンＦ,6000,150000,152,175.5,19.1,441,ＮＦ早来,,,
2021,2020,15,ケイティーズハートの2020,ケイティーズハート,11,5,,モーリス,ハーツクライ,メス,青鹿,2020-03-25,鹿戸雄一 ,ノーザンＦ,5600,140000,152,178,19.6,476,ＮＦ空港,,,
2021,2020,16,シュピッツェの2020,シュピッツェ,11,5,,モーリス,Azamour,メス,栗,2020-04-02,中舘英二 ,社台F,2400,60000,155,171,18.6,403,社台Ｆ,,,
2021,2020,17,エンジェルフォールの2020,エンジェルフォール,11,7,,ドレフォン,ジャングルポケット,牡,鹿,2020-04-26,田村康仁 ,ノーザンＦ,3000,75000,151.5,173,20.6,434,ＮＦ空港,右飛節OCD除去手術（2021/2/16）,,
2021,2020,18,バイラオーラの2020,バイラオーラ,14,8,,ドレフォン,トワイニング,メス,鹿,2020-01-24,和田正一郎 ,ノーザンＦ,2000,50000,149.5,171,18.6,431,ＮＦ空港,,,
2021,2020,20,プンタステラの2020,プンタステラ,10,6,,リアルスティール,Elusive City,牡,芦,2020-03-18,奥村武 ,ノーザンＦ,3000,75000,159,177,20.8,454,ＮＦ早来,,,
2021,2020,21,エクストラペトルの2020,エクストラペトル,8,2,,リアルスティール,キングカメハメハ,メス,鹿,2020-01-22,加藤征弘 ,白老Ｆ,2000,50000,156,182,19.8,468,ＮＦ早来,,,
2021,2020,22,マイティースルーの2020,マイティースルー,14,9,,リアルスティール,クロフネ,メス,芦,2020-01-23,黒岩陽一 ,ノーザンＦ,2400,60000,160.5,183,21,518,ＮＦ空港,,,
2021,2020,23,ワシントンレガシーの2020,ワシントンレガシー,6,1,初仔,リアルスティール,クロフネ,メス,鹿,2020-02-04,大和田成 ,ノーザンＦ,2200,55000,153,173,19.5,438,ＮＦ空港,,,
2021,2020,24,ロスヴァイセの2020,ロスヴァイセ,9,3,,キタサンブラック,シンボリクリスエス,牡,黒鹿,2020-03-25,木村哲也 ,ノーザンＦ,3400,85000,162,182,21.9,506,ＮＦ空港,左飛節OCD除去手術（2020/11/20）、さく癖,,
2021,2020,25,シンハディーパの2020,シンハディーパ,10,5,,キタサンブラック,ウォーエンブレム,メス,青鹿,2020-03-17,蛯名正義？,ノーザンＦ,2800,70000,154.5,172.5,19.7,420,ＮＦ空港,,,
2021,2020,26,ヒカルアモーレの2020,ヒカルアモーレ,16,9,,サトノダイヤモンド,クロフネ,牡,鹿,2020-04-11,宮田敬介 ,白老Ｆ,4000,100000,157.5,171,20.5,465,ＮＦ早来,,,
2021,2020,27,エンシェントヒルの2020,エンシェントヒル,19,9,,サトノダイヤモンド,エンドスウィープ,メス,鹿,2020-02-02,伊藤大士 ,ノーザンＦ,2000,50000,161.5,181.5,20.4,458,ＮＦ空港,,,
2021,2020,28,アドマイヤアロマの2020,アドマイヤアロマ,9,1,初仔,ハービンジャー,ネオユニヴァース,牡,鹿,2020-01-29,戸田博文 ,ノーザンＦ,2800,70000,151,176.5,20.7,441,ＮＦ早来,,,
2021,2020,29,フェルミオンの2020,フェルミオン,14,9,,ハービンジャー,アグネスタキオン,メス,鹿,2020-04-04,勢司和浩 ,ノーザンＦ,2200,55000,154,176.5,20.3,463,ＮＦ早来,,,
2021,2020,30,ココファンタジアの2020,ココファンタジア,7,1,初仔,ルーラーシップ,ステイゴールド,牡,鹿,2020-02-15,宮田敬介 ,白老Ｆ,3200,80000,152,174,19.8,469,ＮＦ空港,,,
2021,2020,31,クローバーリーフの2020,クローバーリーフ,12,6,,キンシャサノキセキ,タニノギムレット,牡,鹿,2020-04-13,稲垣幸雄 ,ノーザンＦ,2400,60000,159,179,20.8,473,ＮＦ空港,,,
2021,2020,34,ポロンナルワの2020,ポロンナルワ,12,9,,ダイワメジャー,Rahy,メス,栗,2020-05-08,矢野英一 ,ノーザンＦ,3000,75000,148.5,172.5,20,426,ＮＦ空港,,,
2021,2020,35,ビットレートの2020,ビットレート,8,2,,ヘニーヒューズ,スペシャルウィーク,メス,栗,2020-01-29,小西一男 ,ノーザンＦ,2200,55000,150,171,19.5,415,ＮＦ早来,,,
2021,2020,36,カイゼリンの2020,カイゼリン,15,9,,リオンディーズ,アドマイヤベガ,メス,黒鹿,2020-01-29,田中博康 ,ノーザンＦ,2200,55000,153.5,176,19.6,478,ＮＦ空港,左前球節骨片摘出手術（2020/12/24）,,
2021,2020,37,ユールフェストの2020,ユールフェスト,11,5,,オルフェーヴル,More Than Ready,メス,鹿,2020-05-12,池上昌和 ,白老Ｆ,2200,55000,149.5,168.5,18.4,395,ＮＦ空港,,,
2021,2020,38,レオパルディナの2020,レオパルディナ,8,2,,サトノアラジン,スニッツェル,牡,黒鹿,2020-02-09,中舘英二 ,白老Ｆ,2000,50000,153.5,171.5,20,449,ＮＦ早来,,,
2021,2020,39,アールブリュットの2020,アールブリュット,8,2,,ブラックタイド,マクフィ,メス,鹿,2020-02-22,木村哲也 ,ノーザンＦ,2400,60000,152,174,19.5,435,ＮＦ早来,,,
2021,2020,41,アドヴェントスの2020,アドヴェントス,7,1,初仔,ミッキーアイル,ジャングルポケット,メス,栗,2020-02-02,高柳瑞樹 ,白老Ｆ,2000,50000,151.5,169.5,18.6,421,ＮＦ早来,,,
2021,2020,42,フォトコールの2020,フォトコール,9,2,空胎後,Quality Road,Galileo,牡,鹿,2020-04-03,木村哲也 ,ノーザンＦ,8000,200000,153.5,173,19.6,436,ＮＦ空港,,,
2021,2020,43,ウィープノーモアの2020,ウィープノーモア,7,1,初仔,Quality Road,Mineshaft,メス,鹿,2020-01-31,武井亮 ,ノーザンＦ,3000,75000,163,182,21.8,512,ＮＦ早来,,,
2021,2020,45,アディクティドの2020,アディクティド,14,7,空胎後,ロードカナロア,ディクタット,メス,芦,2020-02-03,高野友和 ,ノーザンＦ,4400,110000,156,176,19.5,479,ＮＦ空港,,,
2021,2020,46,フロアクラフトの2020,フロアクラフト,10,4,,ロードカナロア,フジキセキ,メス,黒鹿,2020-04-07,中内田充正 ,ノーザンＦ,4400,110000,157,173.5,19.2,431,ＮＦ空港,,,
2021,2020,47,ワイの2020,ワイ,12,7,,ロードカナロア,Galileo,メス,鹿,2020-05-13,武幸四郎 ,追分F,4000,100000,152.5,177,19.6,433,追分Ｆリリーバレー,,,
2021,2020,48,ホットスウェルの2020,ホットスウェル,15,9,,ハーツクライ,Fusaichi Pegasus,牡,栗,2020-05-16,牧田和弥 ,ノーザンＦ,2800,70000,151.5,166,18.5,403,ＮＦ早来,,,
2021,2020,53,レイリオンの2020,レイリオン,7,1,初仔,エピファネイア,ダイワメジャー,メス,鹿,2020-01-27,安田翔伍 ,ノーザンＦ,3400,85000,156,183,19.3,476,ＮＦ早来,,,
2021,2020,55,リーチングの2020,リーチング,11,7,,ドゥラメンテ,Dansili,メス,黒鹿,2020-04-26,杉山晴紀 ,ノーザンＦ,2400,60000,151.5,167.5,19.1,410,ＮＦ空港,右飛節OCD除去手術（2021/2/3）、さく癖 ,,
2021,2020,56,コルコバードの2020,コルコバード,7,1,初仔,モーリス,ステイゴールド,牡,鹿,2020-04-14,高野友和 ,ノーザンＦ,4000,100000,157,173,20.4,438,ＮＦ早来,,,
2021,2020,58,スペクトロライトの2020,スペクトロライト,10,4,,モーリス,ディープインパクト,メス,黒鹿,2020-01-28,石坂公一 ,ノーザンＦ,2400,60000,153.5,181,19.7,467,ＮＦ空港,,,
2021,2020,59,グランデアモーレの2020,グランデアモーレ,10,4,,モーリス,ネオユニヴァース,メス,鹿,2020-03-07,池添学 ,白老Ｆ,3400,85000,156.5,178,20,465,ＮＦ早来,,,
2021,2020,60,リリカルホワイトの2020,リリカルホワイト,7,1,初仔,ドレフォン,ダイワメジャー,牡,芦,2020-02-14,武幸四郎 ,白老Ｆ,3400,85000,159.5,176,20.3,478,ＮＦ早来,,,
2021,2020,61,ラフォルジュルネの2020,ラフォルジュルネ,13,6,,ドレフォン,スペシャルウィーク,牡,黒鹿,2020-02-29,平田修 ,白老Ｆ,3000,75000,156,177,20.7,446,ＮＦ早来,,,
2021,2020,62,ディアデラノビアの2020,ディアデラノビア,18,12,,ドレフォン,サンデーサイレンス,メス,栗,2020-03-31,森田直行 ,ノーザンＦ,2000,50000,152,164,19,387,ＮＦ空港,,,
2021,2020,63,ライジングクロスの2020,ライジングクロス,17,11,,リアルスティール,Cape Cross,メス,鹿,2020-02-12,松下武士 ,ノーザンＦ,2800,70000,151,173.5,19.3,438,ＮＦ空港,,,
2021,2020,64,ラカリフォルニーの2020,ラカリフォルニー,7,3,,キタサンブラック,Dutch Art,牡,鹿,2020-02-05,奥村豊 ,ノーザンＦ,2800,70000,156,181,21.5,456,ＮＦ空港,,,
2021,2020,66,プラチナブロンドの2020,プラチナブロンド,9,3,,サトノダイヤモンド,ジャングルポケット,牡,鹿,2020-04-26,橋口慎介 ,ノーザンＦ,3200,80000,147.5,166.5,20.2,407,ＮＦ空港,,,
2021,2020,67,ピースエンブレムの2020,ピースエンブレム,14,6,,サトノダイヤモンド,ウォーエンブレム,メス,鹿,2020-03-08,池添学 ,ノーザンＦ,2400,60000,154.5,176.5,19.7,460,ＮＦ早来,,,
2021,2020,68,エレガントマナーの2020,エレガントマナー,14,9,,ハービンジャー,シンボリクリスエス,牡,鹿,2020-03-27,藤岡健一 ,ノーザンＦ,3000,75000,152,173,20.5,418,ＮＦ空港,,,
2021,2020,70,ローズノーブルの2020,ローズノーブル,11,5,,ルーラーシップ,ディープインパクト,牡,青鹿,2020-03-03,池添学 ,ノーザンＦ,3600,90000,155,174.5,20.4,444,ＮＦ空港,,,
2021,2020,73,ピュアブリーゼの2020,ピュアブリーゼ,12,6,,キンシャサノキセキ,Monsun,メス,鹿,2020-01-14,茶木太樹 ,ノーザンＦ,1600,40000,149.5,173,19.6,425,ＮＦ空港,,,
2021,2020,74,グレイシアブルーの2020,グレイシアブルー,18,11,,サトノクラウン,サンデーサイレンス,牡,黒鹿,2020-02-12,清水久詞 ,ノーザンＦ,4000,100000,152,169.5,20.2,432,ＮＦ空港,,,
2021,2020,75,クレオールの2020,クレオール,8,2,,サトノクラウン,チチカステナンゴ,メス,鹿,2020-02-09,渡辺薫彦 ,ノーザンＦ,1400,35000,149,170.5,19.1,423,ＮＦ空港,,,
2021,2020,77,ココシュニックの2020,ココシュニック,15,10,,ジャスタウェイ,クロフネ,メス,芦,2020-01-30,大久保龍志 ,ノーザンＦ,2200,55000,153.5,176,19.8,489,ＮＦ空港,,,
2021,2020,80,シェルズレイの2020,シェルズレイ,17,12,,ダイワメジャー,クロフネ,メス,芦,2020-02-27,高野友和 ,ノーザンＦ,5000,125000,154.5,183,20.5,499,ＮＦ空港,,,
2021,2020,81,シャンドランジュの2020,シャンドランジュ,7,2,空胎後,ヘニーヒューズ,マンハッタンカフェ,牡,栗,2020-02-01,寺島良 ,ノーザンＦ,3000,75000,158,180,20,485,ＮＦ空港,,,
2021,2020,82,ホワイトミーティアの2020,ホワイトミーティア,9,5,,リオンディーズ,ゼンノロブロイ,メス,芦,2020-01-23,吉岡辰弥 ,ノーザンＦ,1800,45000,154.5,175,20,462,ＮＦ早来,,,
2021,2020,83,リリウムの2020,リリウム,15,12,,イスラボニータ,クロフネ,牡,芦,2020-01-31,平田修 ,白老Ｆ,2000,50000,161,183.5,22.2,586,ＮＦ空港,,,
2021,2020,84,グリューヴァインの2020,グリューヴァイン,8,2,,キズナ,ゴールドアリュール,メス,鹿,2020-03-17,橋田満 ,ノーザンＦ,2200,55000,151,168,20,370,ＮＦ空港,,,
2021,2020,85,カニョットの2020,カニョット,15,8,,スクリーンヒーロー,Sunray Spirit,メス,栗,2020-03-09,西園正都 ,白老Ｆ,1800,45000,154.5,175.5,18.6,451,ＮＦ空港,,,
2021,2020,88,キャヴァルドレの2020,キャヴァルドレ,6,1,初仔,War Front,Sunday Break,牡,鹿,2020-03-28,西村真幸 ,ノーザンＦ,5000,125000,157,176,20.6,470,ＮＦ早来,旋回癖,,
2021,2020,89,ブリトマルティスの2020,ブリトマルティス,16,8,,キンシャサノキセキ,スペシャルウィーク,メス,鹿,2020-04-27,,新冠橋本牧場,1400,140000,150,171.5,19.6,418,ＮＦ空港,,,
2021,2020,90,ライクザウインドの2020,ライクザウインド,20,14,,トゥザワールド,デインヒル,メス,黒鹿,2020-04-15,,ノーザンＦ,1400,140000,155,176.5,19.9,459,ＮＦ早来,,,
2021,2020,91,ネオフレグランスの2020,ネオフレグランス,6,1,初仔,ルーラーシップ,ネオユニヴァース,メス,黒鹿,2020-04-18,,白老Ｆ,1600,160000,146.5,165,18.3,378,ＮＦ空港,,,
2022,2021,1,ミリッサの2021,ミリッサ,7,1,,ロードカナロア,ダイワメジャー,牡,鹿,2021-03-01,高橋文雅,ノーザンＦ,5000,125000,143.5,164.5,19.9,387,ＮＦ早来,,,○
2022,2021,2,ジョプリンの2021,ジョプリン,7,1,,ロードカナロア,Soldier Hollow,メス,黒鹿,2022-01-15,木村哲也,レイクヴィラF＊,4000,100000,151.5,174,19.5,454,ＮＦ空港,,,
2022,2021,3,ヒルダズパッションの2021,ヒルダズパッション,14,9,,ロードカナロア,Canadian Frontier,メス,鹿,2021-02-28,手塚貴久,ノーザンＦ,6000,150000,161.5,178,21.3,485,ＮＦ空港,,,
2022,2021,4,グリューネワルトの2021,グリューネワルト,14,8,,ロードカナロア,スペシャルウィーク,メス,鹿,2021-03-08,林徹,ノーザンＦ,5000,125000,154,174,19,454,ＮＦ早来,,,
2022,2021,5,インクルードベティの2021,インクルードベティ,9,4,,ハーツクライ,Include,牡,黒鹿,2022-01-23,堀宣行,ノーザンF＊,7000,175000,152.5,175.5,20.8,482,ＮＦ早来,,,
2022,2021,6,サンブルエミューズの2021,サンブルエミューズ,11,5,,エピファネイア,ダイワメジャー,メス,鹿,2021-03-30,木村哲也,ノーザンＦ,7000,175000,152.5,173.5,20.1,450,ＮＦ空港,,,○
2022,2021,7,シャルールの2021,シャルール,9,3,,エピファネイア,ゼンノロブロイ,メス,黒鹿,2021-05-05,菊沢隆徳,白老Ｆ,4000,100000,154.5,173,19.4,440,ＮＦ空港,,,○
2022,2021,8,フィンレイズラッキーチャームの2021,フィンレイズラッキーチャーム,8,2,,キズナ,Twirling Candy,牡,鹿,2021-04-17,国枝栄,ノーザンＦ,5000,125000,151,173,20.8,429,ＮＦ早来,,,
2022,2021,9,ザズーの2021,ザズー,13,8,,キズナ,Tapit,メス,芦,2021-02-03,池上昌和,ノーザンＦ,3600,90000,156,175,19.2,410,ＮＦ早来,,,
2022,2021,10,ロスヴァイセの2021,ロスヴァイセ,10,4,,キズナ,シンボリクリスエス,メス,青鹿,2021-03-03,栗田徹,ノーザンＦ,3200,80000,150,173,19.9,421,ＮＦ空港,,,○
2022,2021,11,アールブリュットの2021,アールブリュット,9,3,,ドゥラメンテ,マクフィ,牡,鹿,2021-02-26,国枝栄,ノーザンＦ,6000,150000,159.5,180,20.2,466,ＮＦ空港,,,○
2022,2021,12,フロアクラフトの2021,フロアクラフト,11,5,,ドゥラメンテ,フジキセキ,メス,青鹿,2021-04-14,宮田敬介,ノーザンＦ,4000,100000,153,173.5,20.1,435,ＮＦ早来,,,○
2022,2021,13,マイハッピーフェイスの2021,マイハッピーフェイス,11,6,,ドゥラメンテ,Tiz Wonderful,メス,鹿,2021-04-15,加藤征弘,ノーザンＦ,2400,60000,158,173.5,20.5,440,ＮＦ早来,,,
2022,2021,14,ブルーメンブラットの2021,ブルーメンブラット,18,12,,モーリス,アドマイヤベガ,牡,黒鹿,2021-01-24,武井亮,ノーザンＦ,5000,125000,160,181.5,21.5,522,ＮＦ空港,,,○
2022,2021,15,リカビトスの2021,リカビトス,7,1,,モーリス,ディープブリランテ,牡,黒鹿,2021-02-27,奥村武,ノーザンＦ,3200,80000,150.5,176,20,418,ＮＦ空港,,,○
2022,2021,16,シャイントレイルの2021,シャイントレイル,7,1,,モーリス,ヴィクトワールピサ,牡,鹿,2021-03-22,尾関知人,ノーザンＦ,4000,100000,153,176,20.6,437,ＮＦ空港,,,○
2022,2021,17,ピュアブリーゼの2021,ピュアブリーゼ,13,7,,モーリス,Monsun,メス,鹿,2021-02-02,古賀慎明,ノーザンＦ,2400,60000,160,182.5,19.6,480,ＮＦ空港,,,○
2022,2021,18,タイムハンドラーの2021,タイムハンドラー,5,1,,モーリス,ディープブリランテ,メス,鹿,2021-02-06,栗田徹,追分Ｆ,2000,50000,149,172.5,18.6,403,追分Ｆリリーバレー,,,
2022,2021,19,ヴィータアレグリアの2021,ヴィータアレグリア,10,4,,ニューイヤーズデイ,ネオユニヴァース,牡,鹿,2021-04-08,高柳瑞樹,ノーザンＦ,3200,80000,154,177,20.1,440,ＮＦ空港,,,○
2022,2021,20,チアズメッセージの2021,チアズメッセージ,21,14,,ニューイヤーズデイ,サンデーサイレンス,牡,栗,2022-05-09,中舘英二,ノーザンF＊,3000,75000,151.5,173.5,20.5,439,ＮＦ空港,,,
2022,2021,21,スペクトロライトの2021,スペクトロライト,11,5,,ニューイヤーズデイ,ディープインパクト,メス,鹿,2021-01-26,田中剛,ノーザンＦ,2400,60000,153.5,173,19.8,433,ＮＦ早来,,,○
2022,2021,22,アンジュシャルマンの2021,アンジュシャルマン,7,2,,ニューイヤーズデイ,マンハッタンカフェ,メス,鹿,2021-02-03,伊藤大士,ノーザンＦ,2000,50000,153,175,19,441,ＮＦ空港,,,○
2022,2021,23,エスティタートの2021,エスティタート,8,2,,ブリックスアンドモルタル,ドリームジャーニー,メス,鹿,2021-02-24,奥村武,白老Ｆ,2000,50000,146,168,18.9,411,ＮＦ空港,,,○
2022,2021,24,パルティトゥーラの2021,パルティトゥーラ,7,2,,ブリックスアンドモルタル,マンハッタンカフェ,メス,鹿,2021-03-12,和田正一郎,ノーザンＦ,2800,70000,154,166,21,412,ＮＦ空港,,,○
2022,2021,25,フレジェールの2021,フレジェール,17,9,,ブリックスアンドモルタル,アグネスタキオン,メス,栗,2021-04-24,堀宣行,社台,2000,50000,151.5,173,20,390,社台Ｆ,,,
2022,2021,26,ケイティーズハートの2021,ケイティーズハート,12,6,,サトノクラウン,ハーツクライ,メス,鹿,2021-03-19,鹿戸雄一,ノーザンＦ,4000,100000,155.5,172.5,21.3,455,ＮＦ早来,,,○
2022,2021,27,プルメリアスターの2021,プルメリアスター,9,3,,ハービンジャー,ゼンノロブロイ,牡,鹿,2021-03-29,手塚貴久,ノーザンＦ,4000,100000,156,174.5,20,441,ＮＦ空港,,,○
2022,2021,29,ヒカルアモーレの2021,ヒカルアモーレ,17,10,,リアルインパクト,クロフネ,牡,芦,2021-05-07,戸田博文,ノーザンＦ,2400,60000,159,177,20.5,478,ＮＦ空港,,,
2022,2021,30,コケレールの2021,コケレール,17,10,,リアルインパクト,Zamindar,メス,栗,2021-02-23,小島茂之,ノーザンＦ,1800,45000,158.5,180.5,19.9,467,ＮＦ早来,,,
2022,2021,31,アイヴィベルの2021,アイヴィベル,8,2,,レイデオロ,Archarcharch,牡,鹿,2022-02-15,栗田徹,レイクヴィラF＊,4600,115000,157,182.5,21.2,485,ＮＦ空港,,,
2022,2021,32,マリアライトの2021,マリアライト,10,4,,レイデオロ,ディープインパクト,メス,黒鹿,2021-02-15,久保田貴士,ノーザンＦ,5000,125000,149.5,169.5,19.5,391,ＮＦ空港,,,○
2022,2021,33,スプリングゲイルの2021,スプリングゲイル,7,2,,ミッキーアイル,キンシャサノキセキ,牡,鹿,2021-05-07,武藤善則,ノーザンＦ,2400,60000,148,175,20,435,ＮＦ早来,,,
2022,2021,35,ミセスワタナベの2021,ミセスワタナベ,7,1,,オルフェーヴル,Tapizar,牡,栗,2021-03-09,木村哲也,ノーザンＦ,3000,75000,152,172,20.4,456,ＮＦ早来,,,
2022,2021,36,エンプレスティアラの2021,エンプレスティアラ,17,12,,シュヴァルグラン,クロフネ,牡,栗,2021-04-08,青木孝文,ノーザンＦ,2000,50000,160,175.5,21,445,ＮＦ早来,,,
2022,2021,37,ジンジャーパンチの2021,ジンジャーパンチ,18,12,,スワーヴリチャード,Awesome Again,牡,栗,2021-03-29,萩原清,ノーザンＦ,5000,125000,151.5,176,20.4,463,ＮＦ早来,,,
2022,2021,38,トップライナーⅡの2021,トップライナーⅡ,19,12,,スワーヴリチャード,サンダーガルチ,メス,栗,2021-04-25,大竹正博,ノーザンＦ,2400,60000,150,173.5,19,410,ＮＦ早来,,,
2022,2021,39,アンフィトリテⅡの2021,アンフィトリテⅡ,6,1,,ダイワメジャー,Sebring,牡,青鹿,2021-02-04,田中博康,ノーザンＦ,5000,125000,158,178,20.5,492,ＮＦ空港,,,
2022,2021,40,シンギングメリリーの2021,シンギングメリリー,6,3,,ダイワメジャー,Ghostzapper,メス,栗,2021-03-29,矢野英一,ノーザンＦ,2000,50000,157,178,21.1,486,ＮＦ空港,,,
2022,2021,41,シークレットスパイスの2021,シークレットスパイス,6,1,,リアルスティール,ディスクリートキャット,牡,鹿,2021-01-24,黒岩陽一,ノーザンＦ,4000,100000,159,172.5,20.5,433,ＮＦ早来,,,
2022,2021,42,モアザンセイクリッドの2021,モアザンセイクリッド,12,6,,リアルスティール,More Than Ready,メス,鹿,2021-05-05,勢司和浩,ノーザンＦ,2000,50000,156.5,170,18.7,400,ＮＦ早来,,,
2022,2021,43,ビットレートの2021,ビットレート,9,3,,ドレフォン,スペシャルウィーク,メス,栗,2021-01-19,萩原清,ノーザンＦ,2800,70000,156,180.5,20,489,ＮＦ空港,,,○
2022,2021,44,ウインジュビリーの2021,ウインジュビリー,13,7,,リオンディーズ,シンボリクリスエス,牡,青鹿,2021-01-21,鹿戸雄一,ノーザンＦ,3000,75000,157,173,21,448,ＮＦ空港,,,
2022,2021,45,コルコバードの2021,コルコバード,8,2,,ルーラーシップ,ステイゴールド,牡,黒鹿,2021-04-06,木村哲也,ノーザンＦ,3600,90000,154,173.5,20,444,ＮＦ空港,,,○
2022,2021,46,ピースエンブレムの2021,ピースエンブレム,15,7,,シルバーステート,ウォーエンブレム,牡,青鹿,2021-02-14,宮田敬介,ノーザンＦ,4400,110000,158.5,183,21.2,510,ＮＦ空港,,,○
2022,2021,47,ティンバレスの2021,ティンバレス,9,3,,ヘニーヒューズ,ウォーエンブレム,牡,鹿,2021-02-15,中川公成,ノーザンＦ,3000,75000,159,177,20.7,502,ＮＦ空港,,,○
2022,2021,48,バイラオーラの2021,バイラオーラ,15,9,,マインドユアビスケッツ,トワイニング,メス,栗,2021-01-30,辻哲英,ノーザンＦ,1600,40000,155,180,19,478,ＮＦ空港,,,○
2022,2021,49,ヒルダの2021,ヒルダ,8,2,,ミッキーロケット,ダイワメジャー,牡,鹿,2021-04-23,西田雄一郎,ノーザンＦ,2000,50000,145.5,167,19,413,ＮＦ空港,,,
2022,2021,50,キャントバイミーラヴの2021,キャントバイミーラヴ,5,1,,No Nay Never,War Front,メス,鹿,2022-02-07,田村康仁,レイクヴィラＦ,3000,75000,152.5,179,20,455,ＮＦ空港,,,
2022,2021,51,リラヴァティの2021,リラヴァティ,10,4,,ロードカナロア,ゼンノロブロイ,牡,黒鹿,2021-02-14,池添学,ノーザンＦ,7000,175000,152,169.5,19.4,426,ＮＦ空港,,,○
2022,2021,52,エリティエールの2021,エリティエール,7,1,,ロードカナロア,ディープインパクト,メス,鹿,2021-02-05,藤岡健一,ノーザンＦ,4000,100000,152,172,19.1,401,ＮＦ空港,,,○
2022,2021,53,バウンスシャッセの2021,バウンスシャッセ,10,4,,ロードカナロア,ゼンノロブロイ,メス,鹿,2021-03-16,安田隆行,ノーザンＦ,5000,125000,158,176.5,20.6,453,ＮＦ早来,,,○
2022,2021,54,トータルヒートの2021,トータルヒート,10,4,,ハーツクライ,Street Cry,牡,黒鹿,2021-02-21,藤原英昭,白老Ｆ,7000,175000,153,176,21.4,475,ＮＦ空港,,,○
2022,2021,55,リリサイドの2021,リリサイド,14,10,,ハーツクライ,American Post,牡,鹿,2021-03-28,藤原英昭,ノーザンＦ,10000,250000,152.5,171.5,20,442,ＮＦ空港,,,
2022,2021,56,アルアリングスターの2021,アルアリングスター,6,3,,ハーツクライ,Exchange Rate,メス,鹿,2021-04-08,斉藤崇史,ノーザンＦ,5000,125000,153,175,20,453,ＮＦ空港,,,
2022,2021,57,サトノオニキスの2021,サトノオニキス,8,2,,エピファネイア,ディープインパクト,牡,黒鹿,2021-02-13,池江泰寿,ノーザンＦ,5000,125000,156.5,177,20,442,ＮＦ早来,,,
2022,2021,58,レーヴドゥラメールの2021,レーヴドゥラメール,5,2,,エピファネイア,ロードカナロア,メス,芦,2021-01-12,須貝尚介,ノーザンＦ,4000,100000,150.5,172,20,425,ＮＦ早来,,,
2022,2021,59,シンハリーズの2021,シンハリーズ,19,13,,キズナ,Singspiel,牡,鹿,2021-03-29,池添学,ノーザンＦ,6000,150000,150,169,20.1,420,ＮＦ早来,,,
2022,2021,60,マンビアの2021,マンビア,13,8,,キズナ,アルデバランⅡ,メス,鹿,2022-04-03,西村真幸,ノーザンF＊,3000,75000,151,172,20.2,396,ＮＦ早来,,,
2022,2021,61,アディクティドの2021,アディクティド,15,8,,キズナ,ディクタット,メス,芦,2021-04-12,高野友和,ノーザンＦ,4000,100000,153.5,173,19,404,ＮＦ空港,,,
2022,2021,62,ディーパワンサの2021,ディーパワンサ,7,1,,ドゥラメンテ,ディープブリランテ,牡,鹿,2021-04-18,松下武士,ノーザンＦ,4000,100000,149,166,19.2,380,ＮＦ早来,,,○
2022,2021,63,ビートリックスキッドの2021,ビートリックスキッド,17,11,,ドゥラメンテ,Victory Note,メス,鹿,2021-02-01,西村真幸,追分Ｆ,3000,75000,151.5,174,19.2,453,追分Ｆリリーバレー,,,
2022,2021,64,ココシュニックの2021,ココシュニック,16,11,,ドゥラメンテ,クロフネ,メス,栗,2021-02-13,高野友和,ノーザンＦ,3200,80000,162,183,21,487,ＮＦ空港,,,
2022,2021,65,アドマイヤローザの2021,アドマイヤローザ,7,1,,モーリス,ハービンジャー,牡,鹿,2021-01-09,高野友和,ノーザンＦ,5000,125000,155,180,20.9,486,ＮＦ早来,,,
2022,2021,66,リスグラシューの2021,リスグラシュー,7,1,,モーリス,ハーツクライ,牡,鹿,2021-02-07,矢作芳人,ノーザンＦ,12000,300000,150.5,171.5,20.4,444,ＮＦ早来,,,○
2022,2021,67,ディアデラマドレの2021,ディアデラマドレ,11,5,,モーリス,キングカメハメハ,牡,鹿,2021-03-09,松永幹夫,ノーザンＦ,6000,150000,156,178.5,20.2,470,ＮＦ空港,,,○
2022,2021,68,ペルレンケッテの2021,ペルレンケッテ,13,7,,モーリス,ディープインパクト,牡,鹿,2021-04-14,武英智,ノーザンＦ,4000,100000,157,175.5,20.9,450,ＮＦ早来,,,○
2022,2021,69,レネットグルーヴの2021,レネットグルーヴ,11,5,,モーリス,キングカメハメハ,メス,鹿,2021-01-31,橋口慎介,ノーザンＦ,2400,60000,158.5,182,19.1,478,ＮＦ空港,,,
2022,2021,70,マルティンスタークの2021,マルティンスターク,16,10,,サトノダイヤモンド,シンボリクリスエス,メス,鹿,2021-03-28,松永幹夫,ノーザンＦ,2800,70000,150.5,169,18.9,410,ＮＦ空港,,,○
2022,2021,71,グリューヴァインの2021,グリューヴァイン,9,3,,ニューイヤーズデイ,ゴールドアリュール,牡,鹿,2021-03-20,牧田和弥,ノーザンＦ,3000,75000,155,179,21,468,ＮＦ空港,,,○
2022,2021,72,クルークハイトの2021,クルークハイト,7,1,,ニューイヤーズデイ,クロフネ,メス,黒鹿,2021-03-05,杉山晴紀,ノーザンＦ,2800,70000,157,177,20.4,454,ＮＦ空港,,,○
2022,2021,73,オーマイベイビーの2021,オーマイベイビー,10,6,,ブリックスアンドモルタル,ディープインパクト,牡,鹿,2021-03-25,奥村豊,ノーザンＦ,6000,150000,151,172.5,20.1,436,ＮＦ早来,,,○
2022,2021,74,ラプソディーアの2021,ラプソディーア,7,1,,ブリックスアンドモルタル,ディープブリランテ,メス,栗,2021-04-24,平田修,ノーザンＦ,2400,60000,147.5,170.5,18.7,394,ＮＦ早来,,,○
2022,2021,75,アロマドゥルセの2021,アロマドゥルセ,7,1,,ハービンジャー,ディープインパクト,牡,鹿,2021-03-07,渡辺薫彦,ノーザンＦ,3600,90000,153,173.5,20.7,442,ＮＦ早来,,,○
2022,2021,76,レイリオンの2021,レイリオン,8,2,,ハービンジャー,ダイワメジャー,メス,栗,2021-01-21,安田翔伍,ノーザンＦ,2800,70000,154,178,18.9,438,ＮＦ早来,,,○
2022,2021,77,ヴィートマルシェの2021,ヴィートマルシェ,19,12,,リアルインパクト,フレンチデピュティ,牡,鹿,2021-01-17,斉藤崇史,ノーザンＦ,5000,125000,156,175.5,20.2,469,ＮＦ空港,,,○
2022,2021,78,リッチダンサーの2021,リッチダンサー,21,16,,リアルインパクト,Halling,メス,鹿,2021-04-15,武幸四郎,ノーザンＦ,3000,75000,154,177,19.5,434,ＮＦ早来,,,
2022,2021,79,ヒストリックスターの2021,ヒストリックスター,16,13,,レイデオロ,ファルブラヴ,牡,鹿,2021-01-13,友道康夫,ノーザンＦ,8000,200000,155,176.5,20.1,461,ＮＦ早来,,,
2022,2021,80,ギーニョの2021,ギーニョ,18,11,,レイデオロ,サンデーサイレンス,牡,鹿,2022-04-01,中内田充正,ノーザンF＊,5600,140000,153,170.5,20.2,443,ＮＦ早来,,,
2022,2021,81,ライジングクロスの2021,ライジングクロス,18,12,,ミッキーアイル,Cape Cross,メス,鹿,2021-02-25,音無秀孝,ノーザンＦ,2400,60000,149.5,171,18.5,404,ＮＦ空港,,,
2022,2021,82,カイカヨソウの2021,カイカヨソウ,11,5,,オルフェーヴル,ティンバーカントリー,メス,栗,2021-02-15,池添学,ノーザンＦ,2800,70000,157.5,178.5,19,449,ＮＦ空港,,,○
2022,2021,83,クイックリトルミスの2021,クイックリトルミス,17,12,,スワーヴリチャード,Freud,牡,栗,2021-03-24,庄野靖志,ノーザンＦ,2400,60000,156,173,21.2,461,ＮＦ空港,,,
2022,2021,84,アピールⅡの2021,アピールⅡ,13,8,,ダイワメジャー,Selkirk,牡,栗,2021-04-15,高柳大輔,ノーザンＦ,2600,65000,151,172,19.7,410,ＮＦ早来,,,
2022,2021,85,ハーレクイーンの2021,ハーレクイーン,8,3,,リアルスティール,Canford Cliffs,メス,鹿,2021-01-20,斉藤崇史,ノーザンＦ,3600,90000,156,183,18.6,434,ＮＦ空港,,,
2022,2021,86,ローズノーブルの2021,ローズノーブル,12,6,,ドレフォン,ディープインパクト,メス,黒鹿,2021-03-21,吉岡辰弥,ノーザンＦ,2800,70000,154.5,174,19.2,416,ＮＦ空港,,,○
2022,2021,87,ピエリーナの2021,ピエリーナ,10,4,,リオンディーズ,チチカステナンゴ,牡,芦,2021-04-17,茶木太樹,ノーザンＦ,2800,70000,156.5,173,19.3,429,ＮＦ早来,,,○
2022,2021,88,グレイシアブルーの2021,グレイシアブルー,19,12,,ルーラーシップ,サンデーサイレンス,メス,鹿,2021-04-29,清水久詞,ノーザンＦ,3200,80000,148,172,19.5,423,ＮＦ空港,,,
2022,2021,89,ヴィアンローズの2021,ヴィアンローズ,19,15,,アルアイン,Sevres Rose,牡,鹿,2021-03-25,石坂公一,ノーザンＦ,2400,60000,155,173,20,430,ＮＦ空港,,,
2022,2021,90,ムーングロウの2021,ムーングロウ,12,8,,ジャスタウェイ,Nayef,牡,鹿,2021-04-14,寺島良,ノーザンＦ,3000,75000,153,174,21,465,ＮＦ空港,,,
2022,2021,91,ブリトマルティスの2021,ブリトマルティス,17,9,,オルフェーヴル,スペシャルウィーク,牡,栗,2021-05-13,,ノーザンＦ,1400,140000,150.5,163.5,18,357,ＮＦ空港,,,
2022,2021,92,ココファンタジアの2021,ココファンタジア,8,2,,ニューイヤーズデイ,ステイゴールド,メス,青鹿,2021-03-10,,ノーザンＦ,1800,180000,153,174,19.1,430,ＮＦ早来,,,○
2022,2021,93,ブランシェクールの2021,ブランシェクール,8,2,,マインドユアビスケッツ,ダイワメジャー,牡,芦,2021-04-22,,ノーザンＦ,2000,200000,156.5,177,21.6,475,ＮＦ早来,,,○
2022,2021,94,ジルズパレスの2021,ジルズパレス,8,1,,レッドファルクス,TaleoftheCat,牡,栗,2021-03-11,,ノーザンＦ,1600,160000,152,172,19.7,463,ＮＦ空港,,,
2022,2021,95,ティッカーテープの2021,ティッカーテープ,20,12,,ワールドエース,Royal Applause,メス,鹿,2021-05-03,,ノーザンＦ,1000,100000,145,167.5,17.9,388,ＮＦ早来,,,
