"ページ番号","使用するコマ割りテンプレ","漫画作成のプロンプト","コマ別テキストJSON","outfit_id"
"1","テキストページ","◆【テキストページ】このページは画像生成不要。EPUB製本時にテキストとして直接レンダリングする。
◆【目次】
出産でキャリアを失った元事務職ママが、AIで初めて稼ぐまで　第4巻

【目次】

　第8話　フォロワー100人の夜
　　コラム⑧
　第9話　1,280円の重み
　　コラム⑨
　第10話　私のキャリアは、私が決める
　　コラム⑩
　著者紹介
　奥付","[]",""
"2","テキストページ","◆【テキストページ】このページは画像生成不要。EPUB製本時にテキストとして直接レンダリングする。
◆【前巻までのあらすじ】
【前巻（第1〜3巻）までのあらすじ】

佐藤ミサキ（32歳）は出産を機に退職後、メンターのタクヤに出会い、AIツールClaudeを使い始めた。Instagramで育児×キャリアの発信を始め、フォロワー70人まで成長。さらに成長を続けるミサキの前に、新しい挑戦が待っていた——。","[]",""
"3","テンプレ5","◆【注意】【】で囲まれた単語は感情や状況の指示であり、画像内に文字として描画しないでください
◆【絶対最優先】必ずフルカラーにしてください
◆【絶対最優先】必ず日本のアニメ・マンガ調のイラストで描いてください。実写風・フォトリアル風は禁止です。
◆【絶対最優先】キャラクター外見: ミサキは添付のミサキ.pngと100%同一の外見で描画、ケンタは添付のケンタ.pngと100%同一の外見で描画、ひなた（2歳期）は添付のひなた_2歳期.pngと100%同一の外見で描画、タクヤは添付のタクヤ.pngと100%同一の外見で描画
◆【出力サイズ】2:3
◆【補足情報】上下左右に50ピクセルの余白を設けてください
◆【作画】ジャンル: 副業に最適化した統一スタイル / 作画スタイル: 親しみやすく実践的,現代的なライフスタイル表現 / 色調: 明るく前向きな色調,オレンジ・青・黄色基調,活力ある配色 / 線画: 親しみやすい柔らかな線,カジュアルで読みやすい表現
◆【補足情報】演出: キャラクター紹介ページ
◆【コマ構成】テンプレ5: 上・中・下3段
◆【補足情報】服装: ミサキの服装 — ボーダー柄（白と紺）のカットソーにデニムパンツ、白いスニーカー（自宅・外出・育児中の普段着）
◆【ストーリー】
1コマ目(上段): ミサキとひなたのイラスト。 ナレーション: ミサキ 32歳 主人公 / ひなた 2歳 ミサキの娘
2コマ目(中段): ケンタのイラスト。 ナレーション: ケンタ 34歳 ミサキの夫
3コマ目(下段): タクヤのイラスト。 ナレーション: タクヤ 42歳 メンター","[{""panel_id"": 1, ""type"": ""narration"", ""speaker"": null, ""text"": ""ミサキ 32歳 主人公""}, {""panel_id"": 2, ""type"": ""narration"", ""speaker"": null, ""text"": ""ひなた 2歳 ミサキの娘""}, {""panel_id"": 3, ""type"": ""narration"", ""speaker"": null, ""text"": ""ケンタ 34歳 ミサキの夫""}, {""panel_id"": 4, ""type"": ""narration"", ""speaker"": null, ""text"": ""タクヤ 42歳 メンター""}]","misaki_casual"
"4","テンプレ1","◆【注意】【】で囲まれた単語は感情や状況の指示であり、画像内に文字として描画しないでください
◆【絶対最優先】必ずフルカラーにしてください
◆【絶対最優先】必ず日本のアニメ・マンガ調のイラストで描いてください。実写風・フォトリアル風は禁止です。
◆【絶対最優先】キャラクター外見: ミサキは添付のミサキ.pngと100%同一の外見で描画、ケンタは添付のケンタ.pngと100%同一の外見で描画、ひなた（2歳期）は添付のひなた_2歳期.pngと100%同一の外見で描画、タクヤは添付のタクヤ.pngと100%同一の外見で描画
◆【出力サイズ】画像は縦長（高さ:幅＝1:1.4）で生成してください
◆【補足情報】上下左右に50ピクセルの余白を設けてください
◆【作画】ジャンル: 副業に最適化した統一スタイル / 作画スタイル: 親しみやすく実践的,現代的なライフスタイル表現 / 色調: 明るく前向きな色調,オレンジ・青・黄色基調,活力ある配色 / 線画: 親しみやすい柔らかな線,カジュアルで読みやすい表現
◆【演出】パソコン作業,スマホ,収入の可視化,必要に応じて集中線,効果線,擬音などのマンガらしい演出
◆【コマ構成】テンプレ1: 1コマ
◆【補足情報】服装: ミサキの服装 — グレーのスウェット上下、髪を緩くまとめ、素足（深夜〜早朝のPC作業・在宅集中タイム）
◆【ストーリー】
夜の静かな部屋。ミサキがスマホを見つめている。集中線演出。","[{""panel_id"": 1, ""type"": ""narration"", ""speaker"": null, ""text"": ""第8話「フォロワー100人の夜」""}]","misaki_work_home"
"5","テンプレ5","◆【注意】【】で囲まれた単語は感情や状況の指示であり、画像内に文字として描画しないでください
◆【絶対最優先】必ずフルカラーにしてください
◆【絶対最優先】必ず日本のアニメ・マンガ調のイラストで描いてください。実写風・フォトリアル風は禁止です。
◆【絶対最優先】キャラクター外見: ミサキは添付のミサキ.pngと100%同一の外見で描画、ケンタは添付のケンタ.pngと100%同一の外見で描画、ひなた（2歳期）は添付のひなた_2歳期.pngと100%同一の外見で描画、タクヤは添付のタクヤ.pngと100%同一の外見で描画
◆【出力サイズ】画像は縦長（高さ:幅＝1:1.4）で生成してください
◆【補足情報】上下左右に50ピクセルの余白を設けてください
◆【作画】ジャンル: 副業に最適化した統一スタイル / 作画スタイル: 親しみやすく実践的,現代的なライフスタイル表現 / 色調: 明るく前向きな色調,オレンジ・青・黄色基調,活力ある配色 / 線画: 親しみやすい柔らかな線,カジュアルで読みやすい表現
◆【演出】パソコン作業,スマホ,収入の可視化,必要に応じて集中線,効果線,擬音などのマンガらしい演出
◆【コマ構成】テンプレ5: 3コマ（上段・中段・下段）
◆【補足情報】服装: ミサキの服装 — ボーダー柄（白と紺）のカットソーにデニムパンツ、白いスニーカー（自宅・外出・育児中の普段着）
◆【ストーリー】
1コマ目(上段): カレンダー2ヶ月分にバツ印が並んでいる。
2コマ目(中段): スマホ画面にフォロワー70人と表示されている。
3コマ目(下段): ミサキがソファに座り考え込んでいる。","[{""panel_id"": 1, ""type"": ""narration"", ""speaker"": null, ""text"": ""投稿を続けて2ヶ月——毎日続けた。""}, {""panel_id"": 2, ""type"": ""narration"", ""speaker"": null, ""text"": ""フォロワー70人——数字が伸び悩んでいた。""}, {""panel_id"": 3, ""type"": ""monologue"", ""speaker"": null, ""text"": ""何かが足りない——でも何が足りないか分からない。""}]","misaki_casual"
"6","テンプレ4","◆【注意】【】で囲まれた単語は感情や状況の指示であり、画像内に文字として描画しないでください
◆【絶対最優先】必ずフルカラーにしてください
◆【絶対最優先】必ず日本のアニメ・マンガ調のイラストで描いてください。実写風・フォトリアル風は禁止です。
◆【絶対最優先】キャラクター外見: ミサキは添付のミサキ.pngと100%同一の外見で描画、ケンタは添付のケンタ.pngと100%同一の外見で描画、ひなた（2歳期）は添付のひなた_2歳期.pngと100%同一の外見で描画、タクヤは添付のタクヤ.pngと100%同一の外見で描画
◆【出力サイズ】画像は縦長（高さ:幅＝1:1.4）で生成してください
◆【補足情報】上下左右に50ピクセルの余白を設けてください
◆【作画】ジャンル: 副業に最適化した統一スタイル / 作画スタイル: 親しみやすく実践的,現代的なライフスタイル表現 / 色調: 明るく前向きな色調,オレンジ・青・黄色基調,活力ある配色 / 線画: 親しみやすい柔らかな線,カジュアルで読みやすい表現
◆【演出】パソコン作業,スマホ,収入の可視化,必要に応じて集中線,効果線,擬音などのマンガらしい演出
◆【コマ構成】テンプレ4: 2コマ（左・右）
◆【補足情報】服装: ミサキの服装 — ボーダー柄（白と紺）のカットソーにデニムパンツ、白いスニーカー（自宅・外出・育児中の普段着）
◆【ストーリー】
1コマ目(左): ミサキが暗い表情でスマホを見ている。
2コマ目(右): スマホのフォロワー数画面のアップ。","[{""panel_id"": 1, ""type"": ""monologue"", ""speaker"": null, ""text"": ""毎日投稿してきた——それでもこの数字。""}, {""panel_id"": 2, ""type"": ""monologue"", ""speaker"": null, ""text"": ""このまま続けても意味があるのか——""}]","misaki_casual"
"7","テンプレ5","◆【注意】【】で囲まれた単語は感情や状況の指示であり、画像内に文字として描画しないでください
◆【絶対最優先】必ずフルカラーにしてください
◆【絶対最優先】必ず日本のアニメ・マンガ調のイラストで描いてください。実写風・フォトリアル風は禁止です。
◆【絶対最優先】キャラクター外見: ミサキは添付のミサキ.pngと100%同一の外見で描画、ケンタは添付のケンタ.pngと100%同一の外見で描画、ひなた（2歳期）は添付のひなた_2歳期.pngと100%同一の外見で描画、タクヤは添付のタクヤ.pngと100%同一の外見で描画
◆【出力サイズ】画像は縦長（高さ:幅＝1:1.4）で生成してください
◆【補足情報】上下左右に50ピクセルの余白を設けてください
◆【作画】ジャンル: 副業に最適化した統一スタイル / 作画スタイル: 親しみやすく実践的,現代的なライフスタイル表現 / 色調: 明るく前向きな色調,オレンジ・青・黄色基調,活力ある配色 / 線画: 親しみやすい柔らかな線,カジュアルで読みやすい表現
◆【演出】パソコン作業,スマホ,収入の可視化,必要に応じて集中線,効果線,擬音などのマンガらしい演出
◆【コマ構成】テンプレ5: 3コマ（上段・中段・下段）
◆【補足情報】服装: ミサキの服装 — グレーのスウェット上下、髪を緩くまとめ、素足（深夜〜早朝のPC作業・在宅集中タイム）
◆【ストーリー】
1コマ目(上段): ミサキがパソコンを開いている。
2コマ目(中段): Claudeのチャット画面。
3コマ目(下段): ミサキが2ヶ月分の投稿データを入力している。","[{""panel_id"": 1, ""type"": ""narration"", ""speaker"": null, ""text"": ""ミサキはClaudeに分析を依頼することにした。""}, {""panel_id"": 2, ""type"": ""narration"", ""speaker"": null, ""text"": ""2ヶ月分の投稿データを全部入力した。""}, {""panel_id"": 3, ""type"": ""narration"", ""speaker"": null, ""text"": ""エンゲージメント率、保存数、コメント数——""}]","misaki_work_home"
"8","テンプレ3","◆【注意】【】で囲まれた単語は感情や状況の指示であり、画像内に文字として描画しないでください
◆【絶対最優先】必ずフルカラーにしてください
◆【絶対最優先】必ず日本のアニメ・マンガ調のイラストで描いてください。実写風・フォトリアル風は禁止です。
◆【絶対最優先】キャラクター外見: ミサキは添付のミサキ.pngと100%同一の外見で描画、ケンタは添付のケンタ.pngと100%同一の外見で描画、ひなた（2歳期）は添付のひなた_2歳期.pngと100%同一の外見で描画、タクヤは添付のタクヤ.pngと100%同一の外見で描画
◆【出力サイズ】画像は縦長（高さ:幅＝1:1.4）で生成してください
◆【補足情報】上下左右に50ピクセルの余白を設けてください
◆【作画】ジャンル: 副業に最適化した統一スタイル / 作画スタイル: 親しみやすく実践的,現代的なライフスタイル表現 / 色調: 明るく前向きな色調,オレンジ・青・黄色基調,活力ある配色 / 線画: 親しみやすい柔らかな線,カジュアルで読みやすい表現
◆【演出】パソコン作業,スマホ,収入の可視化,必要に応じて集中線,効果線,擬音などのマンガらしい演出
◆【コマ構成】テンプレ3: 2コマ（上段小・下段大）
◆【補足情報】服装: ミサキの服装 — グレーのスウェット上下、髪を緩くまとめ、素足（深夜〜早朝のPC作業・在宅集中タイム）
◆【ストーリー】
1コマ目(上段小): Claudeが分析中の画面。
2コマ目(下段大): 分析結果が表示される。","[{""panel_id"": 1, ""type"": ""narration"", ""speaker"": null, ""text"": ""Claudeが全データを丁寧に分析していく。""}, {""panel_id"": 2, ""type"": ""narration"", ""speaker"": null, ""text"": ""失敗体験を正直に書いた投稿が上位を占めていた。""}]","misaki_work_home"
"9","テンプレ5","◆【注意】【】で囲まれた単語は感情や状況の指示であり、画像内に文字として描画しないでください
◆【絶対最優先】必ずフルカラーにしてください
◆【絶対最優先】必ず日本のアニメ・マンガ調のイラストで描いてください。実写風・フォトリアル風は禁止です。
◆【絶対最優先】キャラクター外見: ミサキは添付のミサキ.pngと100%同一の外見で描画、ケンタは添付のケンタ.pngと100%同一の外見で描画、ひなた（2歳期）は添付のひなた_2歳期.pngと100%同一の外見で描画、タクヤは添付のタクヤ.pngと100%同一の外見で描画
◆【出力サイズ】画像は縦長（高さ:幅＝1:1.4）で生成してください
◆【補足情報】上下左右に50ピクセルの余白を設けてください
◆【作画】ジャンル: 副業に最適化した統一スタイル / 作画スタイル: 親しみやすく実践的,現代的なライフスタイル表現 / 色調: 明るく前向きな色調,オレンジ・青・黄色基調,活力ある配色 / 線画: 親しみやすい柔らかな線,カジュアルで読みやすい表現
◆【演出】パソコン作業,スマホ,収入の可視化,必要に応じて集中線,効果線,擬音などのマンガらしい演出
◆【コマ構成】テンプレ5: 3コマ（上段・中段・下段）
◆【補足情報】服装: ミサキの服装 — グレーのスウェット上下、髪を緩くまとめ、素足（深夜〜早朝のPC作業・在宅集中タイム）
◆【ストーリー】
1コマ目(上段): ミサキが目を見開いている。
2コマ目(中段): 分析グラフ——感情が正直な投稿が高反応。
3コマ目(下段): ミサキが考え込んでいる。","[{""panel_id"": 1, ""type"": ""narration"", ""speaker"": null, ""text"": ""感情が剥き出しで書かれた投稿——それが最も高い反応。""}, {""panel_id"": 2, ""type"": ""monologue"", ""speaker"": null, ""text"": ""私が一番隠してきた部分が——一番求められていた。""}, {""panel_id"": 3, ""type"": ""monologue"", ""speaker"": null, ""text"": ""恥ずかしいことを書くのが正解なのか。""}]","misaki_work_home"
"10","テンプレ5","◆【注意】【】で囲まれた単語は感情や状況の指示であり、画像内に文字として描画しないでください
◆【絶対最優先】必ずフルカラーにしてください
◆【絶対最優先】必ず日本のアニメ・マンガ調のイラストで描いてください。実写風・フォトリアル風は禁止です。
◆【絶対最優先】キャラクター外見: ミサキは添付のミサキ.pngと100%同一の外見で描画、ケンタは添付のケンタ.pngと100%同一の外見で描画、ひなた（2歳期）は添付のひなた_2歳期.pngと100%同一の外見で描画、タクヤは添付のタクヤ.pngと100%同一の外見で描画
◆【出力サイズ】画像は縦長（高さ:幅＝1:1.4）で生成してください
◆【補足情報】上下左右に50ピクセルの余白を設けてください
◆【作画】ジャンル: 副業に最適化した統一スタイル / 作画スタイル: 親しみやすく実践的,現代的なライフスタイル表現 / 色調: 明るく前向きな色調,オレンジ・青・黄色基調,活力ある配色 / 線画: 親しみやすい柔らかな線,カジュアルで読みやすい表現
◆【演出】パソコン作業,スマホ,収入の可視化,必要に応じて集中線,効果線,擬音などのマンガらしい演出
◆【コマ構成】テンプレ5: 3コマ（上段・中段・下段）
◆【補足情報】服装: ミサキの服装 — グレーのスウェット上下、髪を緩くまとめ、素足（深夜〜早朝のPC作業・在宅集中タイム）
◆【ストーリー】
1コマ目(上段): ミサキが投稿スケジュールを書き直している。
2コマ目(中段): 育児ハックを週1に減らす計画が見える。
3コマ目(下段): 実体験ベースのテーマ一覧を書き出している。","[{""panel_id"": 1, ""type"": ""narration"", ""speaker"": null, ""text"": ""育児ハック投稿は週1に減らすことにした。""}, {""panel_id"": 2, ""type"": ""narration"", ""speaker"": null, ""text"": ""代わりに実体験ベースの投稿を増やす——""}, {""panel_id"": 3, ""type"": ""narration"", ""speaker"": null, ""text"": ""「恥ずかしくても書く」がルールになった。""}]","misaki_work_home"
"11","テンプレ5","◆【注意】【】で囲まれた単語は感情や状況の指示であり、画像内に文字として描画しないでください
◆【絶対最優先】必ずフルカラーにしてください
◆【絶対最優先】必ず日本のアニメ・マンガ調のイラストで描いてください。実写風・フォトリアル風は禁止です。
◆【絶対最優先】キャラクター外見: ミサキは添付のミサキ.pngと100%同一の外見で描画、ケンタは添付のケンタ.pngと100%同一の外見で描画、ひなた（2歳期）は添付のひなた_2歳期.pngと100%同一の外見で描画、タクヤは添付のタクヤ.pngと100%同一の外見で描画
◆【出力サイズ】画像は縦長（高さ:幅＝1:1.4）で生成してください
◆【補足情報】上下左右に50ピクセルの余白を設けてください
◆【作画】ジャンル: 副業に最適化した統一スタイル / 作画スタイル: 親しみやすく実践的,現代的なライフスタイル表現 / 色調: 明るく前向きな色調,オレンジ・青・黄色基調,活力ある配色 / 線画: 親しみやすい柔らかな線,カジュアルで読みやすい表現
◆【演出】パソコン作業,スマホ,収入の可視化,必要に応じて集中線,効果線,擬音などのマンガらしい演出
◆【コマ構成】テンプレ5: 3コマ（上段・中段・下段）
◆【補足情報】服装: ミサキの服装 — ボーダー柄（白と紺）のカットソーにデニムパンツ、白いスニーカー（自宅・外出・育児中の普段着）
◆【ストーリー】
1コマ目(上段): ひなたが離乳食をぶちまけている場面。
2コマ目(中段): ミサキが5秒間完全に無の顔で座っている。
3コマ目(下段): ミサキがスマホで投稿文を書いている。","[{""panel_id"": 1, ""type"": ""narration"", ""speaker"": null, ""text"": ""ひなたが離乳食をぶちまけた。テーブルも床も全部。""}, {""panel_id"": 2, ""type"": ""narration"", ""speaker"": null, ""text"": ""5秒間だけ、完全に無になった。""}, {""panel_id"": 3, ""type"": ""narration"", ""speaker"": null, ""text"": ""その話もそのまま書いた——全部正直に。""}]","misaki_casual"
"12","テンプレ5","◆【注意】【】で囲まれた単語は感情や状況の指示であり、画像内に文字として描画しないでください
◆【絶対最優先】必ずフルカラーにしてください
◆【絶対最優先】必ず日本のアニメ・マンガ調のイラストで描いてください。実写風・フォトリアル風は禁止です。
◆【絶対最優先】キャラクター外見: ミサキは添付のミサキ.pngと100%同一の外見で描画、ケンタは添付のケンタ.pngと100%同一の外見で描画、ひなた（2歳期）は添付のひなた_2歳期.pngと100%同一の外見で描画、タクヤは添付のタクヤ.pngと100%同一の外見で描画
◆【出力サイズ】画像は縦長（高さ:幅＝1:1.4）で生成してください
◆【補足情報】上下左右に50ピクセルの余白を設けてください
◆【作画】ジャンル: 副業に最適化した統一スタイル / 作画スタイル: 親しみやすく実践的,現代的なライフスタイル表現 / 色調: 明るく前向きな色調,オレンジ・青・黄色基調,活力ある配色 / 線画: 親しみやすい柔らかな線,カジュアルで読みやすい表現
◆【演出】パソコン作業,スマホ,収入の可視化,必要に応じて集中線,効果線,擬音などのマンガらしい演出
◆【コマ構成】テンプレ5: 3コマ（上段・中段・下段）
◆【補足情報】服装: ケンタの服装 — 白い無地のシャツにベージュのチノパン、茶色の革靴（仕事帰り・夜の帰宅シーン）
◆【ストーリー】
1コマ目(上段): ミサキとケンタが夜の食卓に座っている。
2コマ目(中段): ケンタが心配そうにミサキを見ている。
3コマ目(下段): ミサキが「大丈夫」と答えた夜の回想。","[{""panel_id"": 1, ""type"": ""dialogue"", ""speaker"": ""ケンタ"", ""text"": ""大丈夫？最近疲れてるんじゃない？""}, {""panel_id"": 2, ""type"": ""narration"", ""speaker"": null, ""text"": ""大丈夫——そう答えた。でも全然大丈夫じゃなかった。""}, {""panel_id"": 3, ""type"": ""narration"", ""speaker"": null, ""text"": ""その正直な気持ちを、投稿に書いた。""}]","kenta_work_casual"
"13","テンプレ5","◆【注意】【】で囲まれた単語は感情や状況の指示であり、画像内に文字として描画しないでください
◆【絶対最優先】必ずフルカラーにしてください
◆【絶対最優先】必ず日本のアニメ・マンガ調のイラストで描いてください。実写風・フォトリアル風は禁止です。
◆【絶対最優先】キャラクター外見: ミサキは添付のミサキ.pngと100%同一の外見で描画、ケンタは添付のケンタ.pngと100%同一の外見で描画、ひなた（2歳期）は添付のひなた_2歳期.pngと100%同一の外見で描画、タクヤは添付のタクヤ.pngと100%同一の外見で描画
◆【出力サイズ】画像は縦長（高さ:幅＝1:1.4）で生成してください
◆【補足情報】上下左右に50ピクセルの余白を設けてください
◆【作画】ジャンル: 副業に最適化した統一スタイル / 作画スタイル: 親しみやすく実践的,現代的なライフスタイル表現 / 色調: 明るく前向きな色調,オレンジ・青・黄色基調,活力ある配色 / 線画: 親しみやすい柔らかな線,カジュアルで読みやすい表現
◆【演出】パソコン作業,スマホ,収入の可視化,必要に応じて集中線,効果線,擬音などのマンガらしい演出
◆【コマ構成】テンプレ5: 3コマ（上段・中段・下段）
◆【補足情報】服装: ミサキの服装 — グレーのスウェット上下、髪を緩くまとめ、素足（深夜〜早朝のPC作業・在宅集中タイム）
◆【ストーリー】
1コマ目(上段): ミサキがパソコンで考えている。夜のシーン。
2コマ目(中段): 段ボールを抱えてビルを出るミサキの記憶が浮かぶ（回想）。
3コマ目(下段): ミサキが投稿文を真剣に書いている。","[{""panel_id"": 1, ""type"": ""narration"", ""speaker"": null, ""text"": ""ある夜、テーマが浮かんだ——名刺がなくなった日。""}, {""panel_id"": 2, ""type"": ""narration"", ""speaker"": null, ""text"": ""退職した日。段ボール一つに5年分を詰めた。""}, {""panel_id"": 3, ""type"": ""narration"", ""speaker"": null, ""text"": ""何者でもない自分に怯えた——そう書いて投稿した。""}]","misaki_work_home"
"14","テンプレ5","◆【注意】【】で囲まれた単語は感情や状況の指示であり、画像内に文字として描画しないでください
◆【絶対最優先】必ずフルカラーにしてください
◆【絶対最優先】必ず日本のアニメ・マンガ調のイラストで描いてください。実写風・フォトリアル風は禁止です。
◆【絶対最優先】キャラクター外見: ミサキは添付のミサキ.pngと100%同一の外見で描画、ケンタは添付のケンタ.pngと100%同一の外見で描画、ひなた（2歳期）は添付のひなた_2歳期.pngと100%同一の外見で描画、タクヤは添付のタクヤ.pngと100%同一の外見で描画
◆【出力サイズ】画像は縦長（高さ:幅＝1:1.4）で生成してください
◆【補足情報】上下左右に50ピクセルの余白を設けてください
◆【作画】ジャンル: 副業に最適化した統一スタイル / 作画スタイル: 親しみやすく実践的,現代的なライフスタイル表現 / 色調: 明るく前向きな色調,オレンジ・青・黄色基調,活力ある配色 / 線画: 親しみやすい柔らかな線,カジュアルで読みやすい表現
◆【演出】パソコン作業,スマホ,収入の可視化,必要に応じて集中線,効果線,擬音などのマンガらしい演出
◆【コマ構成】テンプレ5: 3コマ（上段・中段・下段）
◆【補足情報】服装: ミサキの服装 — ボーダー柄（白と紺）のカットソーにデニムパンツ、白いスニーカー（自宅・外出・育児中の普段着）
◆【ストーリー】
1コマ目(上段): ミサキが投稿後スマホを置いている。
2コマ目(中段): 夜の部屋で布団に入っているミサキ。
3コマ目(下段): 眠れないまま天井を見つめている。","[{""panel_id"": 1, ""type"": ""narration"", ""speaker"": null, ""text"": ""投稿して——後悔が来た。""}, {""panel_id"": 2, ""type"": ""monologue"", ""speaker"": null, ""text"": ""こんな投稿、恥ずかしかったんじゃないか——""}, {""panel_id"": 3, ""type"": ""monologue"", ""speaker"": null, ""text"": ""朝が怖くて、でも朝が来るのを待っていた。""}]","misaki_casual"
"15","テンプレ1","◆【注意】【】で囲まれた単語は感情や状況の指示であり、画像内に文字として描画しないでください
◆【絶対最優先】必ずフルカラーにしてください
◆【絶対最優先】必ず日本のアニメ・マンガ調のイラストで描いてください。実写風・フォトリアル風は禁止です。
◆【絶対最優先】キャラクター外見: ミサキは添付のミサキ.pngと100%同一の外見で描画、ケンタは添付のケンタ.pngと100%同一の外見で描画、ひなた（2歳期）は添付のひなた_2歳期.pngと100%同一の外見で描画、タクヤは添付のタクヤ.pngと100%同一の外見で描画
◆【出力サイズ】画像は縦長（高さ:幅＝1:1.4）で生成してください
◆【補足情報】上下左右に50ピクセルの余白を設けてください
◆【作画】ジャンル: 副業に最適化した統一スタイル / 作画スタイル: 親しみやすく実践的,現代的なライフスタイル表現 / 色調: 明るく前向きな色調,オレンジ・青・黄色基調,活力ある配色 / 線画: 親しみやすい柔らかな線,カジュアルで読みやすい表現
◆【演出】パソコン作業,スマホ,収入の可視化,必要に応じて集中線,効果線,擬音などのマンガらしい演出
◆【コマ構成】テンプレ1: 1コマ
◆【補足情報】服装: ミサキの服装 — ボーダー柄（白と紺）のカットソーにデニムパンツ、白いスニーカー（自宅・外出・育児中の普段着）
◆【ストーリー】
スマホ画面に通知が溢れている演出。数十件の通知バッジ。ミサキが固まっている。集中線。","[{""panel_id"": 1, ""type"": ""narration"", ""speaker"": null, ""text"": ""翌朝——スマホを見た瞬間、息が止まった。""}]","misaki_casual"
"16","テンプレ5","◆【注意】【】で囲まれた単語は感情や状況の指示であり、画像内に文字として描画しないでください
◆【絶対最優先】必ずフルカラーにしてください
◆【絶対最優先】必ず日本のアニメ・マンガ調のイラストで描いてください。実写風・フォトリアル風は禁止です。
◆【絶対最優先】キャラクター外見: ミサキは添付のミサキ.pngと100%同一の外見で描画、ケンタは添付のケンタ.pngと100%同一の外見で描画、ひなた（2歳期）は添付のひなた_2歳期.pngと100%同一の外見で描画、タクヤは添付のタクヤ.pngと100%同一の外見で描画
◆【出力サイズ】画像は縦長（高さ:幅＝1:1.4）で生成してください
◆【補足情報】上下左右に50ピクセルの余白を設けてください
◆【作画】ジャンル: 副業に最適化した統一スタイル / 作画スタイル: 親しみやすく実践的,現代的なライフスタイル表現 / 色調: 明るく前向きな色調,オレンジ・青・黄色基調,活力ある配色 / 線画: 親しみやすい柔らかな線,カジュアルで読みやすい表現
◆【演出】パソコン作業,スマホ,収入の可視化,必要に応じて集中線,効果線,擬音などのマンガらしい演出
◆【コマ構成】テンプレ5: 3コマ（上段・中段・下段）
◆【補足情報】服装: ミサキの服装 — ボーダー柄（白と紺）のカットソーにデニムパンツ、白いスニーカー（自宅・外出・育児中の普段着）
◆【ストーリー】
1コマ目(上段): ミサキが目を見開いてスマホを見ている。
2コマ目(中段): スマホ画面にいいね200超の数字。
3コマ目(下段): コメント欄に次々と書き込まれている。","[{""panel_id"": 1, ""type"": ""narration"", ""speaker"": null, ""text"": ""いいね200超——コメント20件以上——""}, {""panel_id"": 2, ""type"": ""narration"", ""speaker"": null, ""text"": ""リポストもされている——夢を見ているみたいだった。""}, {""panel_id"": 3, ""type"": ""narration"", ""speaker"": null, ""text"": ""「泣きました」「今辞めるか迷ってる」——""}]","misaki_casual"
"17","テンプレ5","◆【注意】【】で囲まれた単語は感情や状況の指示であり、画像内に文字として描画しないでください
◆【絶対最優先】必ずフルカラーにしてください
◆【絶対最優先】必ず日本のアニメ・マンガ調のイラストで描いてください。実写風・フォトリアル風は禁止です。
◆【絶対最優先】キャラクター外見: ミサキは添付のミサキ.pngと100%同一の外見で描画、ケンタは添付のケンタ.pngと100%同一の外見で描画、ひなた（2歳期）は添付のひなた_2歳期.pngと100%同一の外見で描画、タクヤは添付のタクヤ.pngと100%同一の外見で描画
◆【出力サイズ】画像は縦長（高さ:幅＝1:1.4）で生成してください
◆【補足情報】上下左右に50ピクセルの余白を設けてください
◆【作画】ジャンル: 副業に最適化した統一スタイル / 作画スタイル: 親しみやすく実践的,現代的なライフスタイル表現 / 色調: 明るく前向きな色調,オレンジ・青・黄色基調,活力ある配色 / 線画: 親しみやすい柔らかな線,カジュアルで読みやすい表現
◆【演出】パソコン作業,スマホ,収入の可視化,必要に応じて集中線,効果線,擬音などのマンガらしい演出
◆【コマ構成】テンプレ5: 3コマ（上段・中段・下段）
◆【補足情報】服装: ミサキの服装 — ボーダー柄（白と紺）のカットソーにデニムパンツ、白いスニーカー（自宅・外出・育児中の普段着）
◆【ストーリー】
1コマ目(上段): コメント欄のアップ。
2コマ目(中段): 別のコメントのアップ。
3コマ目(下段): ミサキが涙をこらえながらスマホを読んでいる。","[{""panel_id"": 1, ""type"": ""narration"", ""speaker"": null, ""text"": ""「名刺がない自分に慣れるのに2年かかった」""}, {""panel_id"": 2, ""type"": ""narration"", ""speaker"": null, ""text"": ""「今まさに辞めるか迷ってる。保存した」""}, {""panel_id"": 3, ""type"": ""narration"", ""speaker"": null, ""text"": ""知らない誰かの痛みが、ミサキの痛みと重なった。""}]","misaki_casual"
"18","テンプレ1","◆【注意】【】で囲まれた単語は感情や状況の指示であり、画像内に文字として描画しないでください
◆【絶対最優先】必ずフルカラーにしてください
◆【絶対最優先】必ず日本のアニメ・マンガ調のイラストで描いてください。実写風・フォトリアル風は禁止です。
◆【絶対最優先】キャラクター外見: ミサキは添付のミサキ.pngと100%同一の外見で描画、ケンタは添付のケンタ.pngと100%同一の外見で描画、ひなた（2歳期）は添付のひなた_2歳期.pngと100%同一の外見で描画、タクヤは添付のタクヤ.pngと100%同一の外見で描画
◆【出力サイズ】画像は縦長（高さ:幅＝1:1.4）で生成してください
◆【補足情報】上下左右に50ピクセルの余白を設けてください
◆【作画】ジャンル: 副業に最適化した統一スタイル / 作画スタイル: 親しみやすく実践的,現代的なライフスタイル表現 / 色調: 明るく前向きな色調,オレンジ・青・黄色基調,活力ある配色 / 線画: 親しみやすい柔らかな線,カジュアルで読みやすい表現
◆【演出】パソコン作業,スマホ,収入の可視化,必要に応じて集中線,効果線,擬音などのマンガらしい演出
◆【コマ構成】テンプレ1: 1コマ
◆【補足情報】服装: ミサキの服装 — ボーダー柄（白と紺）のカットソーにデニムパンツ、白いスニーカー（自宅・外出・育児中の普段着）
◆【ストーリー】
ミサキが涙をこらえながら画面を見ている。涙の滴が頬を伝う。暖かな光の演出。","[{""panel_id"": 1, ""type"": ""monologue"", ""speaker"": null, ""text"": ""私の言葉が、誰かの心に届いている——""}]","misaki_casual"
"19","テンプレ5","◆【注意】【】で囲まれた単語は感情や状況の指示であり、画像内に文字として描画しないでください
◆【絶対最優先】必ずフルカラーにしてください
◆【絶対最優先】必ず日本のアニメ・マンガ調のイラストで描いてください。実写風・フォトリアル風は禁止です。
◆【絶対最優先】キャラクター外見: ミサキは添付のミサキ.pngと100%同一の外見で描画、ケンタは添付のケンタ.pngと100%同一の外見で描画、ひなた（2歳期）は添付のひなた_2歳期.pngと100%同一の外見で描画、タクヤは添付のタクヤ.pngと100%同一の外見で描画
◆【出力サイズ】画像は縦長（高さ:幅＝1:1.4）で生成してください
◆【補足情報】上下左右に50ピクセルの余白を設けてください
◆【作画】ジャンル: 副業に最適化した統一スタイル / 作画スタイル: 親しみやすく実践的,現代的なライフスタイル表現 / 色調: 明るく前向きな色調,オレンジ・青・黄色基調,活力ある配色 / 線画: 親しみやすい柔らかな線,カジュアルで読みやすい表現
◆【演出】パソコン作業,スマホ,収入の可視化,必要に応じて集中線,効果線,擬音などのマンガらしい演出
◆【コマ構成】テンプレ5: 3コマ（上段・中段・下段）
◆【補足情報】服装: ミサキの服装 — ボーダー柄（白と紺）のカットソーにデニムパンツ、白いスニーカー（自宅・外出・育児中の普段着）
◆【ストーリー】
1コマ目(上段): フォロワーカウンターが増えていく演出。グラフが急上昇。
2コマ目(中段): スマホの数字がどんどん増えていく。
3コマ目(下段): ミサキが固まって画面を見ている。","[{""panel_id"": 1, ""type"": ""narration"", ""speaker"": null, ""text"": ""小バズをきっかけにフォロワーが急増した——""}, {""panel_id"": 2, ""type"": ""narration"", ""speaker"": null, ""text"": ""70人から——80人、90人——""}, {""panel_id"": 3, ""type"": ""narration"", ""speaker"": null, ""text"": ""そして——フォロワー100人。""}]","misaki_casual"
"20","テンプレ1","◆【注意】【】で囲まれた単語は感情や状況の指示であり、画像内に文字として描画しないでください
◆【絶対最優先】必ずフルカラーにしてください
◆【絶対最優先】必ず日本のアニメ・マンガ調のイラストで描いてください。実写風・フォトリアル風は禁止です。
◆【絶対最優先】キャラクター外見: ミサキは添付のミサキ.pngと100%同一の外見で描画、ケンタは添付のケンタ.pngと100%同一の外見で描画、ひなた（2歳期）は添付のひなた_2歳期.pngと100%同一の外見で描画、タクヤは添付のタクヤ.pngと100%同一の外見で描画
◆【出力サイズ】画像は縦長（高さ:幅＝1:1.4）で生成してください
◆【補足情報】上下左右に50ピクセルの余白を設けてください
◆【作画】ジャンル: 副業に最適化した統一スタイル / 作画スタイル: 親しみやすく実践的,現代的なライフスタイル表現 / 色調: 明るく前向きな色調,オレンジ・青・黄色基調,活力ある配色 / 線画: 親しみやすい柔らかな線,カジュアルで読みやすい表現
◆【演出】パソコン作業,スマホ,収入の可視化,必要に応じて集中線,効果線,擬音などのマンガらしい演出
◆【コマ構成】テンプレ1: 1コマ
◆【補足情報】服装: ミサキの服装 — ボーダー柄（白と紺）のカットソーにデニムパンツ、白いスニーカー（自宅・外出・育児中の普段着）
◆【ストーリー】
スマホ画面に大きく「フォロワー100」という数字。ミサキが完全に固まっている。","[{""panel_id"": 1, ""type"": ""narration"", ""speaker"": null, ""text"": ""フォロワー100人——本物の100人だ。""}]","misaki_casual"
"21","テンプレ5","◆【注意】【】で囲まれた単語は感情や状況の指示であり、画像内に文字として描画しないでください
◆【絶対最優先】必ずフルカラーにしてください
◆【絶対最優先】必ず日本のアニメ・マンガ調のイラストで描いてください。実写風・フォトリアル風は禁止です。
◆【絶対最優先】キャラクター外見: ミサキは添付のミサキ.pngと100%同一の外見で描画、ケンタは添付のケンタ.pngと100%同一の外見で描画、ひなた（2歳期）は添付のひなた_2歳期.pngと100%同一の外見で描画、タクヤは添付のタクヤ.pngと100%同一の外見で描画
◆【出力サイズ】画像は縦長（高さ:幅＝1:1.4）で生成してください
◆【補足情報】上下左右に50ピクセルの余白を設けてください
◆【作画】ジャンル: 副業に最適化した統一スタイル / 作画スタイル: 親しみやすく実践的,現代的なライフスタイル表現 / 色調: 明るく前向きな色調,オレンジ・青・黄色基調,活力ある配色 / 線画: 親しみやすい柔らかな線,カジュアルで読みやすい表現
◆【演出】パソコン作業,スマホ,収入の可視化,必要に応じて集中線,効果線,擬音などのマンガらしい演出
◆【コマ構成】テンプレ5: 3コマ（上段・中段・下段）
◆【補足情報】服装: ミサキの服装 — ボーダー柄（白と紺）のカットソーにデニムパンツ、白いスニーカー（自宅・外出・育児中の普段着）
◆【ストーリー】
1コマ目(上段): ミサキがスマホを持ったまま動けない。
2コマ目(中段): 100人の人々が各自の生活をしているイメージ。
3コマ目(下段): ミサキの手が震えている。","[{""panel_id"": 1, ""type"": ""monologue"", ""speaker"": null, ""text"": ""ゼロから積み上げた100人——""}, {""panel_id"": 2, ""type"": ""narration"", ""speaker"": null, ""text"": ""一人一人が実在する人間だ。""}, {""panel_id"": 3, ""type"": ""narration"", ""speaker"": null, ""text"": ""その事実が重くて、しばらく動けなかった。""}]","misaki_casual"
"22","テンプレ5","◆【注意】【】で囲まれた単語は感情や状況の指示であり、画像内に文字として描画しないでください
◆【絶対最優先】必ずフルカラーにしてください
◆【絶対最優先】必ず日本のアニメ・マンガ調のイラストで描いてください。実写風・フォトリアル風は禁止です。
◆【絶対最優先】キャラクター外見: ミサキは添付のミサキ.pngと100%同一の外見で描画、ケンタは添付のケンタ.pngと100%同一の外見で描画、ひなた（2歳期）は添付のひなた_2歳期.pngと100%同一の外見で描画、タクヤは添付のタクヤ.pngと100%同一の外見で描画
◆【出力サイズ】画像は縦長（高さ:幅＝1:1.4）で生成してください
◆【補足情報】上下左右に50ピクセルの余白を設けてください
◆【作画】ジャンル: 副業に最適化した統一スタイル / 作画スタイル: 親しみやすく実践的,現代的なライフスタイル表現 / 色調: 明るく前向きな色調,オレンジ・青・黄色基調,活力ある配色 / 線画: 親しみやすい柔らかな線,カジュアルで読みやすい表現
◆【演出】パソコン作業,スマホ,収入の可視化,必要に応じて集中線,効果線,擬音などのマンガらしい演出
◆【コマ構成】テンプレ5: 3コマ（上段・中段・下段）
◆【補足情報】服装: タクヤの服装 — 白い無地のTシャツ、自室の白い壁を背景（Zoom・ウェビナー画面越しの指導シーン）
◆【ストーリー】
1コマ目(上段): ミサキが震える手でタクヤにメッセージを送っている。
2コマ目(中段): タクヤが嬉しそうに返信している。
3コマ目(下段): タクヤの言葉が画面に映っている。","[{""panel_id"": 1, ""type"": ""narration"", ""speaker"": null, ""text"": ""ミサキは震える手でタクヤに報告した。""}, {""panel_id"": 2, ""type"": ""dialogue"", ""speaker"": ""タクヤ"", ""text"": ""最初の100人が一番大変なんですよ。""}, {""panel_id"": 3, ""type"": ""dialogue"", ""speaker"": ""タクヤ"", ""text"": ""おめでとうございます——""}]","takuya_zoom_mentor"
"23","テンプレ3","◆【注意】【】で囲まれた単語は感情や状況の指示であり、画像内に文字として描画しないでください
◆【絶対最優先】必ずフルカラーにしてください
◆【絶対最優先】必ず日本のアニメ・マンガ調のイラストで描いてください。実写風・フォトリアル風は禁止です。
◆【絶対最優先】キャラクター外見: ミサキは添付のミサキ.pngと100%同一の外見で描画、ケンタは添付のケンタ.pngと100%同一の外見で描画、ひなた（2歳期）は添付のひなた_2歳期.pngと100%同一の外見で描画、タクヤは添付のタクヤ.pngと100%同一の外見で描画
◆【出力サイズ】画像は縦長（高さ:幅＝1:1.4）で生成してください
◆【補足情報】上下左右に50ピクセルの余白を設けてください
◆【作画】ジャンル: 副業に最適化した統一スタイル / 作画スタイル: 親しみやすく実践的,現代的なライフスタイル表現 / 色調: 明るく前向きな色調,オレンジ・青・黄色基調,活力ある配色 / 線画: 親しみやすい柔らかな線,カジュアルで読みやすい表現
◆【演出】パソコン作業,スマホ,収入の可視化,必要に応じて集中線,効果線,擬音などのマンガらしい演出
◆【コマ構成】テンプレ3: 2コマ（上段小・下段大）
◆【補足情報】服装: ミサキの服装 — ボーダー柄（白と紺）のカットソーにデニムパンツ、白いスニーカー（自宅・外出・育児中の普段着）
◆【ストーリー】
1コマ目(上段小): タクヤのメッセージのアップ。
2コマ目(下段大): ミサキが目を潤ませてスマホを見ている。","[{""panel_id"": 1, ""type"": ""narration"", ""speaker"": null, ""text"": ""おめでとうという言葉を——""}, {""panel_id"": 2, ""type"": ""narration"", ""speaker"": null, ""text"": ""こんなに大切に受け取ったのは久しぶりだった。""}]","misaki_casual"
"24","テンプレ5","◆【注意】【】で囲まれた単語は感情や状況の指示であり、画像内に文字として描画しないでください
◆【絶対最優先】必ずフルカラーにしてください
◆【絶対最優先】必ず日本のアニメ・マンガ調のイラストで描いてください。実写風・フォトリアル風は禁止です。
◆【絶対最優先】キャラクター外見: ミサキは添付のミサキ.pngと100%同一の外見で描画、ケンタは添付のケンタ.pngと100%同一の外見で描画、ひなた（2歳期）は添付のひなた_2歳期.pngと100%同一の外見で描画、タクヤは添付のタクヤ.pngと100%同一の外見で描画
◆【出力サイズ】画像は縦長（高さ:幅＝1:1.4）で生成してください
◆【補足情報】上下左右に50ピクセルの余白を設けてください
◆【作画】ジャンル: 副業に最適化した統一スタイル / 作画スタイル: 親しみやすく実践的,現代的なライフスタイル表現 / 色調: 明るく前向きな色調,オレンジ・青・黄色基調,活力ある配色 / 線画: 親しみやすい柔らかな線,カジュアルで読みやすい表現
◆【演出】パソコン作業,スマホ,収入の可視化,必要に応じて集中線,効果線,擬音などのマンガらしい演出
◆【コマ構成】テンプレ5: 3コマ（上段・中段・下段）
◆【補足情報】服装: ミサキの服装 — ボーダー柄（白と紺）のカットソーにデニムパンツ、白いスニーカー（自宅・外出・育児中の普段着）
◆【ストーリー】
1コマ目(上段): 夜、ひなたが寝ている横でミサキがスマホを見ている。
2コマ目(中段): DMの着信通知が表示されている。
3コマ目(下段): ミサキがDMを読んでいる。","[{""panel_id"": 1, ""type"": ""narration"", ""speaker"": null, ""text"": ""夜、DMが届いた。同じ境遇のママからだった。""}, {""panel_id"": 2, ""type"": ""dialogue"", ""speaker"": null, ""text"": ""ミサキさんの投稿に救われました。""}, {""panel_id"": 3, ""type"": ""dialogue"", ""speaker"": null, ""text"": ""一人じゃないんだって思えて——""}]","misaki_casual"
"25","テンプレ5","◆【注意】【】で囲まれた単語は感情や状況の指示であり、画像内に文字として描画しないでください
◆【絶対最優先】必ずフルカラーにしてください
◆【絶対最優先】必ず日本のアニメ・マンガ調のイラストで描いてください。実写風・フォトリアル風は禁止です。
◆【絶対最優先】キャラクター外見: ミサキは添付のミサキ.pngと100%同一の外見で描画、ケンタは添付のケンタ.pngと100%同一の外見で描画、ひなた（2歳期）は添付のひなた_2歳期.pngと100%同一の外見で描画、タクヤは添付のタクヤ.pngと100%同一の外見で描画
◆【出力サイズ】画像は縦長（高さ:幅＝1:1.4）で生成してください
◆【補足情報】上下左右に50ピクセルの余白を設けてください
◆【作画】ジャンル: 副業に最適化した統一スタイル / 作画スタイル: 親しみやすく実践的,現代的なライフスタイル表現 / 色調: 明るく前向きな色調,オレンジ・青・黄色基調,活力ある配色 / 線画: 親しみやすい柔らかな線,カジュアルで読みやすい表現
◆【演出】パソコン作業,スマホ,収入の可視化,必要に応じて集中線,効果線,擬音などのマンガらしい演出
◆【コマ構成】テンプレ5: 3コマ（上段・中段・下段）
◆【補足情報】服装: ミサキの服装 — ボーダー柄（白と紺）のカットソーにデニムパンツ、白いスニーカー（自宅・外出・育児中の普段着）
◆【ストーリー】
1コマ目(上段): ミサキが涙を拭いながら微笑んでいる。
2コマ目(中段): 暖かな光が広がる演出。
3コマ目(下段): ミサキが前を向いている。","[{""panel_id"": 1, ""type"": ""monologue"", ""speaker"": null, ""text"": ""私の経験が、誰かの役に立ってる——""}, {""panel_id"": 2, ""type"": ""narration"", ""speaker"": null, ""text"": ""発信を続けてきて、本当に良かった——""}, {""panel_id"": 3, ""type"": ""monologue"", ""speaker"": null, ""text"": ""退職以来初めて感じた——自分が誰かの力になれてる実感。""}]","misaki_casual"
"26","テンプレ5","◆【注意】【】で囲まれた単語は感情や状況の指示であり、画像内に文字として描画しないでください
◆【絶対最優先】必ずフルカラーにしてください
◆【絶対最優先】必ず日本のアニメ・マンガ調のイラストで描いてください。実写風・フォトリアル風は禁止です。
◆【絶対最優先】キャラクター外見: ミサキは添付のミサキ.pngと100%同一の外見で描画、ケンタは添付のケンタ.pngと100%同一の外見で描画、ひなた（2歳期）は添付のひなた_2歳期.pngと100%同一の外見で描画、タクヤは添付のタクヤ.pngと100%同一の外見で描画
◆【出力サイズ】画像は縦長（高さ:幅＝1:1.4）で生成してください
◆【補足情報】上下左右に50ピクセルの余白を設けてください
◆【作画】ジャンル: 副業に最適化した統一スタイル / 作画スタイル: 親しみやすく実践的,現代的なライフスタイル表現 / 色調: 明るく前向きな色調,オレンジ・青・黄色基調,活力ある配色 / 線画: 親しみやすい柔らかな線,カジュアルで読みやすい表現
◆【演出】パソコン作業,スマホ,収入の可視化,必要に応じて集中線,効果線,擬音などのマンガらしい演出
◆【コマ構成】テンプレ5: 3コマ（上段・中段・下段）
◆【補足情報】服装: ケンタの服装 — 白い無地のシャツにベージュのチノパン、茶色の革靴（仕事帰り・夜の帰宅シーン）
◆【ストーリー】
1コマ目(上段): ミサキがケンタにスマホを見せている。
2コマ目(中段): ケンタが驚いた表情でスマホを見ている。
3コマ目(下段): 二人が久しぶりに笑い合っている。","[{""panel_id"": 1, ""type"": ""narration"", ""speaker"": null, ""text"": ""ケンタにDMを見せた。""}, {""panel_id"": 2, ""type"": ""dialogue"", ""speaker"": ""ケンタ"", ""text"": ""すごいじゃん——本当に？どんな人から？""}, {""panel_id"": 3, ""type"": ""dialogue"", ""speaker"": ""ミサキ"", ""text"": ""同じ境遇のママから。久しぶりに笑えた。""}]","kenta_work_casual"
"27","テンプレ3","◆【注意】【】で囲まれた単語は感情や状況の指示であり、画像内に文字として描画しないでください
◆【絶対最優先】必ずフルカラーにしてください
◆【絶対最優先】必ず日本のアニメ・マンガ調のイラストで描いてください。実写風・フォトリアル風は禁止です。
◆【絶対最優先】キャラクター外見: ミサキは添付のミサキ.pngと100%同一の外見で描画、ケンタは添付のケンタ.pngと100%同一の外見で描画、ひなた（2歳期）は添付のひなた_2歳期.pngと100%同一の外見で描画、タクヤは添付のタクヤ.pngと100%同一の外見で描画
◆【出力サイズ】画像は縦長（高さ:幅＝1:1.4）で生成してください
◆【補足情報】上下左右に50ピクセルの余白を設けてください
◆【作画】ジャンル: 副業に最適化した統一スタイル / 作画スタイル: 親しみやすく実践的,現代的なライフスタイル表現 / 色調: 明るく前向きな色調,オレンジ・青・黄色基調,活力ある配色 / 線画: 親しみやすい柔らかな線,カジュアルで読みやすい表現
◆【演出】パソコン作業,スマホ,収入の可視化,必要に応じて集中線,効果線,擬音などのマンガらしい演出
◆【コマ構成】テンプレ3: 2コマ（上段小・下段大）
◆【補足情報】服装: ケンタの服装 — 白い無地のシャツにベージュのチノパン、茶色の革靴（仕事帰り・夜の帰宅シーン）
◆【ストーリー】
1コマ目(上段小): ミサキが決意している。
2コマ目(下段大): ケンタが静かに頷いている。","[{""panel_id"": 1, ""type"": ""dialogue"", ""speaker"": ""ミサキ"", ""text"": ""もっとやりたい。もっと届けたい。""}, {""panel_id"": 2, ""type"": ""dialogue"", ""speaker"": ""ケンタ"", ""text"": ""うん。やれば——""}]","kenta_work_casual"
"28","テキストページ","◆【テキストページ】このページは画像生成不要。EPUB製本時にテキストとして直接レンダリングする。
◆【コラム原文】
コラム⑧：承認と自己効力感の回復
——キャリアコンサルタントの視点から

フォロワー100人。

数字だけ見れば小さい。でもミサキにとっては、退職以来初めての「外からの承認」でした。

■自己効力感とは

「自分はやればできる」という感覚のことを、心理学では自己効力感と呼びます。退職後のミサキは、この感覚をすっかり失っていました。

■会社に依存しない承認

会社員のとき、承認は上司から来るものでした。「よくやった」「昇進」「昇給」——全部会社経由。でも今、ミサキが得た承認は、見ず知らずの100人から直接届いた言葉です。

小さな成功体験の積み重ねが、自信を作る。ミサキはその入り口に立ちました。","[]",""
"29","テキストページ","◆【テキストページ】このページは画像生成不要。EPUB製本時にテキストとして直接レンダリングする。
◆【コラム原文】
■小さな成功体験の積み重ねが自信を作る

「フォロワー100人」は小さな数字です。でも、ゼロから積み上げた100人は、どんな評価より重い。

■発信を続けることがキャリアの再構築

キャリアの再構築は、大きな転換より小さな成功の連鎖で起きます。「できた」という実感が、次の「やってみよう」を生む。ミサキは今、そのループの中にいます。

「完璧じゃなくていい」「止めないことが最強の戦略」——ミサキが実証した通り、育児中のキャリア再構築に「毎日完璧にやること」は必要ない。細く長く、止めないこと。それだけで十分だと、ミサキは証明しています。","[]",""
"30","テンプレ1","◆【注意】【】で囲まれた単語は感情や状況の指示であり、画像内に文字として描画しないでください
◆【絶対最優先】必ずフルカラーにしてください
◆【絶対最優先】必ず日本のアニメ・マンガ調のイラストで描いてください。実写風・フォトリアル風は禁止です。
◆【絶対最優先】キャラクター外見: ミサキは添付のミサキ.pngと100%同一の外見で描画、ケンタは添付のケンタ.pngと100%同一の外見で描画、ひなた（2歳期）は添付のひなた_2歳期.pngと100%同一の外見で描画、タクヤは添付のタクヤ.pngと100%同一の外見で描画
◆【出力サイズ】画像は縦長（高さ:幅＝1:1.4）で生成してください
◆【補足情報】上下左右に50ピクセルの余白を設けてください
◆【作画】ジャンル: 副業に最適化した統一スタイル / 作画スタイル: 親しみやすく実践的,現代的なライフスタイル表現 / 色調: 明るく前向きな色調,オレンジ・青・黄色基調,活力ある配色 / 線画: 親しみやすい柔らかな線,カジュアルで読みやすい表現
◆【演出】パソコン作業,スマホ,収入の可視化,必要に応じて集中線,効果線,擬音などのマンガらしい演出
◆【コマ構成】テンプレ1: 1コマ
◆【補足情報】服装: ミサキの服装 — ボーダー柄（白と紺）のカットソーにデニムパンツ、白いスニーカー（自宅・外出・育児中の普段着）
◆【ストーリー】
朝の台所。ミサキがひなたに朝ごはんを食べさせている。穏やかな日常。","[{""panel_id"": 1, ""type"": ""narration"", ""speaker"": null, ""text"": ""第9話「1,280円の重み」""}]","misaki_casual"
"31","テンプレ5","◆【注意】【】で囲まれた単語は感情や状況の指示であり、画像内に文字として描画しないでください
◆【絶対最優先】必ずフルカラーにしてください
◆【絶対最優先】必ず日本のアニメ・マンガ調のイラストで描いてください。実写風・フォトリアル風は禁止です。
◆【絶対最優先】キャラクター外見: ミサキは添付のミサキ.pngと100%同一の外見で描画、ケンタは添付のケンタ.pngと100%同一の外見で描画、ひなた（2歳期）は添付のひなた_2歳期.pngと100%同一の外見で描画、タクヤは添付のタクヤ.pngと100%同一の外見で描画
◆【出力サイズ】画像は縦長（高さ:幅＝1:1.4）で生成してください
◆【補足情報】上下左右に50ピクセルの余白を設けてください
◆【作画】ジャンル: 副業に最適化した統一スタイル / 作画スタイル: 親しみやすく実践的,現代的なライフスタイル表現 / 色調: 明るく前向きな色調,オレンジ・青・黄色基調,活力ある配色 / 線画: 親しみやすい柔らかな線,カジュアルで読みやすい表現
◆【演出】パソコン作業,スマホ,収入の可視化,必要に応じて集中線,効果線,擬音などのマンガらしい演出
◆【コマ構成】テンプレ5: 3コマ（上段・中段・下段）
◆【補足情報】服装: ミサキの服装 — ボーダー柄（白と紺）のカットソーにデニムパンツ、白いスニーカー（自宅・外出・育児中の普段着）
◆【ストーリー】
1コマ目(上段): スマホ画面にフォロワー200人超が表示されている。
2コマ目(中段): ミサキが嬉しそうにしている。
3コマ目(下段): タクヤとのビデオ通話が始まる。","[{""panel_id"": 1, ""type"": ""narration"", ""speaker"": null, ""text"": ""フォロワーが200人を超えた。""}, {""panel_id"": 2, ""type"": ""narration"", ""speaker"": null, ""text"": ""続けていれば増えていく——そのことが分かってきた。""}, {""panel_id"": 3, ""type"": ""dialogue"", ""speaker"": ""タクヤ"", ""text"": ""収益化の話をしましょう""}]","misaki_casual"
"32","テンプレ5","◆【注意】【】で囲まれた単語は感情や状況の指示であり、画像内に文字として描画しないでください
◆【絶対最優先】必ずフルカラーにしてください
◆【絶対最優先】必ず日本のアニメ・マンガ調のイラストで描いてください。実写風・フォトリアル風は禁止です。
◆【絶対最優先】キャラクター外見: ミサキは添付のミサキ.pngと100%同一の外見で描画、ケンタは添付のケンタ.pngと100%同一の外見で描画、ひなた（2歳期）は添付のひなた_2歳期.pngと100%同一の外見で描画、タクヤは添付のタクヤ.pngと100%同一の外見で描画
◆【出力サイズ】画像は縦長（高さ:幅＝1:1.4）で生成してください
◆【補足情報】上下左右に50ピクセルの余白を設けてください
◆【作画】ジャンル: 副業に最適化した統一スタイル / 作画スタイル: 親しみやすく実践的,現代的なライフスタイル表現 / 色調: 明るく前向きな色調,オレンジ・青・黄色基調,活力ある配色 / 線画: 親しみやすい柔らかな線,カジュアルで読みやすい表現
◆【演出】パソコン作業,スマホ,収入の可視化,必要に応じて集中線,効果線,擬音などのマンガらしい演出
◆【コマ構成】テンプレ5: 3コマ（上段・中段・下段）
◆【補足情報】服装: タクヤの服装 — 白い無地のTシャツ、自室の白い壁を背景（Zoom・ウェビナー画面越しの指導シーン）
◆【ストーリー】
1コマ目(上段): タクヤが真剣な表情で話している。
2コマ目(中段): ミサキが真剣に聞いている。
3コマ目(下段): アフィリエイトの仕組みが図解されている。","[{""panel_id"": 1, ""type"": ""dialogue"", ""speaker"": ""タクヤ"", ""text"": ""アフィリエイトです——""}, {""panel_id"": 2, ""type"": ""narration"", ""speaker"": null, ""text"": ""自分が本当に良いと思うものだけを紹介する。""}, {""panel_id"": 3, ""type"": ""narration"", ""speaker"": null, ""text"": ""紹介して購入されたら報酬を受け取る仕組みだ。""}]","takuya_zoom_mentor"
"33","テンプレ5","◆【注意】【】で囲まれた単語は感情や状況の指示であり、画像内に文字として描画しないでください
◆【絶対最優先】必ずフルカラーにしてください
◆【絶対最優先】必ず日本のアニメ・マンガ調のイラストで描いてください。実写風・フォトリアル風は禁止です。
◆【絶対最優先】キャラクター外見: ミサキは添付のミサキ.pngと100%同一の外見で描画、ケンタは添付のケンタ.pngと100%同一の外見で描画、ひなた（2歳期）は添付のひなた_2歳期.pngと100%同一の外見で描画、タクヤは添付のタクヤ.pngと100%同一の外見で描画
◆【出力サイズ】画像は縦長（高さ:幅＝1:1.4）で生成してください
◆【補足情報】上下左右に50ピクセルの余白を設けてください
◆【作画】ジャンル: 副業に最適化した統一スタイル / 作画スタイル: 親しみやすく実践的,現代的なライフスタイル表現 / 色調: 明るく前向きな色調,オレンジ・青・黄色基調,活力ある配色 / 線画: 親しみやすい柔らかな線,カジュアルで読みやすい表現
◆【演出】パソコン作業,スマホ,収入の可視化,必要に応じて集中線,効果線,擬音などのマンガらしい演出
◆【コマ構成】テンプレ5: 3コマ（上段・中段・下段）
◆【補足情報】服装: タクヤの服装 — 白い無地のTシャツ、自室の白い壁を背景（Zoom・ウェビナー画面越しの指導シーン）
◆【ストーリー】
1コマ目(上段): ミサキが手帳に商品候補を書き出している。
2コマ目(中段): 電動鼻吸い器、ベビーモニター、抱っこ紐のリスト。
3コマ目(下段): タクヤが頷いている。","[{""panel_id"": 1, ""type"": ""narration"", ""speaker"": null, ""text"": ""電動鼻吸い器、ベビーモニター、抱っこ紐——""}, {""panel_id"": 2, ""type"": ""narration"", ""speaker"": null, ""text"": ""そしてClaude——本当に使って良かったものだけ。""}, {""panel_id"": 3, ""type"": ""dialogue"", ""speaker"": ""タクヤ"", ""text"": ""それが一番大事です。嘘のない紹介だから届く。""}]","takuya_zoom_mentor"
"34","テンプレ5","◆【注意】【】で囲まれた単語は感情や状況の指示であり、画像内に文字として描画しないでください
◆【絶対最優先】必ずフルカラーにしてください
◆【絶対最優先】必ず日本のアニメ・マンガ調のイラストで描いてください。実写風・フォトリアル風は禁止です。
◆【絶対最優先】キャラクター外見: ミサキは添付のミサキ.pngと100%同一の外見で描画、ケンタは添付のケンタ.pngと100%同一の外見で描画、ひなた（2歳期）は添付のひなた_2歳期.pngと100%同一の外見で描画、タクヤは添付のタクヤ.pngと100%同一の外見で描画
◆【出力サイズ】画像は縦長（高さ:幅＝1:1.4）で生成してください
◆【補足情報】上下左右に50ピクセルの余白を設けてください
◆【作画】ジャンル: 副業に最適化した統一スタイル / 作画スタイル: 親しみやすく実践的,現代的なライフスタイル表現 / 色調: 明るく前向きな色調,オレンジ・青・黄色基調,活力ある配色 / 線画: 親しみやすい柔らかな線,カジュアルで読みやすい表現
◆【演出】パソコン作業,スマホ,収入の可視化,必要に応じて集中線,効果線,擬音などのマンガらしい演出
◆【コマ構成】テンプレ5: 3コマ（上段・中段・下段）
◆【補足情報】服装: ミサキの服装 — グレーのスウェット上下、髪を緩くまとめ、素足（深夜〜早朝のPC作業・在宅集中タイム）
◆【ストーリー】
1コマ目(上段): ミサキがClaudeと一緒にASP登録している画面。
2コマ目(中段): 商品リンクの自然な入れ方を考えている。
3コマ目(下段): ミサキが実体験ベースの紹介文を作っている。","[{""panel_id"": 1, ""type"": ""narration"", ""speaker"": null, ""text"": ""Claudeと一緒にASP登録、商品選定を進めた。""}, {""panel_id"": 2, ""type"": ""narration"", ""speaker"": null, ""text"": ""リンクの自然な入れ方も一緒に構築した。""}, {""panel_id"": 3, ""type"": ""monologue"", ""speaker"": null, ""text"": ""本当に使って良かったものだけ、正直に書く。""}]","misaki_work_home"
"35","テンプレ3","◆【注意】【】で囲まれた単語は感情や状況の指示であり、画像内に文字として描画しないでください
◆【絶対最優先】必ずフルカラーにしてください
◆【絶対最優先】必ず日本のアニメ・マンガ調のイラストで描いてください。実写風・フォトリアル風は禁止です。
◆【絶対最優先】キャラクター外見: ミサキは添付のミサキ.pngと100%同一の外見で描画、ケンタは添付のケンタ.pngと100%同一の外見で描画、ひなた（2歳期）は添付のひなた_2歳期.pngと100%同一の外見で描画、タクヤは添付のタクヤ.pngと100%同一の外見で描画
◆【出力サイズ】画像は縦長（高さ:幅＝1:1.4）で生成してください
◆【補足情報】上下左右に50ピクセルの余白を設けてください
◆【作画】ジャンル: 副業に最適化した統一スタイル / 作画スタイル: 親しみやすく実践的,現代的なライフスタイル表現 / 色調: 明るく前向きな色調,オレンジ・青・黄色基調,活力ある配色 / 線画: 親しみやすい柔らかな線,カジュアルで読みやすい表現
◆【演出】パソコン作業,スマホ,収入の可視化,必要に応じて集中線,効果線,擬音などのマンガらしい演出
◆【コマ構成】テンプレ3: 2コマ（上段小・下段大）
◆【補足情報】服装: ミサキの服装 — グレーのスウェット上下、髪を緩くまとめ、素足（深夜〜早朝のPC作業・在宅集中タイム）
◆【ストーリー】
1コマ目(上段小): ミサキがパソコンで文章を書いている。
2コマ目(下段大): 画面に実体験の紹介文が表示されている。","[{""panel_id"": 1, ""type"": ""narration"", ""speaker"": null, ""text"": ""実体験ベースの紹介文を作った——嘘がない。""}, {""panel_id"": 2, ""type"": ""narration"", ""speaker"": null, ""text"": ""「5,000円は高い。でも夜中の鼻水バトルが3分で終わる」""}]","misaki_work_home"
"36","テンプレ5","◆【注意】【】で囲まれた単語は感情や状況の指示であり、画像内に文字として描画しないでください
◆【絶対最優先】必ずフルカラーにしてください
◆【絶対最優先】必ず日本のアニメ・マンガ調のイラストで描いてください。実写風・フォトリアル風は禁止です。
◆【絶対最優先】キャラクター外見: ミサキは添付のミサキ.pngと100%同一の外見で描画、ケンタは添付のケンタ.pngと100%同一の外見で描画、ひなた（2歳期）は添付のひなた_2歳期.pngと100%同一の外見で描画、タクヤは添付のタクヤ.pngと100%同一の外見で描画
◆【出力サイズ】画像は縦長（高さ:幅＝1:1.4）で生成してください
◆【補足情報】上下左右に50ピクセルの余白を設けてください
◆【作画】ジャンル: 副業に最適化した統一スタイル / 作画スタイル: 親しみやすく実践的,現代的なライフスタイル表現 / 色調: 明るく前向きな色調,オレンジ・青・黄色基調,活力ある配色 / 線画: 親しみやすい柔らかな線,カジュアルで読みやすい表現
◆【演出】パソコン作業,スマホ,収入の可視化,必要に応じて集中線,効果線,擬音などのマンガらしい演出
◆【コマ構成】テンプレ5: 3コマ（上段・中段・下段）
◆【補足情報】服装: ミサキの服装 — ボーダー柄（白と紺）のカットソーにデニムパンツ、白いスニーカー（自宅・外出・育児中の普段着）
◆【ストーリー】
1コマ目(上段): 1週間経過——クリック3、成約0のグラフ。
2コマ目(中段): 2週間経過——クリック11、成約0。
3コマ目(下段): ミサキが不安そうにしている。","[{""panel_id"": 1, ""type"": ""narration"", ""speaker"": null, ""text"": ""1週間。クリック3、成約0。""}, {""panel_id"": 2, ""type"": ""narration"", ""speaker"": null, ""text"": ""2週間。クリック11、成約0。""}, {""panel_id"": 3, ""type"": ""monologue"", ""speaker"": null, ""text"": ""3週間目、フォロワー300人超——でも成約がない。""}]","misaki_casual"
"37","テンプレ3","◆【注意】【】で囲まれた単語は感情や状況の指示であり、画像内に文字として描画しないでください
◆【絶対最優先】必ずフルカラーにしてください
◆【絶対最優先】必ず日本のアニメ・マンガ調のイラストで描いてください。実写風・フォトリアル風は禁止です。
◆【絶対最優先】キャラクター外見: ミサキは添付のミサキ.pngと100%同一の外見で描画、ケンタは添付のケンタ.pngと100%同一の外見で描画、ひなた（2歳期）は添付のひなた_2歳期.pngと100%同一の外見で描画、タクヤは添付のタクヤ.pngと100%同一の外見で描画
◆【出力サイズ】画像は縦長（高さ:幅＝1:1.4）で生成してください
◆【補足情報】上下左右に50ピクセルの余白を設けてください
◆【作画】ジャンル: 副業に最適化した統一スタイル / 作画スタイル: 親しみやすく実践的,現代的なライフスタイル表現 / 色調: 明るく前向きな色調,オレンジ・青・黄色基調,活力ある配色 / 線画: 親しみやすい柔らかな線,カジュアルで読みやすい表現
◆【演出】パソコン作業,スマホ,収入の可視化,必要に応じて集中線,効果線,擬音などのマンガらしい演出
◆【コマ構成】テンプレ3: 2コマ（上段小・下段大）
◆【補足情報】服装: ミサキの服装 — ボーダー柄（白と紺）のカットソーにデニムパンツ、白いスニーカー（自宅・外出・育児中の普段着）
◆【ストーリー】
1コマ目(上段小): ひなたに朝ごはんを食べさせているミサキ。
2コマ目(下段大): 突然スマホから「お振込がありました」の通知。","[{""panel_id"": 1, ""type"": ""narration"", ""speaker"": null, ""text"": ""4週間目のある朝——ひなたに朝ごはんを食べさせているとき""}, {""panel_id"": 2, ""type"": ""narration"", ""speaker"": null, ""text"": ""銀行アプリから通知。「お振込がありました」""}]","misaki_casual"
"38","テンプレ1","◆【注意】【】で囲まれた単語は感情や状況の指示であり、画像内に文字として描画しないでください
◆【絶対最優先】必ずフルカラーにしてください
◆【絶対最優先】必ず日本のアニメ・マンガ調のイラストで描いてください。実写風・フォトリアル風は禁止です。
◆【絶対最優先】キャラクター外見: ミサキは添付のミサキ.pngと100%同一の外見で描画、ケンタは添付のケンタ.pngと100%同一の外見で描画、ひなた（2歳期）は添付のひなた_2歳期.pngと100%同一の外見で描画、タクヤは添付のタクヤ.pngと100%同一の外見で描画
◆【出力サイズ】画像は縦長（高さ:幅＝1:1.4）で生成してください
◆【補足情報】上下左右に50ピクセルの余白を設けてください
◆【作画】ジャンル: 副業に最適化した統一スタイル / 作画スタイル: 親しみやすく実践的,現代的なライフスタイル表現 / 色調: 明るく前向きな色調,オレンジ・青・黄色基調,活力ある配色 / 線画: 親しみやすい柔らかな線,カジュアルで読みやすい表現
◆【演出】パソコン作業,スマホ,収入の可視化,必要に応じて集中線,効果線,擬音などのマンガらしい演出
◆【コマ構成】テンプレ1: 1コマ
◆【補足情報】服装: ミサキの服装 — ボーダー柄（白と紺）のカットソーにデニムパンツ、白いスニーカー（自宅・外出・育児中の普段着）
◆【ストーリー】
銀行アプリの振込画面——「1,280円」の数字が大きく映っている。集中線。ミサキの手が震えている。","[{""panel_id"": 1, ""type"": ""narration"", ""speaker"": null, ""text"": ""振込額：1,280円。千二百八十円。""}]","misaki_casual"
"39","テンプレ5","◆【注意】【】で囲まれた単語は感情や状況の指示であり、画像内に文字として描画しないでください
◆【絶対最優先】必ずフルカラーにしてください
◆【絶対最優先】必ず日本のアニメ・マンガ調のイラストで描いてください。実写風・フォトリアル風は禁止です。
◆【絶対最優先】キャラクター外見: ミサキは添付のミサキ.pngと100%同一の外見で描画、ケンタは添付のケンタ.pngと100%同一の外見で描画、ひなた（2歳期）は添付のひなた_2歳期.pngと100%同一の外見で描画、タクヤは添付のタクヤ.pngと100%同一の外見で描画
◆【出力サイズ】画像は縦長（高さ:幅＝1:1.4）で生成してください
◆【補足情報】上下左右に50ピクセルの余白を設けてください
◆【作画】ジャンル: 副業に最適化した統一スタイル / 作画スタイル: 親しみやすく実践的,現代的なライフスタイル表現 / 色調: 明るく前向きな色調,オレンジ・青・黄色基調,活力ある配色 / 線画: 親しみやすい柔らかな線,カジュアルで読みやすい表現
◆【演出】パソコン作業,スマホ,収入の可視化,必要に応じて集中線,効果線,擬音などのマンガらしい演出
◆【コマ構成】テンプレ5: 3コマ（上段・中段・下段）
◆【補足情報】服装: ミサキの服装 — ボーダー柄（白と紺）のカットソーにデニムパンツ、白いスニーカー（自宅・外出・育児中の普段着）
◆【ストーリー】
1コマ目(上段): ミサキの手が震えている。
2コマ目(中段): ミサキがテーブルに突っ伏している。
3コマ目(下段): ひなたがミサキを心配そうに見ている。","[{""panel_id"": 1, ""type"": ""narration"", ""speaker"": null, ""text"": ""ランチ一回分にも満たない。でもミサキの手は震えた。""}, {""panel_id"": 2, ""type"": ""narration"", ""speaker"": null, ""text"": ""会社以外から、初めて得たお金だった。""}, {""panel_id"": 3, ""type"": ""narration"", ""speaker"": null, ""text"": ""テーブルに突っ伏して泣いた。""}]","misaki_casual"
"40","テンプレ4","◆【注意】【】で囲まれた単語は感情や状況の指示であり、画像内に文字として描画しないでください
◆【絶対最優先】必ずフルカラーにしてください
◆【絶対最優先】必ず日本のアニメ・マンガ調のイラストで描いてください。実写風・フォトリアル風は禁止です。
◆【絶対最優先】キャラクター外見: ミサキは添付のミサキ.pngと100%同一の外見で描画、ケンタは添付のケンタ.pngと100%同一の外見で描画、ひなた（2歳期）は添付のひなた_2歳期.pngと100%同一の外見で描画、タクヤは添付のタクヤ.pngと100%同一の外見で描画
◆【出力サイズ】画像は縦長（高さ:幅＝1:1.4）で生成してください
◆【補足情報】上下左右に50ピクセルの余白を設けてください
◆【作画】ジャンル: 副業に最適化した統一スタイル / 作画スタイル: 親しみやすく実践的,現代的なライフスタイル表現 / 色調: 明るく前向きな色調,オレンジ・青・黄色基調,活力ある配色 / 線画: 親しみやすい柔らかな線,カジュアルで読みやすい表現
◆【演出】パソコン作業,スマホ,収入の可視化,必要に応じて集中線,効果線,擬音などのマンガらしい演出
◆【コマ構成】テンプレ4: 2コマ（左・右）
◆【補足情報】服装: タクヤの服装 — 白い無地のTシャツ、自室の白い壁を背景（Zoom・ウェビナー画面越しの指導シーン）
◆【ストーリー】
1コマ目(左): タクヤのZoom画面。タクヤが嬉しそうに聞いている。
2コマ目(右): ミサキが報告している。","[{""panel_id"": 1, ""type"": ""dialogue"", ""speaker"": ""タクヤ"", ""text"": ""おめでとうございます。これがスタートラインです""}, {""panel_id"": 2, ""type"": ""dialogue"", ""speaker"": ""ミサキ"", ""text"": ""タクヤさんの初めての振込はいくらでしたか？""}]","takuya_zoom_mentor"
"41","テンプレ3","◆【注意】【】で囲まれた単語は感情や状況の指示であり、画像内に文字として描画しないでください
◆【絶対最優先】必ずフルカラーにしてください
◆【絶対最優先】必ず日本のアニメ・マンガ調のイラストで描いてください。実写風・フォトリアル風は禁止です。
◆【絶対最優先】キャラクター外見: ミサキは添付のミサキ.pngと100%同一の外見で描画、ケンタは添付のケンタ.pngと100%同一の外見で描画、ひなた（2歳期）は添付のひなた_2歳期.pngと100%同一の外見で描画、タクヤは添付のタクヤ.pngと100%同一の外見で描画
◆【出力サイズ】画像は縦長（高さ:幅＝1:1.4）で生成してください
◆【補足情報】上下左右に50ピクセルの余白を設けてください
◆【作画】ジャンル: 副業に最適化した統一スタイル / 作画スタイル: 親しみやすく実践的,現代的なライフスタイル表現 / 色調: 明るく前向きな色調,オレンジ・青・黄色基調,活力ある配色 / 線画: 親しみやすい柔らかな線,カジュアルで読みやすい表現
◆【演出】パソコン作業,スマホ,収入の可視化,必要に応じて集中線,効果線,擬音などのマンガらしい演出
◆【コマ構成】テンプレ3: 2コマ（上段小・下段大）
◆【補足情報】服装: タクヤの服装 — 白い無地のTシャツ、自室の白い壁を背景（Zoom・ウェビナー画面越しの指導シーン）
◆【ストーリー】
1コマ目(上段小): タクヤが答えている。
2コマ目(下段大): ミサキが驚いている。","[{""panel_id"": 1, ""type"": ""dialogue"", ""speaker"": ""タクヤ"", ""text"": ""320円でした""}, {""panel_id"": 2, ""type"": ""dialogue"", ""speaker"": ""ミサキ"", ""text"": ""320円！""}]","takuya_zoom_mentor"
"42","テンプレ5","◆【注意】【】で囲まれた単語は感情や状況の指示であり、画像内に文字として描画しないでください
◆【絶対最優先】必ずフルカラーにしてください
◆【絶対最優先】必ず日本のアニメ・マンガ調のイラストで描いてください。実写風・フォトリアル風は禁止です。
◆【絶対最優先】キャラクター外見: ミサキは添付のミサキ.pngと100%同一の外見で描画、ケンタは添付のケンタ.pngと100%同一の外見で描画、ひなた（2歳期）は添付のひなた_2歳期.pngと100%同一の外見で描画、タクヤは添付のタクヤ.pngと100%同一の外見で描画
◆【出力サイズ】画像は縦長（高さ:幅＝1:1.4）で生成してください
◆【補足情報】上下左右に50ピクセルの余白を設けてください
◆【作画】ジャンル: 副業に最適化した統一スタイル / 作画スタイル: 親しみやすく実践的,現代的なライフスタイル表現 / 色調: 明るく前向きな色調,オレンジ・青・黄色基調,活力ある配色 / 線画: 親しみやすい柔らかな線,カジュアルで読みやすい表現
◆【演出】パソコン作業,スマホ,収入の可視化,必要に応じて集中線,効果線,擬音などのマンガらしい演出
◆【コマ構成】テンプレ5: 3コマ（上段・中段・下段）
◆【補足情報】服装: ミサキの服装 — ボーダー柄（白と紺）のカットソーにデニムパンツ、白いスニーカー（自宅・外出・育児中の普段着）
◆【ストーリー】
1コマ目(上段): ミサキがひなたを抱き上げている。
2コマ目(中段): ひなたが笑っている。
3コマ目(下段): ミサキが嬉しそうに話しかけている。","[{""panel_id"": 1, ""type"": ""narration"", ""speaker"": null, ""text"": ""ひなたを抱き上げた。""}, {""panel_id"": 2, ""type"": ""dialogue"", ""speaker"": ""ミサキ"", ""text"": ""ひなた、ママね、やったよ。ちょーっとだけ稼いだんだよ""}, {""panel_id"": 3, ""type"": ""narration"", ""speaker"": null, ""text"": ""ひなたはミサキの笑顔を見て笑った。""}]","misaki_casual"
"43","テンプレ3","◆【注意】【】で囲まれた単語は感情や状況の指示であり、画像内に文字として描画しないでください
◆【絶対最優先】必ずフルカラーにしてください
◆【絶対最優先】必ず日本のアニメ・マンガ調のイラストで描いてください。実写風・フォトリアル風は禁止です。
◆【絶対最優先】キャラクター外見: ミサキは添付のミサキ.pngと100%同一の外見で描画、ケンタは添付のケンタ.pngと100%同一の外見で描画、ひなた（2歳期）は添付のひなた_2歳期.pngと100%同一の外見で描画、タクヤは添付のタクヤ.pngと100%同一の外見で描画
◆【出力サイズ】画像は縦長（高さ:幅＝1:1.4）で生成してください
◆【補足情報】上下左右に50ピクセルの余白を設けてください
◆【作画】ジャンル: 副業に最適化した統一スタイル / 作画スタイル: 親しみやすく実践的,現代的なライフスタイル表現 / 色調: 明るく前向きな色調,オレンジ・青・黄色基調,活力ある配色 / 線画: 親しみやすい柔らかな線,カジュアルで読みやすい表現
◆【演出】パソコン作業,スマホ,収入の可視化,必要に応じて集中線,効果線,擬音などのマンガらしい演出
◆【コマ構成】テンプレ3: 2コマ（上段小・下段大）
◆【補足情報】服装: ミサキの服装 — ボーダー柄（白と紺）のカットソーにデニムパンツ、白いスニーカー（自宅・外出・育児中の普段着）
◆【ストーリー】
1コマ目(上段小): ミサキが夜に通帳を見ている。
2コマ目(下段大): ミサキが静かに微笑んでいる。","[{""panel_id"": 1, ""type"": ""narration"", ""speaker"": null, ""text"": ""以前は「減っていく通帳」だった——""}, {""panel_id"": 2, ""type"": ""narration"", ""speaker"": null, ""text"": ""今は「増やしていく通帳」だ。変わったのはミサキ自身。""}]","misaki_casual"
"44","テンプレ5","◆【注意】【】で囲まれた単語は感情や状況の指示であり、画像内に文字として描画しないでください
◆【絶対最優先】必ずフルカラーにしてください
◆【絶対最優先】必ず日本のアニメ・マンガ調のイラストで描いてください。実写風・フォトリアル風は禁止です。
◆【絶対最優先】キャラクター外見: ミサキは添付のミサキ.pngと100%同一の外見で描画、ケンタは添付のケンタ.pngと100%同一の外見で描画、ひなた（2歳期）は添付のひなた_2歳期.pngと100%同一の外見で描画、タクヤは添付のタクヤ.pngと100%同一の外見で描画
◆【出力サイズ】画像は縦長（高さ:幅＝1:1.4）で生成してください
◆【補足情報】上下左右に50ピクセルの余白を設けてください
◆【作画】ジャンル: 副業に最適化した統一スタイル / 作画スタイル: 親しみやすく実践的,現代的なライフスタイル表現 / 色調: 明るく前向きな色調,オレンジ・青・黄色基調,活力ある配色 / 線画: 親しみやすい柔らかな線,カジュアルで読みやすい表現
◆【演出】パソコン作業,スマホ,収入の可視化,必要に応じて集中線,効果線,擬音などのマンガらしい演出
◆【コマ構成】テンプレ5: 3コマ（上段・中段・下段）
◆【補足情報】服装: ケンタの服装 — 白い無地のシャツにベージュのチノパン、茶色の革靴（仕事帰り・夜の帰宅シーン）
◆【ストーリー】
1コマ目(上段): ミサキがケンタに通帳を見せている。
2コマ目(中段): ケンタが驚いた表情で通帳を見ている。
3コマ目(下段): ケンタが笑って応援している。","[{""panel_id"": 1, ""type"": ""dialogue"", ""speaker"": ""ミサキ"", ""text"": ""ケンタ、見て。初めて振り込まれたの""}, {""panel_id"": 2, ""type"": ""dialogue"", ""speaker"": ""ケンタ"", ""text"": ""1,280円……すごいじゃん。本物だ。""}, {""panel_id"": 3, ""type"": ""dialogue"", ""speaker"": ""ケンタ"", ""text"": ""ずっと頑張ってたもんな——よかった""}]","kenta_work_casual"
"45","テンプレ3","◆【注意】【】で囲まれた単語は感情や状況の指示であり、画像内に文字として描画しないでください
◆【絶対最優先】必ずフルカラーにしてください
◆【絶対最優先】必ず日本のアニメ・マンガ調のイラストで描いてください。実写風・フォトリアル風は禁止です。
◆【絶対最優先】キャラクター外見: ミサキは添付のミサキ.pngと100%同一の外見で描画、ケンタは添付のケンタ.pngと100%同一の外見で描画、ひなた（2歳期）は添付のひなた_2歳期.pngと100%同一の外見で描画、タクヤは添付のタクヤ.pngと100%同一の外見で描画
◆【出力サイズ】画像は縦長（高さ:幅＝1:1.4）で生成してください
◆【補足情報】上下左右に50ピクセルの余白を設けてください
◆【作画】ジャンル: 副業に最適化した統一スタイル / 作画スタイル: 親しみやすく実践的,現代的なライフスタイル表現 / 色調: 明るく前向きな色調,オレンジ・青・黄色基調,活力ある配色 / 線画: 親しみやすい柔らかな線,カジュアルで読みやすい表現
◆【演出】パソコン作業,スマホ,収入の可視化,必要に応じて集中線,効果線,擬音などのマンガらしい演出
◆【コマ構成】テンプレ3: 2コマ（上段小・下段大）
◆【補足情報】服装: ケンタの服装 — 白い無地のシャツにベージュのチノパン、茶色の革靴（仕事帰り・夜の帰宅シーン）
◆【ストーリー】
1コマ目(上段小): ケンタが笑いながら言っている。
2コマ目(下段大): ミサキが目を潤ませている。","[{""panel_id"": 1, ""type"": ""dialogue"", ""speaker"": ""ケンタ"", ""text"": ""ずっと応援してたんだよ——言えなかったけど""}, {""panel_id"": 2, ""type"": ""narration"", ""speaker"": null, ""text"": ""その言葉が、ミサキの胸に深く刺さった。""}]","kenta_work_casual"
"46","テンプレ3","◆【注意】【】で囲まれた単語は感情や状況の指示であり、画像内に文字として描画しないでください
◆【絶対最優先】必ずフルカラーにしてください
◆【絶対最優先】必ず日本のアニメ・マンガ調のイラストで描いてください。実写風・フォトリアル風は禁止です。
◆【絶対最優先】キャラクター外見: ミサキは添付のミサキ.pngと100%同一の外見で描画、ケンタは添付のケンタ.pngと100%同一の外見で描画、ひなた（2歳期）は添付のひなた_2歳期.pngと100%同一の外見で描画、タクヤは添付のタクヤ.pngと100%同一の外見で描画
◆【出力サイズ】画像は縦長（高さ:幅＝1:1.4）で生成してください
◆【補足情報】上下左右に50ピクセルの余白を設けてください
◆【作画】ジャンル: 副業に最適化した統一スタイル / 作画スタイル: 親しみやすく実践的,現代的なライフスタイル表現 / 色調: 明るく前向きな色調,オレンジ・青・黄色基調,活力ある配色 / 線画: 親しみやすい柔らかな線,カジュアルで読みやすい表現
◆【演出】パソコン作業,スマホ,収入の可視化,必要に応じて集中線,効果線,擬音などのマンガらしい演出
◆【コマ構成】テンプレ3: 2コマ（上段小・下段大）
◆【補足情報】服装: ミサキの服装 — ボーダー柄（白と紺）のカットソーにデニムパンツ、白いスニーカー（自宅・外出・育児中の普段着）
◆【ストーリー】
1コマ目(上段小): ミサキとケンタが並んで夜の窓の外を見ている。
2コマ目(下段大): 穏やかな夜の空気。","[{""panel_id"": 1, ""type"": ""narration"", ""speaker"": null, ""text"": ""夜が、静かに更けていく。""}, {""panel_id"": 2, ""type"": ""narration"", ""speaker"": null, ""text"": ""1,280円は終わりじゃない——ここからが始まりだ。""}]","misaki_casual"
"47","テキストページ","◆【テキストページ】このページは画像生成不要。EPUB製本時にテキストとして直接レンダリングする。
◆【コラム原文】
コラム⑨：「雇われる」以外の選択肢
——キャリアコンサルタントの視点から

1,280円。

この金額に、ミサキは泣きました。

キャリアコンサルタントとして多くの方の転機に立ち会ってきましたが、「初めて自分で稼いだ瞬間」ほど感動的な場面はありません。そしてその金額は、たいてい驚くほど小さい。

■フリーランス・個人事業主は約462万人

フリーランス・個人事業主の数は約462万人。派遣労働者の3倍以上です。「雇われない働き方」はもう少数派ではない。フリーランス保護法が施行されたのは2024年11月。制度のほうが現実に追いついていなかっただけです。

■自分で選択肢を作る時代

「会社が私の席を用意してくれなかったのは、不幸なことだと思っていた」——ミサキが後にそう言いました。「でも今は思う。あの日退職届を出したから、私は自分の席を見つけられた」。

自分で選択肢を作る時代。大事なのは、自分の可能性を自分で決めつけないこと——。","[]",""
"48","テンプレ1","◆【注意】【】で囲まれた単語は感情や状況の指示であり、画像内に文字として描画しないでください
◆【絶対最優先】必ずフルカラーにしてください
◆【絶対最優先】必ず日本のアニメ・マンガ調のイラストで描いてください。実写風・フォトリアル風は禁止です。
◆【絶対最優先】キャラクター外見: ミサキは添付のミサキ.pngと100%同一の外見で描画、ケンタは添付のケンタ.pngと100%同一の外見で描画、ひなた（2歳期）は添付のひなた_2歳期.pngと100%同一の外見で描画、タクヤは添付のタクヤ.pngと100%同一の外見で描画
◆【出力サイズ】画像は縦長（高さ:幅＝1:1.4）で生成してください
◆【補足情報】上下左右に50ピクセルの余白を設けてください
◆【作画】ジャンル: 副業に最適化した統一スタイル / 作画スタイル: 親しみやすく実践的,現代的なライフスタイル表現 / 色調: 明るく前向きな色調,オレンジ・青・黄色基調,活力ある配色 / 線画: 親しみやすい柔らかな線,カジュアルで読みやすい表現
◆【演出】パソコン作業,スマホ,収入の可視化,必要に応じて集中線,効果線,擬音などのマンガらしい演出
◆【コマ構成】テンプレ1: 1コマ
◆【補足情報】服装: ミサキの服装 — ボーダー柄（白と紺）のカットソーにデニムパンツ、白いスニーカー（自宅・外出・育児中の普段着）
◆【ストーリー】
ミサキが窓の外を見ている。穏やかな表情。夕暮れの暖かい光。","[{""panel_id"": 1, ""type"": ""narration"", ""speaker"": null, ""text"": ""第10話「私のキャリアは、私が決める」""}]","misaki_casual"
"49","テンプレ5","◆【注意】【】で囲まれた単語は感情や状況の指示であり、画像内に文字として描画しないでください
◆【絶対最優先】必ずフルカラーにしてください
◆【絶対最優先】必ず日本のアニメ・マンガ調のイラストで描いてください。実写風・フォトリアル風は禁止です。
◆【絶対最優先】キャラクター外見: ミサキは添付のミサキ.pngと100%同一の外見で描画、ケンタは添付のケンタ.pngと100%同一の外見で描画、ひなた（2歳期）は添付のひなた_2歳期.pngと100%同一の外見で描画、タクヤは添付のタクヤ.pngと100%同一の外見で描画
◆【出力サイズ】画像は縦長（高さ:幅＝1:1.4）で生成してください
◆【補足情報】上下左右に50ピクセルの余白を設けてください
◆【作画】ジャンル: 副業に最適化した統一スタイル / 作画スタイル: 親しみやすく実践的,現代的なライフスタイル表現 / 色調: 明るく前向きな色調,オレンジ・青・黄色基調,活力ある配色 / 線画: 親しみやすい柔らかな線,カジュアルで読みやすい表現
◆【演出】パソコン作業,スマホ,収入の可視化,必要に応じて集中線,効果線,擬音などのマンガらしい演出
◆【コマ構成】テンプレ5: 3コマ（上段・中段・下段）
◆【補足情報】服装: ミサキの服装 — ボーダー柄（白と紺）のカットソーにデニムパンツ、白いスニーカー（自宅・外出・育児中の普段着）
◆【ストーリー】
1コマ目(上段): ひなたが「ジュース！」と言っている。
2コマ目(中段): ミサキがひなたにジュースを渡している。
3コマ目(下段): 二人が笑っている。","[{""panel_id"": 1, ""type"": ""narration"", ""speaker"": null, ""text"": ""初収益から数ヶ月。ひなたは2歳になった。""}, {""panel_id"": 2, ""type"": ""dialogue"", ""speaker"": ""ひなた"", ""text"": ""ジュース！""}, {""panel_id"": 3, ""type"": ""narration"", ""speaker"": null, ""text"": ""言葉が増えた。毎日が少し賑やかになった。""}]","misaki_casual"
"50","テンプレ5","◆【注意】【】で囲まれた単語は感情や状況の指示であり、画像内に文字として描画しないでください
◆【絶対最優先】必ずフルカラーにしてください
◆【絶対最優先】必ず日本のアニメ・マンガ調のイラストで描いてください。実写風・フォトリアル風は禁止です。
◆【絶対最優先】キャラクター外見: ミサキは添付のミサキ.pngと100%同一の外見で描画、ケンタは添付のケンタ.pngと100%同一の外見で描画、ひなた（2歳期）は添付のひなた_2歳期.pngと100%同一の外見で描画、タクヤは添付のタクヤ.pngと100%同一の外見で描画
◆【出力サイズ】画像は縦長（高さ:幅＝1:1.4）で生成してください
◆【補足情報】上下左右に50ピクセルの余白を設けてください
◆【作画】ジャンル: 副業に最適化した統一スタイル / 作画スタイル: 親しみやすく実践的,現代的なライフスタイル表現 / 色調: 明るく前向きな色調,オレンジ・青・黄色基調,活力ある配色 / 線画: 親しみやすい柔らかな線,カジュアルで読みやすい表現
◆【演出】パソコン作業,スマホ,収入の可視化,必要に応じて集中線,効果線,擬音などのマンガらしい演出
◆【コマ構成】テンプレ5: 3コマ（上段・中段・下段）
◆【補足情報】服装: ミサキの服装 — グレーのスウェット上下、髪を緩くまとめ、素足（深夜〜早朝のPC作業・在宅集中タイム）
◆【ストーリー】
1コマ目(上段): スマホにフォロワー800人超の表示。
2コマ目(中段): 月収2〜3万円のグラフ。
3コマ目(下段): ミサキが穏やかな顔でパソコンに向かっている。","[{""panel_id"": 1, ""type"": ""narration"", ""speaker"": null, ""text"": ""フォロワー800人超。月の収益は安定して2〜3万円。""}, {""panel_id"": 2, ""type"": ""narration"", ""speaker"": null, ""text"": ""金額はまだ大きくない——でもゼロから積み上げた。""}, {""panel_id"": 3, ""type"": ""monologue"", ""speaker"": null, ""text"": ""これは全部、自分の手で作ったものだ。""}]","misaki_work_home"
"51","テンプレ5","◆【注意】【】で囲まれた単語は感情や状況の指示であり、画像内に文字として描画しないでください
◆【絶対最優先】必ずフルカラーにしてください
◆【絶対最優先】必ず日本のアニメ・マンガ調のイラストで描いてください。実写風・フォトリアル風は禁止です。
◆【絶対最優先】キャラクター外見: ミサキは添付のミサキ.pngと100%同一の外見で描画、ケンタは添付のケンタ.pngと100%同一の外見で描画、ひなた（2歳期）は添付のひなた_2歳期.pngと100%同一の外見で描画、タクヤは添付のタクヤ.pngと100%同一の外見で描画
◆【出力サイズ】画像は縦長（高さ:幅＝1:1.4）で生成してください
◆【補足情報】上下左右に50ピクセルの余白を設けてください
◆【作画】ジャンル: 副業に最適化した統一スタイル / 作画スタイル: 親しみやすく実践的,現代的なライフスタイル表現 / 色調: 明るく前向きな色調,オレンジ・青・黄色基調,活力ある配色 / 線画: 親しみやすい柔らかな線,カジュアルで読みやすい表現
◆【演出】パソコン作業,スマホ,収入の可視化,必要に応じて集中線,効果線,擬音などのマンガらしい演出
◆【コマ構成】テンプレ5: 3コマ（上段・中段・下段）
◆【補足情報】服装: ミサキの服装 — グレーのスウェット上下、髪を緩くまとめ、素足（深夜〜早朝のPC作業・在宅集中タイム）
◆【ストーリー】
1コマ目(上段): ミサキがClaudeと来月の投稿計画を立てているパソコン画面。
2コマ目(中段): ミサキの手が止まった。
3コマ目(下段): 回想が始まる演出——退職日の記憶。","[{""panel_id"": 1, ""type"": ""narration"", ""speaker"": null, ""text"": ""ある晩、Claudeと来月の投稿計画を立てていると——""}, {""panel_id"": 2, ""type"": ""monologue"", ""speaker"": null, ""text"": ""ふと、手が止まった。""}, {""panel_id"": 3, ""type"": ""narration"", ""speaker"": null, ""text"": ""退職届を出した日を思い出す。""}]","misaki_work_home"
"52","テンプレ5","◆【注意】【】で囲まれた単語は感情や状況の指示であり、画像内に文字として描画しないでください
◆【絶対最優先】必ずフルカラーにしてください
◆【絶対最優先】必ず日本のアニメ・マンガ調のイラストで描いてください。実写風・フォトリアル風は禁止です。
◆【絶対最優先】キャラクター外見: ミサキは添付のミサキ.pngと100%同一の外見で描画、ケンタは添付のケンタ.pngと100%同一の外見で描画、ひなた（2歳期）は添付のひなた_2歳期.pngと100%同一の外見で描画、タクヤは添付のタクヤ.pngと100%同一の外見で描画
◆【出力サイズ】画像は縦長（高さ:幅＝1:1.4）で生成してください
◆【補足情報】上下左右に50ピクセルの余白を設けてください
◆【作画】ジャンル: 副業に最適化した統一スタイル / 作画スタイル: 親しみやすく実践的,現代的なライフスタイル表現 / 色調: 明るく前向きな色調,オレンジ・青・黄色基調,活力ある配色 / 線画: 親しみやすい柔らかな線,カジュアルで読みやすい表現
◆【演出】パソコン作業,スマホ,収入の可視化,必要に応じて集中線,効果線,擬音などのマンガらしい演出
◆【コマ構成】テンプレ5: 3コマ（上段・中段・下段）
◆【補足情報】服装: ミサキの服装 — 紺のジャケットに白ブラウス、黒いスラックス、パンプス（OL時代・退職日・過去回想シーン）
◆【ストーリー】
1コマ目(上段): 回想（過去）。ミサキが退職届を提出している。紺スーツ姿。
2コマ目(中段): 段ボールを抱えてビルを出る日。
3コマ目(下段): 一人でバスに乗って帰る後ろ姿。","[{""panel_id"": 1, ""type"": ""narration"", ""speaker"": null, ""text"": ""退職届を出した日を思い出す。""}, {""panel_id"": 2, ""type"": ""narration"", ""speaker"": null, ""text"": ""段ボールを抱えてビルを出た日——""}, {""panel_id"": 3, ""type"": ""narration"", ""speaker"": null, ""text"": ""あの日から、どれくらい歩いただろう。""}]","misaki_formal"
"53","テンプレ3","◆【注意】【】で囲まれた単語は感情や状況の指示であり、画像内に文字として描画しないでください
◆【絶対最優先】必ずフルカラーにしてください
◆【絶対最優先】必ず日本のアニメ・マンガ調のイラストで描いてください。実写風・フォトリアル風は禁止です。
◆【絶対最優先】キャラクター外見: ミサキは添付のミサキ.pngと100%同一の外見で描画、ケンタは添付のケンタ.pngと100%同一の外見で描画、ひなた（2歳期）は添付のひなた_2歳期.pngと100%同一の外見で描画、タクヤは添付のタクヤ.pngと100%同一の外見で描画
◆【出力サイズ】画像は縦長（高さ:幅＝1:1.4）で生成してください
◆【補足情報】上下左右に50ピクセルの余白を設けてください
◆【作画】ジャンル: 副業に最適化した統一スタイル / 作画スタイル: 親しみやすく実践的,現代的なライフスタイル表現 / 色調: 明るく前向きな色調,オレンジ・青・黄色基調,活力ある配色 / 線画: 親しみやすい柔らかな線,カジュアルで読みやすい表現
◆【演出】パソコン作業,スマホ,収入の可視化,必要に応じて集中線,効果線,擬音などのマンガらしい演出
◆【コマ構成】テンプレ3: 2コマ（上段小・下段大）
◆【補足情報】服装: ミサキの服装 — 紺のジャケットに白ブラウス、黒いスラックス、パンプス（OL時代・退職日・過去回想シーン）
◆【ストーリー】
1コマ目(上段小): あの日のミサキが空っぽの表情で座っている（回想）。
2コマ目(下段大): 名刺が手の中にない場面。","[{""panel_id"": 1, ""type"": ""narration"", ""speaker"": null, ""text"": ""名刺がなくなったとき、怖かった。""}, {""panel_id"": 2, ""type"": ""narration"", ""speaker"": null, ""text"": ""何者でもない自分が怖くて仕方なかった。""}]","misaki_formal"
"54","テンプレ1","◆【注意】【】で囲まれた単語は感情や状況の指示であり、画像内に文字として描画しないでください
◆【絶対最優先】必ずフルカラーにしてください
◆【絶対最優先】必ず日本のアニメ・マンガ調のイラストで描いてください。実写風・フォトリアル風は禁止です。
◆【絶対最優先】キャラクター外見: ミサキは添付のミサキ.pngと100%同一の外見で描画、ケンタは添付のケンタ.pngと100%同一の外見で描画、ひなた（2歳期）は添付のひなた_2歳期.pngと100%同一の外見で描画、タクヤは添付のタクヤ.pngと100%同一の外見で描画
◆【出力サイズ】画像は縦長（高さ:幅＝1:1.4）で生成してください
◆【補足情報】上下左右に50ピクセルの余白を設けてください
◆【作画】ジャンル: 副業に最適化した統一スタイル / 作画スタイル: 親しみやすく実践的,現代的なライフスタイル表現 / 色調: 明るく前向きな色調,オレンジ・青・黄色基調,活力ある配色 / 線画: 親しみやすい柔らかな線,カジュアルで読みやすい表現
◆【演出】パソコン作業,スマホ,収入の可視化,必要に応じて集中線,効果線,擬音などのマンガらしい演出
◆【コマ構成】テンプレ1: 1コマ
◆【補足情報】服装: ミサキの服装 — グレーのスウェット上下、髪を緩くまとめ、素足（深夜〜早朝のPC作業・在宅集中タイム）
◆【ストーリー】
窓ガラスにミサキの顔が映っている。名刺も肩書きもない。でも揺るぎない表情。","[{""panel_id"": 1, ""type"": ""monologue"", ""speaker"": null, ""text"": ""名刺はない。でも自分が何をしているか——分かっている。""}]","misaki_work_home"
"55","テンプレ5","◆【注意】【】で囲まれた単語は感情や状況の指示であり、画像内に文字として描画しないでください
◆【絶対最優先】必ずフルカラーにしてください
◆【絶対最優先】必ず日本のアニメ・マンガ調のイラストで描いてください。実写風・フォトリアル風は禁止です。
◆【絶対最優先】キャラクター外見: ミサキは添付のミサキ.pngと100%同一の外見で描画、ケンタは添付のケンタ.pngと100%同一の外見で描画、ひなた（2歳期）は添付のひなた_2歳期.pngと100%同一の外見で描画、タクヤは添付のタクヤ.pngと100%同一の外見で描画
◆【出力サイズ】画像は縦長（高さ:幅＝1:1.4）で生成してください
◆【補足情報】上下左右に50ピクセルの余白を設けてください
◆【作画】ジャンル: 副業に最適化した統一スタイル / 作画スタイル: 親しみやすく実践的,現代的なライフスタイル表現 / 色調: 明るく前向きな色調,オレンジ・青・黄色基調,活力ある配色 / 線画: 親しみやすい柔らかな線,カジュアルで読みやすい表現
◆【演出】パソコン作業,スマホ,収入の可視化,必要に応じて集中線,効果線,擬音などのマンガらしい演出
◆【コマ構成】テンプレ5: 3コマ（上段・中段・下段）
◆【補足情報】服装: ミサキの服装 — ボーダー柄（白と紺）のカットソーにデニムパンツ、白いスニーカー（自宅・外出・育児中の普段着）
◆【ストーリー】
1コマ目(上段): ミサキとゆかりさんが公園のベンチで話している。
2コマ目(中段): ゆかりさんが驚いた表情。
3コマ目(下段): ミサキが答えている。","[{""panel_id"": 1, ""type"": ""dialogue"", ""speaker"": ""ゆかりさん"", ""text"": ""ミサキちゃん、最近何やってるの？""}, {""panel_id"": 2, ""type"": ""dialogue"", ""speaker"": ""ミサキ"", ""text"": ""Instagramで育児のこと発信してて。AIも使ってるの""}, {""panel_id"": 3, ""type"": ""dialogue"", ""speaker"": ""ゆかりさん"", ""text"": ""えー！すごい！フォロワー何人？""}]","misaki_casual"
"56","テンプレ5","◆【注意】【】で囲まれた単語は感情や状況の指示であり、画像内に文字として描画しないでください
◆【絶対最優先】必ずフルカラーにしてください
◆【絶対最優先】必ず日本のアニメ・マンガ調のイラストで描いてください。実写風・フォトリアル風は禁止です。
◆【絶対最優先】キャラクター外見: ミサキは添付のミサキ.pngと100%同一の外見で描画、ケンタは添付のケンタ.pngと100%同一の外見で描画、ひなた（2歳期）は添付のひなた_2歳期.pngと100%同一の外見で描画、タクヤは添付のタクヤ.pngと100%同一の外見で描画
◆【出力サイズ】画像は縦長（高さ:幅＝1:1.4）で生成してください
◆【補足情報】上下左右に50ピクセルの余白を設けてください
◆【作画】ジャンル: 副業に最適化した統一スタイル / 作画スタイル: 親しみやすく実践的,現代的なライフスタイル表現 / 色調: 明るく前向きな色調,オレンジ・青・黄色基調,活力ある配色 / 線画: 親しみやすい柔らかな線,カジュアルで読みやすい表現
◆【演出】パソコン作業,スマホ,収入の可視化,必要に応じて集中線,効果線,擬音などのマンガらしい演出
◆【コマ構成】テンプレ5: 3コマ（上段・中段・下段）
◆【補足情報】服装: ミサキの服装 — ボーダー柄（白と紺）のカットソーにデニムパンツ、白いスニーカー（自宅・外出・育児中の普段着）
◆【ストーリー】
1コマ目(上段): ミサキが答えている。
2コマ目(中段): ゆかりさんが目を丸くしている。
3コマ目(下段): ゆかりさんが続けて言っている。","[{""panel_id"": 1, ""type"": ""dialogue"", ""speaker"": ""ミサキ"", ""text"": ""800人くらい""}, {""panel_id"": 2, ""type"": ""dialogue"", ""speaker"": ""ゆかりさん"", ""text"": ""800人！？私47人だよ！？""}, {""panel_id"": 3, ""type"": ""dialogue"", ""speaker"": ""ゆかりさん"", ""text"": ""事務やってたから資料まとめるの上手そうだもんね""}]","misaki_casual"
"57","テンプレ3","◆【注意】【】で囲まれた単語は感情や状況の指示であり、画像内に文字として描画しないでください
◆【絶対最優先】必ずフルカラーにしてください
◆【絶対最優先】必ず日本のアニメ・マンガ調のイラストで描いてください。実写風・フォトリアル風は禁止です。
◆【絶対最優先】キャラクター外見: ミサキは添付のミサキ.pngと100%同一の外見で描画、ケンタは添付のケンタ.pngと100%同一の外見で描画、ひなた（2歳期）は添付のひなた_2歳期.pngと100%同一の外見で描画、タクヤは添付のタクヤ.pngと100%同一の外見で描画
◆【出力サイズ】画像は縦長（高さ:幅＝1:1.4）で生成してください
◆【補足情報】上下左右に50ピクセルの余白を設けてください
◆【作画】ジャンル: 副業に最適化した統一スタイル / 作画スタイル: 親しみやすく実践的,現代的なライフスタイル表現 / 色調: 明るく前向きな色調,オレンジ・青・黄色基調,活力ある配色 / 線画: 親しみやすい柔らかな線,カジュアルで読みやすい表現
◆【演出】パソコン作業,スマホ,収入の可視化,必要に応じて集中線,効果線,擬音などのマンガらしい演出
◆【コマ構成】テンプレ3: 2コマ（上段小・下段大）
◆【補足情報】服装: ミサキの服装 — ボーダー柄（白と紺）のカットソーにデニムパンツ、白いスニーカー（自宅・外出・育児中の普段着）
◆【ストーリー】
1コマ目(上段小): ミサキが自然な笑顔で答えている。
2コマ目(下段大): ミサキが軽やかな足取りで歩いている。","[{""panel_id"": 1, ""type"": ""dialogue"", ""speaker"": ""ミサキ"", ""text"": ""うん、事務の経験、めちゃくちゃ役に立ってるよ""}, {""panel_id"": 2, ""type"": ""narration"", ""speaker"": null, ""text"": ""半年前なら傷ついた言葉——今は自然に言えた。""}]","misaki_casual"
"58","テンプレ5","◆【注意】【】で囲まれた単語は感情や状況の指示であり、画像内に文字として描画しないでください
◆【絶対最優先】必ずフルカラーにしてください
◆【絶対最優先】必ず日本のアニメ・マンガ調のイラストで描いてください。実写風・フォトリアル風は禁止です。
◆【絶対最優先】キャラクター外見: ミサキは添付のミサキ.pngと100%同一の外見で描画、ケンタは添付のケンタ.pngと100%同一の外見で描画、ひなた（2歳期）は添付のひなた_2歳期.pngと100%同一の外見で描画、タクヤは添付のタクヤ.pngと100%同一の外見で描画
◆【出力サイズ】画像は縦長（高さ:幅＝1:1.4）で生成してください
◆【補足情報】上下左右に50ピクセルの余白を設けてください
◆【作画】ジャンル: 副業に最適化した統一スタイル / 作画スタイル: 親しみやすく実践的,現代的なライフスタイル表現 / 色調: 明るく前向きな色調,オレンジ・青・黄色基調,活力ある配色 / 線画: 親しみやすい柔らかな線,カジュアルで読みやすい表現
◆【演出】パソコン作業,スマホ,収入の可視化,必要に応じて集中線,効果線,擬音などのマンガらしい演出
◆【コマ構成】テンプレ5: 3コマ（上段・中段・下段）
◆【補足情報】服装: ミサキの服装 — ボーダー柄（白と紺）のカットソーにデニムパンツ、白いスニーカー（自宅・外出・育児中の普段着）
◆【ストーリー】
1コマ目(上段): ミサキがひなたの手を引いて公園から帰っている。
2コマ目(中段): ひなたが落ち葉を拾っている。
3コマ目(下段): ミサキが穏やかに空を見上げている。","[{""panel_id"": 1, ""type"": ""narration"", ""speaker"": null, ""text"": ""ひなたの手はいつの間にかしっかりした。""}, {""panel_id"": 2, ""type"": ""narration"", ""speaker"": null, ""text"": ""ゆっくり、でも確実に、二人で歩いてきた。""}, {""panel_id"": 3, ""type"": ""monologue"", ""speaker"": null, ""text"": ""この道のりが——私のキャリアだったんだ。""}]","misaki_casual"
"59","テンプレ5","◆【注意】【】で囲まれた単語は感情や状況の指示であり、画像内に文字として描画しないでください
◆【絶対最優先】必ずフルカラーにしてください
◆【絶対最優先】必ず日本のアニメ・マンガ調のイラストで描いてください。実写風・フォトリアル風は禁止です。
◆【絶対最優先】キャラクター外見: ミサキは添付のミサキ.pngと100%同一の外見で描画、ケンタは添付のケンタ.pngと100%同一の外見で描画、ひなた（2歳期）は添付のひなた_2歳期.pngと100%同一の外見で描画、タクヤは添付のタクヤ.pngと100%同一の外見で描画
◆【出力サイズ】画像は縦長（高さ:幅＝1:1.4）で生成してください
◆【補足情報】上下左右に50ピクセルの余白を設けてください
◆【作画】ジャンル: 副業に最適化した統一スタイル / 作画スタイル: 親しみやすく実践的,現代的なライフスタイル表現 / 色調: 明るく前向きな色調,オレンジ・青・黄色基調,活力ある配色 / 線画: 親しみやすい柔らかな線,カジュアルで読みやすい表現
◆【演出】パソコン作業,スマホ,収入の可視化,必要に応じて集中線,効果線,擬音などのマンガらしい演出
◆【コマ構成】テンプレ5: 3コマ（上段・中段・下段）
◆【補足情報】服装: ミサキの服装 — ボーダー柄（白と紺）のカットソーにデニムパンツ、白いスニーカー（自宅・外出・育児中の普段着）
◆【ストーリー】
1コマ目(上段): ひなたがミサキに「おかあさん、なにしてるの？」と聞いている。
2コマ目(中段): ミサキが笑顔で答えている。
3コマ目(下段): ひなたが満足そうに頷いている。","[{""panel_id"": 1, ""type"": ""dialogue"", ""speaker"": ""ひなた"", ""text"": ""おかあさん、なにしてるの？""}, {""panel_id"": 2, ""type"": ""dialogue"", ""speaker"": ""ミサキ"", ""text"": ""お仕事——ひなたのためのお仕事だよ""}, {""panel_id"": 3, ""type"": ""narration"", ""speaker"": null, ""text"": ""ひなたは「ふーん」と頷いて、また遊びに戻った。""}]","misaki_casual"
"60","テンプレ3","◆【注意】【】で囲まれた単語は感情や状況の指示であり、画像内に文字として描画しないでください
◆【絶対最優先】必ずフルカラーにしてください
◆【絶対最優先】必ず日本のアニメ・マンガ調のイラストで描いてください。実写風・フォトリアル風は禁止です。
◆【絶対最優先】キャラクター外見: ミサキは添付のミサキ.pngと100%同一の外見で描画、ケンタは添付のケンタ.pngと100%同一の外見で描画、ひなた（2歳期）は添付のひなた_2歳期.pngと100%同一の外見で描画、タクヤは添付のタクヤ.pngと100%同一の外見で描画
◆【出力サイズ】画像は縦長（高さ:幅＝1:1.4）で生成してください
◆【補足情報】上下左右に50ピクセルの余白を設けてください
◆【作画】ジャンル: 副業に最適化した統一スタイル / 作画スタイル: 親しみやすく実践的,現代的なライフスタイル表現 / 色調: 明るく前向きな色調,オレンジ・青・黄色基調,活力ある配色 / 線画: 親しみやすい柔らかな線,カジュアルで読みやすい表現
◆【演出】パソコン作業,スマホ,収入の可視化,必要に応じて集中線,効果線,擬音などのマンガらしい演出
◆【コマ構成】テンプレ3: 2コマ（上段小・下段大）
◆【補足情報】服装: ミサキの服装 — グレーのスウェット上下、髪を緩くまとめ、素足（深夜〜早朝のPC作業・在宅集中タイム）
◆【ストーリー】
1コマ目(上段小): ミサキがパソコンの画面をそっと閉じている。
2コマ目(下段大): 夜の静かな部屋。柔らかな光。","[{""panel_id"": 1, ""type"": ""narration"", ""speaker"": null, ""text"": ""今夜の分の仕事が終わった。""}, {""panel_id"": 2, ""type"": ""narration"", ""speaker"": null, ""text"": ""また明日——その言葉が、今は怖くない。""}]","misaki_work_home"
"61","テンプレ5","◆【注意】【】で囲まれた単語は感情や状況の指示であり、画像内に文字として描画しないでください
◆【絶対最優先】必ずフルカラーにしてください
◆【絶対最優先】必ず日本のアニメ・マンガ調のイラストで描いてください。実写風・フォトリアル風は禁止です。
◆【絶対最優先】キャラクター外見: ミサキは添付のミサキ.pngと100%同一の外見で描画、ケンタは添付のケンタ.pngと100%同一の外見で描画、ひなた（2歳期）は添付のひなた_2歳期.pngと100%同一の外見で描画、タクヤは添付のタクヤ.pngと100%同一の外見で描画
◆【出力サイズ】画像は縦長（高さ:幅＝1:1.4）で生成してください
◆【補足情報】上下左右に50ピクセルの余白を設けてください
◆【作画】ジャンル: 副業に最適化した統一スタイル / 作画スタイル: 親しみやすく実践的,現代的なライフスタイル表現 / 色調: 明るく前向きな色調,オレンジ・青・黄色基調,活力ある配色 / 線画: 親しみやすい柔らかな線,カジュアルで読みやすい表現
◆【演出】パソコン作業,スマホ,収入の可視化,必要に応じて集中線,効果線,擬音などのマンガらしい演出
◆【コマ構成】テンプレ5: 3コマ（上段・中段・下段）
◆【補足情報】服装: タクヤの服装 — 白い無地のTシャツ、自室の白い壁を背景（Zoom・ウェビナー画面越しの指導シーン）
◆【ストーリー】
1コマ目(上段): タクヤとの定期面談の場面。
2コマ目(中段): タクヤが問いかけている。
3コマ目(下段): ミサキが少し考えている。","[{""panel_id"": 1, ""type"": ""narration"", ""speaker"": null, ""text"": ""タクヤとの定期面談。""}, {""panel_id"": 2, ""type"": ""dialogue"", ""speaker"": ""タクヤ"", ""text"": ""最初に言った言葉、覚えてますか？""}, {""panel_id"": 3, ""type"": ""narration"", ""speaker"": null, ""text"": ""ミサキは少し考えた——""}]","takuya_zoom_mentor"
"62","テンプレ5","◆【注意】【】で囲まれた単語は感情や状況の指示であり、画像内に文字として描画しないでください
◆【絶対最優先】必ずフルカラーにしてください
◆【絶対最優先】必ず日本のアニメ・マンガ調のイラストで描いてください。実写風・フォトリアル風は禁止です。
◆【絶対最優先】キャラクター外見: ミサキは添付のミサキ.pngと100%同一の外見で描画、ケンタは添付のケンタ.pngと100%同一の外見で描画、ひなた（2歳期）は添付のひなた_2歳期.pngと100%同一の外見で描画、タクヤは添付のタクヤ.pngと100%同一の外見で描画
◆【出力サイズ】画像は縦長（高さ:幅＝1:1.4）で生成してください
◆【補足情報】上下左右に50ピクセルの余白を設けてください
◆【作画】ジャンル: 副業に最適化した統一スタイル / 作画スタイル: 親しみやすく実践的,現代的なライフスタイル表現 / 色調: 明るく前向きな色調,オレンジ・青・黄色基調,活力ある配色 / 線画: 親しみやすい柔らかな線,カジュアルで読みやすい表現
◆【演出】パソコン作業,スマホ,収入の可視化,必要に応じて集中線,効果線,擬音などのマンガらしい演出
◆【コマ構成】テンプレ5: 3コマ（上段・中段・下段）
◆【補足情報】服装: ミサキの服装 — グレーのスウェット上下、髪を緩くまとめ、素足（深夜〜早朝のPC作業・在宅集中タイム）
◆【ストーリー】
1コマ目(上段): ミサキが答えている。
2コマ目(中段): タクヤが静かに聞いている。
3コマ目(下段): ミサキが首を横に振っている。","[{""panel_id"": 1, ""type"": ""dialogue"", ""speaker"": ""ミサキ"", ""text"": ""「事務しかできない」って言いました""}, {""panel_id"": 2, ""type"": ""dialogue"", ""speaker"": ""タクヤ"", ""text"": ""今でもそう思いますか？""}, {""panel_id"": 3, ""type"": ""dialogue"", ""speaker"": ""ミサキ"", ""text"": ""……思いません。自分の見方が変わったんです""}]","misaki_work_home"
"63","テンプレ1","◆【注意】【】で囲まれた単語は感情や状況の指示であり、画像内に文字として描画しないでください
◆【絶対最優先】必ずフルカラーにしてください
◆【絶対最優先】必ず日本のアニメ・マンガ調のイラストで描いてください。実写風・フォトリアル風は禁止です。
◆【絶対最優先】キャラクター外見: ミサキは添付のミサキ.pngと100%同一の外見で描画、ケンタは添付のケンタ.pngと100%同一の外見で描画、ひなた（2歳期）は添付のひなた_2歳期.pngと100%同一の外見で描画、タクヤは添付のタクヤ.pngと100%同一の外見で描画
◆【出力サイズ】画像は縦長（高さ:幅＝1:1.4）で生成してください
◆【補足情報】上下左右に50ピクセルの余白を設けてください
◆【作画】ジャンル: 副業に最適化した統一スタイル / 作画スタイル: 親しみやすく実践的,現代的なライフスタイル表現 / 色調: 明るく前向きな色調,オレンジ・青・黄色基調,活力ある配色 / 線画: 親しみやすい柔らかな線,カジュアルで読みやすい表現
◆【演出】パソコン作業,スマホ,収入の可視化,必要に応じて集中線,効果線,擬音などのマンガらしい演出
◆【コマ構成】テンプレ1: 1コマ
◆【補足情報】服装: タクヤの服装 — 白い無地のTシャツ、自室の白い壁を背景（Zoom・ウェビナー画面越しの指導シーン）
◆【ストーリー】
タクヤが穏やかに、でも力強く答えている。感動的な一場面。","[{""panel_id"": 1, ""type"": ""dialogue"", ""speaker"": ""タクヤ"", ""text"": ""自分の見方が変わった——それが全てですよ、佐藤さん。""}]","takuya_zoom_mentor"
"64","テンプレ5","◆【注意】【】で囲まれた単語は感情や状況の指示であり、画像内に文字として描画しないでください
◆【絶対最優先】必ずフルカラーにしてください
◆【絶対最優先】必ず日本のアニメ・マンガ調のイラストで描いてください。実写風・フォトリアル風は禁止です。
◆【絶対最優先】キャラクター外見: ミサキは添付のミサキ.pngと100%同一の外見で描画、ケンタは添付のケンタ.pngと100%同一の外見で描画、ひなた（2歳期）は添付のひなた_2歳期.pngと100%同一の外見で描画、タクヤは添付のタクヤ.pngと100%同一の外見で描画
◆【出力サイズ】画像は縦長（高さ:幅＝1:1.4）で生成してください
◆【補足情報】上下左右に50ピクセルの余白を設けてください
◆【作画】ジャンル: 副業に最適化した統一スタイル / 作画スタイル: 親しみやすく実践的,現代的なライフスタイル表現 / 色調: 明るく前向きな色調,オレンジ・青・黄色基調,活力ある配色 / 線画: 親しみやすい柔らかな線,カジュアルで読みやすい表現
◆【演出】パソコン作業,スマホ,収入の可視化,必要に応じて集中線,効果線,擬音などのマンガらしい演出
◆【コマ構成】テンプレ5: 3コマ（上段・中段・下段）
◆【補足情報】服装: ミサキの服装 — グレーのスウェット上下、髪を緩くまとめ、素足（深夜〜早朝のPC作業・在宅集中タイム）
◆【ストーリー】
1コマ目(上段): ひなたを寝かしつけているミサキ。
2コマ目(中段): ミサキがパソコンを開いている。
3コマ目(下段): Claudeのインターフェース画面。","[{""panel_id"": 1, ""type"": ""narration"", ""speaker"": null, ""text"": ""夜。ひなたを寝かしつけた後、パソコンを開く。""}, {""panel_id"": 2, ""type"": ""narration"", ""speaker"": null, ""text"": ""いつものルーティンが当たり前になっていた。""}, {""panel_id"": 3, ""type"": ""narration"", ""speaker"": null, ""text"": ""Claudeとの作業が、日常の一部になっていた。""}]","misaki_work_home"
"65","テンプレ4","◆【注意】【】で囲まれた単語は感情や状況の指示であり、画像内に文字として描画しないでください
◆【絶対最優先】必ずフルカラーにしてください
◆【絶対最優先】必ず日本のアニメ・マンガ調のイラストで描いてください。実写風・フォトリアル風は禁止です。
◆【絶対最優先】キャラクター外見: ミサキは添付のミサキ.pngと100%同一の外見で描画、ケンタは添付のケンタ.pngと100%同一の外見で描画、ひなた（2歳期）は添付のひなた_2歳期.pngと100%同一の外見で描画、タクヤは添付のタクヤ.pngと100%同一の外見で描画
◆【出力サイズ】画像は縦長（高さ:幅＝1:1.4）で生成してください
◆【補足情報】上下左右に50ピクセルの余白を設けてください
◆【作画】ジャンル: 副業に最適化した統一スタイル / 作画スタイル: 親しみやすく実践的,現代的なライフスタイル表現 / 色調: 明るく前向きな色調,オレンジ・青・黄色基調,活力ある配色 / 線画: 親しみやすい柔らかな線,カジュアルで読みやすい表現
◆【演出】パソコン作業,スマホ,収入の可視化,必要に応じて集中線,効果線,擬音などのマンガらしい演出
◆【コマ構成】テンプレ4: 2コマ（左・右）
◆【補足情報】服装: ミサキの服装 — グレーのスウェット上下、髪を緩くまとめ、素足（深夜〜早朝のPC作業・在宅集中タイム）
◆【ストーリー】
1コマ目(左): 半年前の緊張したミサキ（セピア色・過去）。
2コマ目(右): 今の自然なミサキ。","[{""panel_id"": 1, ""type"": ""narration"", ""speaker"": null, ""text"": ""半年前は「AIを使う」ことがイベントだった——""}, {""panel_id"": 2, ""type"": ""narration"", ""speaker"": null, ""text"": ""今は日常だ。当たり前に使っている。""}]","misaki_work_home"
"66","テンプレ5","◆【注意】【】で囲まれた単語は感情や状況の指示であり、画像内に文字として描画しないでください
◆【絶対最優先】必ずフルカラーにしてください
◆【絶対最優先】必ず日本のアニメ・マンガ調のイラストで描いてください。実写風・フォトリアル風は禁止です。
◆【絶対最優先】キャラクター外見: ミサキは添付のミサキ.pngと100%同一の外見で描画、ケンタは添付のケンタ.pngと100%同一の外見で描画、ひなた（2歳期）は添付のひなた_2歳期.pngと100%同一の外見で描画、タクヤは添付のタクヤ.pngと100%同一の外見で描画
◆【出力サイズ】画像は縦長（高さ:幅＝1:1.4）で生成してください
◆【補足情報】上下左右に50ピクセルの余白を設けてください
◆【作画】ジャンル: 副業に最適化した統一スタイル / 作画スタイル: 親しみやすく実践的,現代的なライフスタイル表現 / 色調: 明るく前向きな色調,オレンジ・青・黄色基調,活力ある配色 / 線画: 親しみやすい柔らかな線,カジュアルで読みやすい表現
◆【演出】パソコン作業,スマホ,収入の可視化,必要に応じて集中線,効果線,擬音などのマンガらしい演出
◆【コマ構成】テンプレ5: 3コマ（上段・中段・下段）
◆【補足情報】服装: ミサキの服装 — グレーのスウェット上下、髪を緩くまとめ、素足（深夜〜早朝のPC作業・在宅集中タイム）
◆【ストーリー】
1コマ目(上段): 窓ガラスにミサキの顔が映る。
2コマ目(中段): ミサキが自分の顔を見つめている。
3コマ目(下段): 静かに微笑んでいる。","[{""panel_id"": 1, ""type"": ""narration"", ""speaker"": null, ""text"": ""窓ガラスに自分の顔が映る。""}, {""panel_id"": 2, ""type"": ""narration"", ""speaker"": null, ""text"": ""名刺はない。肩書きもない。""}, {""panel_id"": 3, ""type"": ""narration"", ""speaker"": null, ""text"": ""でも、それで十分だった。""}]","misaki_work_home"
"67","テンプレ5","◆【注意】【】で囲まれた単語は感情や状況の指示であり、画像内に文字として描画しないでください
◆【絶対最優先】必ずフルカラーにしてください
◆【絶対最優先】必ず日本のアニメ・マンガ調のイラストで描いてください。実写風・フォトリアル風は禁止です。
◆【絶対最優先】キャラクター外見: ミサキは添付のミサキ.pngと100%同一の外見で描画、ケンタは添付のケンタ.pngと100%同一の外見で描画、ひなた（2歳期）は添付のひなた_2歳期.pngと100%同一の外見で描画、タクヤは添付のタクヤ.pngと100%同一の外見で描画
◆【出力サイズ】画像は縦長（高さ:幅＝1:1.4）で生成してください
◆【補足情報】上下左右に50ピクセルの余白を設けてください
◆【作画】ジャンル: 副業に最適化した統一スタイル / 作画スタイル: 親しみやすく実践的,現代的なライフスタイル表現 / 色調: 明るく前向きな色調,オレンジ・青・黄色基調,活力ある配色 / 線画: 親しみやすい柔らかな線,カジュアルで読みやすい表現
◆【演出】パソコン作業,スマホ,収入の可視化,必要に応じて集中線,効果線,擬音などのマンガらしい演出
◆【コマ構成】テンプレ5: 3コマ（上段・中段・下段）
◆【補足情報】服装: ミサキの服装 — ボーダー柄（白と紺）のカットソーにデニムパンツ、白いスニーカー（自宅・外出・育児中の普段着）
◆【ストーリー】
1コマ目(上段): ミサキがひなたの部屋を覗く。
2コマ目(中段): 布団からはみ出したひなたの小さな足。
3コマ目(下段): ミサキが優しく布団をかけ直している。","[{""panel_id"": 1, ""type"": ""narration"", ""speaker"": null, ""text"": ""ひなたの部屋を覗いた。""}, {""panel_id"": 2, ""type"": ""narration"", ""speaker"": null, ""text"": ""布団からはみ出した小さな体——""}, {""panel_id"": 3, ""type"": ""narration"", ""speaker"": null, ""text"": ""そっと布団をかけ直す。""}]","misaki_casual"
"68","テンプレ1","◆【注意】【】で囲まれた単語は感情や状況の指示であり、画像内に文字として描画しないでください
◆【絶対最優先】必ずフルカラーにしてください
◆【絶対最優先】必ず日本のアニメ・マンガ調のイラストで描いてください。実写風・フォトリアル風は禁止です。
◆【絶対最優先】キャラクター外見: ミサキは添付のミサキ.pngと100%同一の外見で描画、ケンタは添付のケンタ.pngと100%同一の外見で描画、ひなた（2歳期）は添付のひなた_2歳期.pngと100%同一の外見で描画、タクヤは添付のタクヤ.pngと100%同一の外見で描画
◆【出力サイズ】画像は縦長（高さ:幅＝1:1.4）で生成してください
◆【補足情報】上下左右に50ピクセルの余白を設けてください
◆【作画】ジャンル: 副業に最適化した統一スタイル / 作画スタイル: 親しみやすく実践的,現代的なライフスタイル表現 / 色調: 明るく前向きな色調,オレンジ・青・黄色基調,活力ある配色 / 線画: 親しみやすい柔らかな線,カジュアルで読みやすい表現
◆【演出】パソコン作業,スマホ,収入の可視化,必要に応じて集中線,効果線,擬音などのマンガらしい演出
◆【コマ構成】テンプレ1: 1コマ
◆【補足情報】服装: ミサキの服装 — ボーダー柄（白と紺）のカットソーにデニムパンツ、白いスニーカー（自宅・外出・育児中の普段着）
◆【ストーリー】
ミサキがひなたを見下ろしている後ろ姿。暖かい光。静かな夜。","[{""panel_id"": 1, ""type"": ""monologue"", ""speaker"": null, ""text"": ""会社が私の席を用意してくれなかった——""}]","misaki_casual"
"69","テンプレ1","◆【注意】【】で囲まれた単語は感情や状況の指示であり、画像内に文字として描画しないでください
◆【絶対最優先】必ずフルカラーにしてください
◆【絶対最優先】必ず日本のアニメ・マンガ調のイラストで描いてください。実写風・フォトリアル風は禁止です。
◆【絶対最優先】キャラクター外見: ミサキは添付のミサキ.pngと100%同一の外見で描画、ケンタは添付のケンタ.pngと100%同一の外見で描画、ひなた（2歳期）は添付のひなた_2歳期.pngと100%同一の外見で描画、タクヤは添付のタクヤ.pngと100%同一の外見で描画
◆【出力サイズ】画像は縦長（高さ:幅＝1:1.4）で生成してください
◆【補足情報】上下左右に50ピクセルの余白を設けてください
◆【作画】ジャンル: 副業に最適化した統一スタイル / 作画スタイル: 親しみやすく実践的,現代的なライフスタイル表現 / 色調: 明るく前向きな色調,オレンジ・青・黄色基調,活力ある配色 / 線画: 親しみやすい柔らかな線,カジュアルで読みやすい表現
◆【演出】パソコン作業,スマホ,収入の可視化,必要に応じて集中線,効果線,擬音などのマンガらしい演出
◆【コマ構成】テンプレ1: 1コマ
◆【補足情報】服装: ミサキの服装 — ボーダー柄（白と紺）のカットソーにデニムパンツ、白いスニーカー（自宅・外出・育児中の普段着）
◆【ストーリー】
ミサキの横顔。目に光が宿っている。静かな決意。","[{""panel_id"": 1, ""type"": ""monologue"", ""speaker"": null, ""text"": ""あの日退職届を出したから、自分の席を見つけられた""}]","misaki_casual"
"70","テンプレ1","◆【注意】【】で囲まれた単語は感情や状況の指示であり、画像内に文字として描画しないでください
◆【絶対最優先】必ずフルカラーにしてください
◆【絶対最優先】必ず日本のアニメ・マンガ調のイラストで描いてください。実写風・フォトリアル風は禁止です。
◆【絶対最優先】キャラクター外見: ミサキは添付のミサキ.pngと100%同一の外見で描画、ケンタは添付のケンタ.pngと100%同一の外見で描画、ひなた（2歳期）は添付のひなた_2歳期.pngと100%同一の外見で描画、タクヤは添付のタクヤ.pngと100%同一の外見で描画
◆【出力サイズ】画像は縦長（高さ:幅＝1:1.4）で生成してください
◆【補足情報】上下左右に50ピクセルの余白を設けてください
◆【作画】ジャンル: 副業に最適化した統一スタイル / 作画スタイル: 親しみやすく実践的,現代的なライフスタイル表現 / 色調: 明るく前向きな色調,オレンジ・青・黄色基調,活力ある配色 / 線画: 親しみやすい柔らかな線,カジュアルで読みやすい表現
◆【演出】パソコン作業,スマホ,収入の可視化,必要に応じて集中線,効果線,擬音などのマンガらしい演出
◆【コマ構成】テンプレ1: 1コマ
◆【補足情報】服装: ミサキの服装 — ボーダー柄（白と紺）のカットソーにデニムパンツ、白いスニーカー（自宅・外出・育児中の普段着）
◆【ストーリー】
ミサキが前を向いている。穏やかで力強い表情。","[{""panel_id"": 1, ""type"": ""monologue"", ""speaker"": null, ""text"": ""自分の可能性を、自分で決めつけないこと""}]","misaki_casual"
"71","テンプレ5","◆【注意】【】で囲まれた単語は感情や状況の指示であり、画像内に文字として描画しないでください
◆【絶対最優先】必ずフルカラーにしてください
◆【絶対最優先】必ず日本のアニメ・マンガ調のイラストで描いてください。実写風・フォトリアル風は禁止です。
◆【絶対最優先】キャラクター外見: ミサキは添付のミサキ.pngと100%同一の外見で描画、ケンタは添付のケンタ.pngと100%同一の外見で描画、ひなた（2歳期）は添付のひなた_2歳期.pngと100%同一の外見で描画、タクヤは添付のタクヤ.pngと100%同一の外見で描画
◆【出力サイズ】画像は縦長（高さ:幅＝1:1.4）で生成してください
◆【補足情報】上下左右に50ピクセルの余白を設けてください
◆【作画】ジャンル: 副業に最適化した統一スタイル / 作画スタイル: 親しみやすく実践的,現代的なライフスタイル表現 / 色調: 明るく前向きな色調,オレンジ・青・黄色基調,活力ある配色 / 線画: 親しみやすい柔らかな線,カジュアルで読みやすい表現
◆【演出】パソコン作業,スマホ,収入の可視化,必要に応じて集中線,効果線,擬音などのマンガらしい演出
◆【コマ構成】テンプレ5: 3コマ（上段・中段・下段）
◆【補足情報】服装: ミサキの服装 — グレーのスウェット上下、髪を緩くまとめ、素足（深夜〜早朝のPC作業・在宅集中タイム）
◆【ストーリー】
1コマ目(上段): パソコンの画面が明るくなっている。
2コマ目(中段): Claudeのインターフェース。
3コマ目(下段): ミサキがパソコンに向かって座っている。","[{""panel_id"": 1, ""type"": ""narration"", ""speaker"": null, ""text"": ""パソコンの画面が明るくなる。""}, {""panel_id"": 2, ""type"": ""narration"", ""speaker"": null, ""text"": ""Claudeが静かに待っている——""}, {""panel_id"": 3, ""type"": ""narration"", ""speaker"": null, ""text"": ""新しい企画のアイデアがある。""}]","misaki_work_home"
"72","テンプレ5","◆【注意】【】で囲まれた単語は感情や状況の指示であり、画像内に文字として描画しないでください
◆【絶対最優先】必ずフルカラーにしてください
◆【絶対最優先】必ず日本のアニメ・マンガ調のイラストで描いてください。実写風・フォトリアル風は禁止です。
◆【絶対最優先】キャラクター外見: ミサキは添付のミサキ.pngと100%同一の外見で描画、ケンタは添付のケンタ.pngと100%同一の外見で描画、ひなた（2歳期）は添付のひなた_2歳期.pngと100%同一の外見で描画、タクヤは添付のタクヤ.pngと100%同一の外見で描画
◆【出力サイズ】画像は縦長（高さ:幅＝1:1.4）で生成してください
◆【補足情報】上下左右に50ピクセルの余白を設けてください
◆【作画】ジャンル: 副業に最適化した統一スタイル / 作画スタイル: 親しみやすく実践的,現代的なライフスタイル表現 / 色調: 明るく前向きな色調,オレンジ・青・黄色基調,活力ある配色 / 線画: 親しみやすい柔らかな線,カジュアルで読みやすい表現
◆【演出】パソコン作業,スマホ,収入の可視化,必要に応じて集中線,効果線,擬音などのマンガらしい演出
◆【コマ構成】テンプレ5: 3コマ（上段・中段・下段）
◆【補足情報】服装: ミサキの服装 — グレーのスウェット上下、髪を緩くまとめ、素足（深夜〜早朝のPC作業・在宅集中タイム）
◆【ストーリー】
1コマ目(上段): ミサキが構想を練っている。
2コマ目(中段): タイトル案が画面に映っている。
3コマ目(下段): ミサキの目が輝いている。","[{""panel_id"": 1, ""type"": ""narration"", ""speaker"": null, ""text"": ""育児中のママ向けのAIを使った働き方ガイド——""}, {""panel_id"": 2, ""type"": ""narration"", ""speaker"": null, ""text"": ""自分の体験をまとめた電子書籍にしたい。""}, {""panel_id"": 3, ""type"": ""narration"", ""speaker"": null, ""text"": ""誰かの「やってみよう」になれたら——""}]","misaki_work_home"
"73","テンプレ1","◆【注意】【】で囲まれた単語は感情や状況の指示であり、画像内に文字として描画しないでください
◆【絶対最優先】必ずフルカラーにしてください
◆【絶対最優先】必ず日本のアニメ・マンガ調のイラストで描いてください。実写風・フォトリアル風は禁止です。
◆【絶対最優先】キャラクター外見: ミサキは添付のミサキ.pngと100%同一の外見で描画、ケンタは添付のケンタ.pngと100%同一の外見で描画、ひなた（2歳期）は添付のひなた_2歳期.pngと100%同一の外見で描画、タクヤは添付のタクヤ.pngと100%同一の外見で描画
◆【出力サイズ】画像は縦長（高さ:幅＝1:1.4）で生成してください
◆【補足情報】上下左右に50ピクセルの余白を設けてください
◆【作画】ジャンル: 副業に最適化した統一スタイル / 作画スタイル: 親しみやすく実践的,現代的なライフスタイル表現 / 色調: 明るく前向きな色調,オレンジ・青・黄色基調,活力ある配色 / 線画: 親しみやすい柔らかな線,カジュアルで読みやすい表現
◆【演出】パソコン作業,スマホ,収入の可視化,必要に応じて集中線,効果線,擬音などのマンガらしい演出
◆【コマ構成】テンプレ1: 1コマ
◆【補足情報】服装: ミサキの服装 — グレーのスウェット上下、髪を緩くまとめ、素足（深夜〜早朝のPC作業・在宅集中タイム）
◆【ストーリー】
ミサキが決意した表情で力強く前を向いている。光が差し込んでいる。","[{""panel_id"": 1, ""type"": ""dialogue"", ""speaker"": ""ミサキ"", ""text"": ""やってみよう。""}, {""panel_id"": 2, ""type"": ""narration"", ""speaker"": null, ""text"": ""あの言葉が、ミサキの人生を変えた。""}]","misaki_work_home"
"74","テンプレ3","◆【注意】【】で囲まれた単語は感情や状況の指示であり、画像内に文字として描画しないでください
◆【絶対最優先】必ずフルカラーにしてください
◆【絶対最優先】必ず日本のアニメ・マンガ調のイラストで描いてください。実写風・フォトリアル風は禁止です。
◆【絶対最優先】キャラクター外見: ミサキは添付のミサキ.pngと100%同一の外見で描画、ケンタは添付のケンタ.pngと100%同一の外見で描画、ひなた（2歳期）は添付のひなた_2歳期.pngと100%同一の外見で描画、タクヤは添付のタクヤ.pngと100%同一の外見で描画
◆【出力サイズ】画像は縦長（高さ:幅＝1:1.4）で生成してください
◆【補足情報】上下左右に50ピクセルの余白を設けてください
◆【作画】ジャンル: 副業に最適化した統一スタイル / 作画スタイル: 親しみやすく実践的,現代的なライフスタイル表現 / 色調: 明るく前向きな色調,オレンジ・青・黄色基調,活力ある配色 / 線画: 親しみやすい柔らかな線,カジュアルで読みやすい表現
◆【演出】パソコン作業,スマホ,収入の可視化,必要に応じて集中線,効果線,擬音などのマンガらしい演出
◆【コマ構成】テンプレ3: 2コマ（上段小・下段大）
◆【補足情報】服装: ミサキの服装 — グレーのスウェット上下、髪を緩くまとめ、素足（深夜〜早朝のPC作業・在宅集中タイム）
◆【ストーリー】
1コマ目(上段小): ミサキが夜のパソコン画面に向かっている。
2コマ目(下段大): 画面に新しいプロジェクトのタイトルが輝いている。","[{""panel_id"": 1, ""type"": ""narration"", ""speaker"": null, ""text"": ""次の挑戦が、もう始まっていた。""}, {""panel_id"": 2, ""type"": ""monologue"", ""speaker"": null, ""text"": ""私のキャリアは、私が決める——""}]","misaki_work_home"
"75","テンプレ5","◆【注意】【】で囲まれた単語は感情や状況の指示であり、画像内に文字として描画しないでください
◆【絶対最優先】必ずフルカラーにしてください
◆【絶対最優先】必ず日本のアニメ・マンガ調のイラストで描いてください。実写風・フォトリアル風は禁止です。
◆【絶対最優先】キャラクター外見: ミサキは添付のミサキ.pngと100%同一の外見で描画、ケンタは添付のケンタ.pngと100%同一の外見で描画、ひなた（2歳期）は添付のひなた_2歳期.pngと100%同一の外見で描画、タクヤは添付のタクヤ.pngと100%同一の外見で描画
◆【出力サイズ】画像は縦長（高さ:幅＝1:1.4）で生成してください
◆【補足情報】上下左右に50ピクセルの余白を設けてください
◆【作画】ジャンル: 副業に最適化した統一スタイル / 作画スタイル: 親しみやすく実践的,現代的なライフスタイル表現 / 色調: 明るく前向きな色調,オレンジ・青・黄色基調,活力ある配色 / 線画: 親しみやすい柔らかな線,カジュアルで読みやすい表現
◆【演出】パソコン作業,スマホ,収入の可視化,必要に応じて集中線,効果線,擬音などのマンガらしい演出
◆【コマ構成】テンプレ5: 3コマ（上段・中段・下段）
◆【補足情報】服装: ミサキの服装 — ボーダー柄（白と紺）のカットソーにデニムパンツ、白いスニーカー（自宅・外出・育児中の普段着）
◆【ストーリー】
1コマ目(上段): ミサキの物語の幕が静かに閉じる演出。
2コマ目(中段): ひなたとミサキが一緒にいる場面。
3コマ目(下段): 新しい始まりの光。","[{""panel_id"": 1, ""type"": ""narration"", ""speaker"": null, ""text"": ""ミサキの物語は、ここで一区切り。""}, {""panel_id"": 2, ""type"": ""narration"", ""speaker"": null, ""text"": ""でも彼女のキャリアは、ここから始まる——""}, {""panel_id"": 3, ""type"": ""narration"", ""speaker"": null, ""text"": ""あなたのキャリアも、あなたが決めていい。""}]","misaki_casual"
"76","テンプレ1","◆【注意】【】で囲まれた単語は感情や状況の指示であり、画像内に文字として描画しないでください
◆【絶対最優先】必ずフルカラーにしてください
◆【絶対最優先】必ず日本のアニメ・マンガ調のイラストで描いてください。実写風・フォトリアル風は禁止です。
◆【絶対最優先】キャラクター外見: ミサキは添付のミサキ.pngと100%同一の外見で描画、ケンタは添付のケンタ.pngと100%同一の外見で描画、ひなた（2歳期）は添付のひなた_2歳期.pngと100%同一の外見で描画、タクヤは添付のタクヤ.pngと100%同一の外見で描画
◆【出力サイズ】画像は縦長（高さ:幅＝1:1.4）で生成してください
◆【補足情報】上下左右に50ピクセルの余白を設けてください
◆【作画】ジャンル: 副業に最適化した統一スタイル / 作画スタイル: 親しみやすく実践的,現代的なライフスタイル表現 / 色調: 明るく前向きな色調,オレンジ・青・黄色基調,活力ある配色 / 線画: 親しみやすい柔らかな線,カジュアルで読みやすい表現
◆【演出】パソコン作業,スマホ,収入の可視化,必要に応じて集中線,効果線,擬音などのマンガらしい演出
◆【コマ構成】テンプレ1: 1コマ
◆【補足情報】服装: ミサキの服装 — ボーダー柄（白と紺）のカットソーにデニムパンツ、白いスニーカー（自宅・外出・育児中の普段着）
◆【ストーリー】
最終ページ。ミサキが前を向いている。夕暮れの光の中。","[{""panel_id"": 1, ""type"": ""narration"", ""speaker"": null, ""text"": ""第10話「私のキャリアは、私が決める」おわり""}]","misaki_casual"
"77","テキストページ","◆【テキストページ】このページは画像生成不要。EPUB製本時にテキストとして直接レンダリングする。
◆【コラム原文】
コラム⑩：おわりに——キャリアコンサルタントとして伝えたいこと

10話にわたるミサキの物語を読んでいただき、ありがとうございます。

最後のコラムでは、キャリアコンサルタントとして——この物語を通じて本当に伝えたかったことをお話しします。

■ミサキは特別な人ではありません

ミサキは「AIが得意な人」でも「発信が上手な人」でも「強いメンタルを持つ人」でもありませんでした。事務職で5年。出産で退職。「事務しかできない」と思っていた、どこにでもいる32歳でした。

■「自分にはできる」という仮説

彼女が変わったのは、一つの仮説を持ったからです。「もしかしたら、自分にもできるかもしれない」——この仮説を持ち、実験し、小さな成功体験を積み重ねた。それだけです。","[]",""
"78","テキストページ","◆【テキストページ】このページは画像生成不要。EPUB製本時にテキストとして直接レンダリングする。
◆【コラム原文】
■会社が変わるのを待たなくていい

同じことが会社にも言えます。会社の中にいても外にいても、キャリアは自分で作れる。副業でも、スキルアップでも、社内での新しい挑戦でも。

「会社が用意してくれるキャリア」を待つのではなく、自分から動くこと。そのために必要なのは——「自分にはできる」と思えること。

ミサキがそれを証明しました。あなたにも、できます。

■最後に

「大事なのは、自分の可能性を、自分で決めつけないこと」——ミサキが最後に辿り着いた言葉です。

この本を読み終えたあなたへ。今日から、あなたの物語を始めてください。","[]",""
"79","テキストページ","◆【テキストページ】このページは画像生成不要。EPUB製本時にテキストとして直接レンダリングする。
◆【著者紹介】

著者：Yuichi

フリーランスとして活動するコンテンツクリエイター・プロデューサー。

出産・育児・キャリアの分岐点に立つ女性たちを応援するコンテンツを制作。AIツールを活用した働き方・発信戦略の実践と普及に取り組む。

本シリーズでは、ミサキを通じて「始めることの小ささ」と「続けることの力」を描いた。

■お問い合わせ
info@ynfactory.online","[]",""
"80","テキストページ","◆【テキストページ】このページは画像生成不要。EPUB製本時にテキストとして直接レンダリングする。
◆【奥付】

出産でキャリアを失った元事務職ママが、AIで初めて稼ぐまで　第4巻

2026年4月　初版発行

著者：Yuichi
発行：YN Factory
連絡先：info@ynfactory.online

本書の無断複製・転載を禁じます。
Copyright © 2026 Yuichi / YN Factory. All rights reserved.","[]",""
