year,born,no,name,reg_name,horse_id,sire,sex,birth,month,farm,farm_src,dam,dam_age,total_man,unit_man,weight,height,girth,cannon,kuchi,n_foals,trainer_planned,trainer,district,starts,wins,prize_jra,prize_nar,prize,ret,main_wins,graded,status
2020,2019,1,デックドアウトの19,フォレスクライト (Volles Kleid),2019105641,ディープインパクト,牡,2020-02-10,2,レイクヴィラＦ,クラブ提供牧場,デックドアウト,6.0,8000.0,20.0,431.0,154.0,177.0,20.0,400,1.0,萩原,萩原清,美浦,3,0,0.0,0.0,0,0.0,-->,0,ok
2020,2019,2,ヒルダズパッションの19,フィアレスデザイア (Fearless Desire),2019105357,ディープインパクト,牡,2020-02-27,2,ノーザンＦ,クラブ提供牧場,ヒルダズパッション,12.0,15000.0,37.5,455.0,157.0,180.0,20.0,400,7.0,藤沢,板垣吉則,岩手,6,1,0.0,55.0,55.0,0.0036666666666666666,C2九組-->,0,ok
2020,2019,3,ティズトレメンダスの19,ティズグロリアス (Tiz Glorious),2019105776,ディープインパクト,メス,2020-05-27,5,ノーザンＦ,クラブ提供牧場,ティズトレメンダス,9.0,6400.0,16.0,390.0,150.5,169.0,19.7,400,2.0,木村,上原佑紀,美浦,10,1,1201.0,0.0,1201.0,0.18765625,21'2歳新馬-->,0,ok
2020,2019,4,ファイナルディシジョンの19,ファイナルアンサー (Final Answer),2019105375,ハーツクライ,メス,2020-05-09,5,ノーザンＦ,クラブ提供牧場,ファイナルディシジョン,6.0,3000.0,7.5,460.0,158.0,176.0,19.7,400,2.0,手塚,手塚貴久,美浦,5,0,0.0,0.0,0,0.0,-->,0,ok
2020,2019,5,サミターの19,ディエルメス (Diermmes),2019105206,ロードカナロア,牡,2020-01-27,1,ノーザンＦ,クラブ提供牧場,サミター,10.0,5000.0,12.5,426.0,150.5,176.5,20.1,400,5.0,国枝,国枝栄,美浦,3,0,0.0,0.0,0,0.0,-->,0,ok
2020,2019,6,ハープスターの19,ライラスター (Lyra Star),2019105336,ロードカナロア,牡,2020-04-09,4,ノーザンＦ,クラブ提供牧場,ハープスター,8.0,10000.0,25.0,447.0,154.0,174.0,21.0,400,2.0,木村,田中剛,美浦,24,4,6016.0,0.0,6016.0,0.6016,25'胎内川特別(2勝クラス)22'3歳以上1勝クラス-->,0,ok
2020,2019,7,ルージュバックの19,ブラーバック (Boulard Buck),2019105531,ロードカナロア,メス,2020-03-07,3,ノーザンＦ,クラブ提供牧場,ルージュバック,7.0,5000.0,12.5,421.0,155.0,172.0,19.8,400,1.0,大竹,角田輝也,愛知,8,1,370.0,42.0,412.0,0.0824,松ちゃん10周年記念-->,0,ok
2020,2019,8,シーズンズベストの19,トリメストラーレ (Trimestrale),2019105245,ロードカナロア,メス,2020-05-06,5,ノーザンＦ,クラブ提供牧場,シーズンズベスト,12.0,3600.0,9.0,398.0,147.5,168.0,19.0,400,5.0,萩原,萩原清,美浦,0,0,0.0,0.0,0,0.0,-->,0,ok
2020,2019,9,ティロレスカの19,サパーダ (Zapada),2019105295,ドゥラメンテ,牡,2020-02-05,2,ノーザンＦ,クラブ提供牧場,ティロレスカ,8.0,4000.0,10.0,449.0,155.0,173.0,20.0,400,1.0,木村,木村哲也,美浦,0,0,0.0,0.0,0,0.0,-->,0,ok
2020,2019,10,ヒストリックスターの19,ライリッズ (Lyrids),2019105354,ドゥラメンテ,牡,2020-05-16,5,ノーザンＦ,クラブ提供牧場,ヒストリックスター,14.0,4400.0,11.0,413.0,154.0,173.5,21.0,400,10.0,宮田,宮田敬介,美浦,13,3,4417.0,0.0,4417.0,1.0038636363636364,23'兵庫特別(2勝クラス)23'4歳以上1勝クラス-->,0,ok
2020,2019,11,ピュアブリーゼの19,ヴィルトブリーゼ (Wild Brise),2019105369,ドゥラメンテ,メス,2020-02-06,2,ノーザンＦ,クラブ提供牧場,ピュアブリーゼ,11.0,2800.0,7.0,459.0,158.0,178.0,19.5,400,5.0,古賀,古賀慎明,美浦,18,2,2990.0,0.0,2990.0,1.0678571428571428,23'3歳以上1勝クラス22'3歳未勝利-->,0,ok
2020,2019,12,シェルズレイの19,レイフル (Lei Hulu),2019105217,ドゥラメンテ,メス,2020-02-28,2,ノーザンＦ,クラブ提供牧場,シェルズレイ,16.0,3200.0,8.0,438.0,155.5,174.0,19.4,400,10.0,木村,木村哲也,美浦,4,0,258.0,0.0,258.0,0.080625,-->,0,ok
2020,2019,13,ベルロワイヤルの19,ベルロワイヤルの2019,2019104488,ドゥラメンテ,メス,2020-03-15,3,追分Ｆ,クラブ提供牧場,ベルロワイヤル,11.0,2600.0,6.5,411.0,155.5,176.5,19.2,400,5.0,中舘,中舘英二,美浦,0,0,0.0,0.0,0,0.0,-->,0,ok
2020,2019,14,ディアデラマドレの19,レガラール (Regalar),2019105303,モーリス,牡,2020-01-31,1,ノーザンＦ,クラブ提供牧場,ディアデラマドレ,9.0,5000.0,12.5,464.0,157.0,182.0,20.0,400,3.0,武井,武井亮,美浦,1,1,520.0,0.0,520.0,0.104,22'3歳未勝利-->,0,ok
2020,2019,15,バウンスシャッセの19,グランプレジール (Grand Plaisir),2019105338,モーリス,牡,2020-03-11,3,ノーザンＦ,クラブ提供牧場,バウンスシャッセ,8.0,5000.0,12.5,478.0,154.0,186.0,20.0,400,2.0,堀,堀宣行,美浦,16,1,2493.0,0.0,2493.0,0.4986,22'3歳未勝利-->,0,ok
2020,2019,16,ヴィータアレグリアの19,ピエナディヴィータ (Piena di Vita),2019105097,モーリス,メス,2020-03-05,3,ノーザンＦ,クラブ提供牧場,ヴィータアレグリア,8.0,2400.0,6.0,482.0,160.0,184.0,19.6,400,2.0,高柳 瑞樹,田中淳司,北海道,2,2,0.0,70.0,70.0,0.029166666666666667,3歳以上C4ー33歳以上C4ー4-->,0,ok
2020,2019,17,アンレールの19,アンクロワ (En Croix),2019105060,モーリス,メス,2020-03-09,3,ノーザンＦ,クラブ提供牧場,アンレール,9.0,2000.0,5.0,399.0,155.0,174.0,20.0,400,3.0,伊坂,伊坂重信,美浦,14,2,3324.0,0.0,3324.0,1.662,22'3歳以上1勝クラス21'2歳新馬-->,0,ok
2020,2019,18,クレオールの19,エスペラント (Esperanto),2019105172,エピファネイア,牡,2020-01-28,1,ノーザンＦ,クラブ提供牧場,クレオール,7.0,2000.0,5.0,444.0,151.0,174.0,20.0,400,1.0,武藤,加藤和宏,金沢,23,1,1200.0,65.0,1265.0,0.6325,22'3歳未勝利-->,0,ok
2020,2019,19,オリエンタルポピーの19,アイスランドポピー (Iceland Poppy),2019105120,エピファネイア,メス,2020-04-21,4,ノーザンＦ,クラブ提供牧場,オリエンタルポピー,8.0,2000.0,5.0,435.0,156.0,177.0,19.5,400,3.0,中川,中川公成,美浦,12,0,1234.0,0.0,1234.0,0.617,-->,0,ok
2020,2019,20,ブルーメンブラットの19,フォラブリューテ (Voller Blute),2019105398,エピファネイア,メス,2020-05-02,5,ノーザンＦ,クラブ提供牧場,ブルーメンブラット,16.0,3000.0,7.5,431.0,154.5,176.0,19.6,400,9.0,宮田,嘉藤貴行,美浦,14,2,3011.0,0.0,3011.0,1.0036666666666667,22'紅梅S(L)21'2歳新馬-->,0,ok
2020,2019,21,ケイティーズハートの19,ヴァンガーズハート (Vanguard's Heart),2019105187,ハービンジャー,牡,2020-03-30,3,ノーザンＦ,クラブ提供牧場,ケイティーズハート,10.0,3000.0,7.5,455.0,153.0,174.0,20.9,400,3.0,鹿戸,藤原智行,浦和,22,1,2620.0,0.0,2620.0,0.8733333333333333,22'3歳未勝利-->,0,ok
2020,2019,22,クルミナルの19,アライバル (Arrival),2019105169,ハービンジャー,牡,2020-03-31,3,ノーザンＦ,クラブ提供牧場,クルミナル,7.0,5000.0,12.5,458.0,154.5,174.5,21.2,400,3.0,栗田,栗田徹,美浦,7,1,5149.0,0.0,5149.0,1.0298,21'2歳新馬-->,0,ok
2020,2019,23,エールデュレーヴの19,スプレッドアウト (Spread Out),2019105119,ハービンジャー,牡,2020-05-01,5,ノーザンＦ,クラブ提供牧場,エールデュレーヴ,6.0,3000.0,7.5,424.0,155.0,180.0,20.3,400,1.0,田村,田村康仁,美浦,4,0,78.0,0.0,78.0,0.026,-->,0,ok
2020,2019,24,ヴェルジョワーズの19,シュガービート (Sugar Beet),2019104529,ルーラーシップ,牡,2020-04-19,4,追分Ｆ,クラブ提供牧場,ヴェルジョワーズ,8.0,2600.0,6.5,411.0,152.0,166.0,19.9,400,2.0,池上,土田稔,美浦,19,3,78.0,124.0,202.0,0.07769230769230769,名古屋モーニングフィーバー52C20組-->,0,ok
2020,2019,25,スペルオンミーの19,スマイルオンミー (Smile on Me),2019105264,ルーラーシップ,メス,2020-01-21,1,ノーザンＦ,クラブ提供牧場,スペルオンミー,8.0,1800.0,4.5,536.0,162.5,186.0,21.1,400,2.0,尾関,尾関知人,美浦,11,2,2877.0,0.0,2877.0,1.5983333333333334,22'3歳以上1勝クラス22'3歳未勝利-->,0,ok
2020,2019,26,アウェイクの19,ウェイクアップ (Wake Up),2019105030,ルーラーシップ,メス,2020-03-10,3,ノーザンＦ,クラブ提供牧場,アウェイク,6.0,1800.0,4.5,436.0,147.0,173.0,19.5,400,1.0,宮田,宮田敬介,美浦,2,0,0.0,0.0,0,0.0,-->,0,ok
2020,2019,27,アールブリュットの19,パラレルヴィジョン (Parallel Vision),2019105065,キズナ,牡,2020-02-04,2,ノーザンＦ,クラブ提供牧場,アールブリュット,7.0,5000.0,12.5,447.0,156.0,175.0,21.1,400,1.0,国枝,内田勝義,川崎,23,6,13588.0,310.0,13898.0,2.7796,24'ダービー卿チャレンジT(G3)24'ニューイヤーS(L)-->,1,ok
2020,2019,28,ムーンライトダンスの19,ルナマーレ (Lunar Mare),2019105467,キタサンブラック,メス,2020-04-11,4,ノーザンＦ,クラブ提供牧場,ムーンライトダンス,17.0,2000.0,5.0,446.0,159.0,181.5,19.5,400,14.0,久保田,久保田貴,美浦,0,0,0.0,0.0,0,0.0,-->,0,ok
2020,2019,29,サダムグランジュテの19,グランパドゥシャ (Grand Pas de Chat),2019104547,キンシャサノキセキ,メス,2020-01-27,1,ノーザンＦ,クラブ提供牧場,サダムグランジュテ,11.0,1600.0,4.0,444.0,154.0,176.0,19.4,400,5.0,小西,川村守男,浦和,10,1,358.0,148.0,506.0,0.31625,C2二 三四-->,0,ok
2020,2019,30,カラベルラティーナの19,トライセイル,2019105135,ディープブリランテ,牡,2020-02-18,2,ノーザンＦ,クラブ提供牧場,カラベルラティーナ,15.0,1800.0,4.5,460.0,156.5,181.4,22.8,400,8.0,中舘,中舘英二,美浦,0,0,0.0,0.0,0,0.0,-->,0,ok
2020,2019,31,ペルレンケッテの19,グレアファンタス (Glare Fantas),2019105424,ドレフォン,牡,2020-04-09,4,ノーザンＦ,クラブ提供牧場,ペルレンケッテ,11.0,3000.0,7.5,449.0,154.0,176.0,20.5,400,4.0,高橋,後藤佑耶,笠松,10,3,0.0,148.0,148.0,0.04933333333333333,C16組C8組-->,0,ok
2020,2019,32,リーチコンセンサスの19,ジェネラルウィル (General Will),2019105524,ドレフォン,メス,2020-04-03,4,ノーザンＦ,クラブ提供牧場,リーチコンセンサス,13.0,2000.0,5.0,454.0,156.0,176.0,19.8,400,5.0,林,諏訪貴正,兵庫,22,2,485.0,145.0,630.0,0.315,ポットマム特別イヌサフラン特別-->,0,ok
2020,2019,33,ティンバレスの19,パーカッション (Percussion),2019105296,イスラボニータ,牡,2020-01-22,1,ノーザンＦ,クラブ提供牧場,ティンバレス,7.0,1800.0,4.5,486.0,157.0,180.0,21.2,400,1.0,田中,黒岩陽一,美浦,15,3,2554.0,0.0,2554.0,1.4188888888888889,23'4歳以上1勝クラス24'障害4歳以上未勝利-->,0,ok
2020,2019,34,エクストラペトルの19,ロータスペトル (Lotus Petal),2019104532,イスラボニータ,牡,2020-01-12,1,白老Ｆ,クラブ提供牧場,エクストラペトル,7.0,1800.0,4.5,462.0,150.5,176.0,20.1,400,1.0,加藤,野口寛仁,浦和,12,1,52.0,155.0,207.0,0.115,3歳四 選抜馬イ-->,0,ok
2020,2019,35,クルージンミジーの19,オールフラッグ (All Flag),2019105170,トゥザワールド,牡,2020-05-10,5,ノーザンＦ,クラブ提供牧場,クルージンミジー,10.0,1600.0,4.0,439.0,152.0,174.5,20.3,400,5.0,奥村 武,佐藤裕太,船橋,27,4,3190.0,843.0,4033.0,2.520625,23'4歳以上2勝クラス22'3歳以上1勝クラス-->,0,ok
2020,2019,36,ムスタパルタの19,パルタージュ (Partage),2019100588,トゥザワールド,メス,2020-03-11,3,ノーザンＦ,クラブ提供牧場,ムスタパルタ,8.0,1200.0,3.0,429.0,155.5,175.5,18.5,400,4.0,伊藤 大士,藤田正治,笠松,31,5,0.0,290.0,290.0,0.24166666666666667,3歳C2二組C4組-->,0,ok
2020,2019,37,オーマイベイビーの19,クレイドル (Cradle),2019105125,クロフネ,メス,2020-02-28,2,ノーザンＦ,クラブ提供牧場,オーマイベイビー,8.0,2000.0,5.0,453.0,156.5,176.0,19.3,400,3.0,黒岩,黒岩陽一,美浦,3,1,801.0,0.0,801.0,0.4005,21'2歳新馬-->,0,ok
2020,2019,38,フェルミオンの19,ダイバリオン (Dibaryon),2019105383,ジャスタウェイ,牡,2020-04-15,4,ノーザンＦ,クラブ提供牧場,フェルミオン,13.0,2400.0,6.0,410.0,155.0,168.0,20.0,400,8.0,池上,嶋田幸晴,大井,37,3,5073.0,427.0,5500.0,2.2916666666666665,24'初日の出賞(2勝クラス)23'3歳以上1勝クラス-->,0,ok
2020,2019,39,ロザリンドの19,アルドゥエンナ (Arduenna),2019105557,スクリーンヒーロー,メス,2020-02-09,2,ノーザンＦ,クラブ提供牧場,ロザリンド,8.0,3000.0,7.5,414.0,152.0,177.0,19.0,400,3.0,稲垣,稲垣幸雄,美浦,4,0,0.0,0.0,0,0.0,-->,0,ok
2020,2019,40,ピンクアリエスの19,ローゼシュティア (Rose Stier),2019105371,トーセンラー,メス,2020-04-29,4,ノーザンＦ,クラブ提供牧場,ピンクアリエス,12.0,1400.0,3.5,413.0,154.5,173.0,19.8,400,7.0,菊沢,八木正喜,川崎,55,1,502.0,319.0,821.0,0.5864285714285714,渚8歳誕生日おめでとう記念-->,0,ok
2020,2019,41,グリューヴァインの19,ミッテルライン (Mittelrhein),2019105180,ヘニーヒューズ,メス,2020-03-13,3,ノーザンＦ,クラブ提供牧場,グリューヴァイン,7.0,1600.0,4.0,440.0,154.5,176.5,19.4,400,1.0,和田,諏訪貴正,兵庫,46,3,288.0,348.0,636.0,0.3975,C3二C1-->,0,ok
2020,2019,42,サザンスピードの19,サザンクロス (Southern Cross),2019105198,ミッキーアイル,メス,2020-02-15,2,ノーザンＦ,クラブ提供牧場,サザンスピード,12.0,1600.0,4.0,512.0,166.0,179.0,19.5,400,4.0,矢野,矢野英一,美浦,0,0,0.0,0.0,0,0.0,-->,0,ok
2020,2019,43,ソングバードの19,ハミングバード (Humming Bird),2019105275,リアルインパクト,メス,2020-05-10,5,ノーザンＦ,クラブ提供牧場,ソングバード,15.0,1400.0,3.5,420.0,153.5,175.0,20.5,400,10.0,勢司,勢司和浩,美浦,1,0,0.0,0.0,0,0.0,-->,0,ok
2020,2019,44,ロスヴァイセの19,ヴァーンフリート (Wahnfried),2019105560,リオンディーズ,牡,2020-02-18,2,ノーザンＦ,クラブ提供牧場,ロスヴァイセ,8.0,3000.0,7.5,497.0,157.0,178.0,21.0,400,2.0,手塚,矢嶋大樹,美浦,20,3,5656.0,0.0,5656.0,1.8853333333333333,23'青梅特別(2勝クラス)22'3歳以上1勝クラス-->,0,ok
2020,2019,45,リーチングの19,ブロードリーチ (Broad Reach),2019105525,Arrogate,メス,2020-05-15,5,ノーザンＦ,クラブ提供牧場,リーチング,10.0,2400.0,6.0,410.0,158.5,174.0,21.0,400,5.0,宗像,宗像義忠,美浦,12,3,1394.0,65.0,1459.0,0.6079166666666667,23'4歳以上1勝クラスC3組-->,0,ok
2020,2019,46,キラーグレイシスの19,キラーアビリティ (Killer Ability),2019105155,ディープインパクト,牡,2020-01-27,1,ノーザンＦ,クラブ提供牧場,キラーグレイシス,10.0,10000.0,25.0,447.0,155.0,174.0,20.1,400,5.0,斉藤,斉藤崇史,栗東,18,3,14431.0,0.0,14431.0,1.4431,21'ホープフルS(G1)22'中日新聞杯(G3)-->,1,ok
2020,2019,47,ピースアンドウォーの19,デイジーラック (Daisy Luck),2019105372,ディープインパクト,メス,2020-01-16,1,ノーザンＦ,クラブ提供牧場,ピースアンドウォー,7.0,6000.0,15.0,401.0,153.0,172.5,19.0,400,2.0,藤原,藤原英昭,栗東,0,0,0.0,0.0,0,0.0,-->,0,ok
2020,2019,48,シンハライトの19,アルジュナ (Arjuna),2019105236,キングカメハメハ,牡,2020-02-04,2,ノーザンＦ,クラブ提供牧場,シンハライト,6.0,10000.0,25.0,406.0,156.0,178.0,21.0,400,2.0,池添 学,池添学,栗東,0,0,0.0,0.0,0,0.0,-->,0,ok
2020,2019,49,フロアクラフトの19,アレマーナ (Alemana),2019105391,キングカメハメハ,メス,2020-04-05,4,ノーザンＦ,クラブ提供牧場,フロアクラフト,9.0,4000.0,10.0,438.0,154.0,180.0,20.2,400,3.0,松下 武士,松下武士,栗東,23,2,2407.0,0.0,2407.0,0.60175,23'4歳以上1勝クラス22'3歳未勝利-->,0,ok
2020,2019,50,クルソラの19,セレシオン (Seleccion),2019105168,ハーツクライ,牡,2020-04-04,4,ノーザンＦ,クラブ提供牧場,クルソラ,17.0,5000.0,12.5,439.0,157.0,175.5,20.7,400,11.0,友道,友道康夫,栗東,16,4,10586.0,0.0,10586.0,2.1172,24'弥彦S(3勝クラス)22'阿賀野川特別(2勝クラス)-->,0,ok
2020,2019,51,ファイナルスコアの19,プレミアスコア (Premiere Score),2019105374,ハーツクライ,メス,2020-02-19,2,ノーザンＦ,クラブ提供牧場,ファイナルスコア,8.0,4400.0,11.0,437.0,160.0,183.5,19.0,400,3.0,松永 幹夫,松永幹夫,栗東,10,1,1097.0,0.0,1097.0,0.24931818181818183,22'3歳未勝利-->,0,ok
2020,2019,52,マルティンスタークの19,アルトシュタット (Altstadt),2019105449,ロードカナロア,牡,2020-03-29,3,ノーザンＦ,クラブ提供牧場,マルティンスターク,14.0,5000.0,12.5,442.0,151.0,175.0,20.4,400,7.0,安田 翔伍,工藤真司,高知,25,7,5740.0,240.0,5980.0,1.196,23'4歳以上2勝クラス21'さざんか賞(1勝クラス)-->,0,ok
2020,2019,53,サンビスタの19,ジレトール (Diretor),2019105972,ロードカナロア,牡,2020-04-22,4,ノーザンＦ,クラブ提供牧場,サンビスタ,10.0,8000.0,20.0,401.0,154.0,170.0,20.5,400,3.0,松永 幹夫,松永幹夫,栗東,26,6,15177.0,390.0,15567.0,1.945875,24'天王山S(OP)24'松風月S(OP)-->,0,ok
2020,2019,54,シェリールの19,アッタガール (Attagirl),2019105216,ロードカナロア,メス,2020-02-07,2,ノーザンＦ,クラブ提供牧場,シェリール,19.0,3400.0,8.5,468.0,160.0,181.0,20.0,400,11.0,池江,佐々木由,岩手,4,1,0.0,55.0,55.0,0.016176470588235296,C2七組-->,0,ok
2020,2019,55,ジンジャーパンチの19,プレミアムスマイル (Premium Smile),2019105256,ロードカナロア,メス,2020-04-04,4,ノーザンＦ,クラブ提供牧場,ジンジャーパンチ,16.0,5600.0,14.0,466.0,152.5,177.0,19.7,400,9.0,池添 学,福永祐一,栗東,19,3,3534.0,0.0,3534.0,0.6310714285714286,23'3歳以上2勝クラス22'3歳以上1勝クラス-->,0,ok
2020,2019,56,ギモーヴの19,スモア (S'more),2019105158,ドゥラメンテ,牡,2020-02-25,2,ノーザンＦ,クラブ提供牧場,ギモーヴ,6.0,4400.0,11.0,451.0,157.5,175.5,20.8,400,1.0,高野,高野友和,栗東,1,0,0.0,0.0,0,0.0,-->,0,ok
2020,2019,57,シャムロッカーの19,トリフォリウム (Trifolium),2019105220,ドゥラメンテ,メス,2020-02-03,2,ノーザンＦ,クラブ提供牧場,シャムロッカー,12.0,2800.0,7.0,494.0,164.5,180.0,19.7,400,6.0,庄野,庄野靖志,栗東,2,0,0.0,0.0,0,0.0,-->,0,ok
2020,2019,58,リッチダンサーの19,ラクスバラディー (Raqs Baladi),2019105514,ドゥラメンテ,メス,2020-03-20,3,ノーザンＦ,クラブ提供牧場,リッチダンサー,19.0,4000.0,10.0,479.0,162.0,180.0,20.2,400,15.0,清水,清水久詞,栗東,22,3,4658.0,0.0,4658.0,1.1645,23'御池特別(2勝クラス)22'3歳以上1勝クラス-->,0,ok
2020,2019,59,ディアマイベイビーの19,ゲイングラウンド (Gain Ground),2019105304,モーリス,牡,2020-05-24,5,ノーザンＦ,クラブ提供牧場,ディアマイベイビー,9.0,4000.0,10.0,,,,,400,4.0,須貝,須貝尚介,栗東,7,1,928.0,0.0,928.0,0.232,22'3歳未勝利-->,0,ok
2020,2019,60,アビラの19,ラスマドレス (Las Madres),2019105048,モーリス,メス,2020-03-11,3,ノーザンＦ,クラブ提供牧場,アビラ,15.0,2800.0,7.0,438.0,160.0,180.0,20.0,400,10.0,安田 隆行,安田翔伍,栗東,20,3,4452.0,0.0,4452.0,1.59,23'衣笠特別(2勝クラス)23'3歳以上1勝クラス-->,0,ok
2020,2019,61,プルメリアスターの19,セラディーン (Celadine),2019105407,モーリス,メス,2020-03-23,3,ノーザンＦ,クラブ提供牧場,プルメリアスター,7.0,2800.0,7.0,412.0,156.0,171.5,18.5,400,1.0,矢作,矢作芳人,栗東,1,0,78.0,0.0,78.0,0.027857142857142858,-->,0,ok
2020,2019,62,テネイシャスの19,,,エピファネイア,牡,2020-04-18,4,ノーザンＦ,クラブ提供牧場,テネイシャス,4.0,3000.0,7.5,430.0,150.0,171.5,20.3,400,1.0,池江,,,,,,,0,0.0,,0,
2020,2019,63,リラヴァティの19,ホートンプレインズ (Horton Plains),2019105522,エピファネイア,メス,2020-02-11,2,ノーザンＦ,クラブ提供牧場,リラヴァティ,8.0,3600.0,9.0,429.0,155.5,175.0,19.6,400,2.0,平田,森沢友貴,兵庫,10,0,650.0,0.0,650.0,0.18055555555555555,-->,0,ok
2020,2019,64,グランデアモーレの19,グランデレジーナ (Grande Regina),2019104542,エピファネイア,メス,2020-03-09,3,ノーザンＦ,クラブ提供牧場,グランデアモーレ,9.0,2800.0,7.0,460.0,152.0,178.0,19.5,400,3.0,藤岡 健一,平松徳彦,兵庫,21,1,850.0,0.0,850.0,0.30357142857142855,21'2歳新馬-->,0,ok
2020,2019,65,ディアデラノビアの19,グランディア (Gran Dia),2019105302,ハービンジャー,牡,2020-03-13,3,ノーザンＦ,クラブ提供牧場,ディアデラノビア,17.0,5600.0,14.0,426.0,156.0,180.0,20.0,400,11.0,中内田,中内田充,栗東,27,5,17996.0,0.0,17996.0,3.2135714285714285,26'新潟大賞典(G3)24'スピカS(3勝クラス)-->,1,ok
2020,2019,66,ジュモーの19,フォアランナー (Forerunner),2019105253,ハービンジャー,牡,2020-03-15,3,ノーザンＦ,クラブ提供牧場,ジュモー,13.0,5000.0,12.5,482.0,158.0,176.0,21.0,400,7.0,西村,三小田幸,佐賀,29,2,450.0,164.0,614.0,0.1228,かもみちゃん生誕特別チャレンジシリーズ-->,0,ok_fixup
2020,2019,67,サンブルエミューズの19,ナミュール (Namur),2019105213,ハービンジャー,メス,2020-03-02,3,ノーザンＦ,クラブ提供牧場,サンブルエミューズ,9.0,2600.0,6.5,424.0,157.0,176.0,19.5,400,3.0,高野,高野友和,栗東,18,5,50963.0,0.0,50963.0,19.601153846153846,23'マイルCS(G1)23'富士S(G2)-->,1,ok
2020,2019,68,シャルールの19,トランキリテ (Tranquillite),2019104556,ルーラーシップ,牡,2020-03-29,3,白老Ｆ,クラブ提供牧場,シャルール,7.0,3000.0,7.5,405.0,148.0,169.0,20.0,400,1.0,松永 幹夫,松永幹夫,栗東,29,4,9897.0,0.0,9897.0,3.299,24'石清水S(3勝クラス)23'4歳以上2勝クラス-->,0,ok
2020,2019,69,ベルディーヴァの19,ベルシャンテ (Belle Chanter),2019105418,ルーラーシップ,メス,2020-02-28,2,ノーザンＦ,クラブ提供牧場,ベルディーヴァ,7.0,2400.0,6.0,426.0,152.0,175.0,20.0,400,1.0,奥村 豊,森沢友貴,兵庫,11,0,698.0,0.0,698.0,0.29083333333333333,-->,0,ok
2020,2019,70,アスティルの19,シエルエトワール (Ciel Etoile),2019105035,ルーラーシップ,メス,2020-05-06,5,ノーザンＦ,クラブ提供牧場,アスティル,5.0,1800.0,4.5,386.0,150.0,168.5,19.2,400,1.0,高柳 大輔,頼本盛行,佐賀,30,0,0.0,31.0,31.0,0.017222222222222222,-->,0,ok
2020,2019,71,リュシオルの19,グリューヴルム (Gluhwurm),2019105519,キズナ,牡,2020-03-15,3,ノーザンＦ,クラブ提供牧場,リュシオル,13.0,3000.0,7.5,445.0,157.5,177.0,20.7,400,6.0,大久保 龍志,内田勝義,川崎,26,7,7248.0,5508.0,12756.0,4.252,26'金盃(G)25'東京記念トライアル(OP)-->,0,ok
2020,2019,72,クリソプレーズの19,クリソプレーズの2019,2019105166,キタサンブラック,牡,2020-05-05,5,ノーザンＦ,クラブ提供牧場,クリソプレーズ,17.0,5000.0,12.5,439.0,160.0,174.0,21.6,400,9.0,音無,音無秀孝,栗東,0,0,0.0,0.0,0,0.0,-->,0,ok
2020,2019,73,ワナダンスの19,コルティーナ (Cortina),2019105573,キタサンブラック,メス,2020-01-27,1,ノーザンＦ,クラブ提供牧場,ワナダンス,9.0,1800.0,4.5,488.0,158.0,177.5,20.6,400,5.0,橋口 慎介,橋口慎介,栗東,8,0,277.0,0.0,277.0,0.15388888888888888,-->,0,ok
2020,2019,74,レオパルディナの19,ジャグアーロ (Giaguaro),2019104614,キンシャサノキセキ,牡,2020-02-09,2,ノーザンＦ,クラブ提供牧場,レオパルディナ,7.0,2000.0,5.0,401.0,153.0,167.0,20.0,400,1.0,杉山,杉山晴紀,栗東,4,0,0.0,0.0,0,0.0,-->,0,ok
2020,2019,75,カイカヨソウの19,カイカノキセキ (Kaikano Kiseki),2019104536,キンシャサノキセキ,メス,2020-02-15,2,ノーザンＦ,クラブ提供牧場,カイカヨソウ,9.0,2000.0,5.0,487.0,155.0,181.0,20.2,400,2.0,池添 学,高橋一哉,栗東,25,1,4523.0,0.0,4523.0,2.2615,21'2歳新馬-->,0,ok
2020,2019,76,カニョットの19,セレステイブランコ (Celeste y Blanco),2019106917,ディープブリランテ,牡,2020-02-26,2,ノーザンＦ,クラブ提供牧場,カニョット,14.0,1800.0,4.5,460.0,156.0,175.0,20.4,400,7.0,渡辺 薫彦,渡辺薫彦,栗東,4,0,0.0,0.0,0,0.0,-->,0,ok
2020,2019,77,シンハディーパの19,シンハプーラ (Simha Pura),2019105235,ディープブリランテ,メス,2020-03-21,3,ノーザンＦ,クラブ提供牧場,シンハディーパ,9.0,2000.0,5.0,403.0,153.0,169.0,20.0,400,4.0,高野,高野友和,栗東,1,0,0.0,0.0,0,0.0,-->,0,ok
2020,2019,78,プリンセスカメリアの19,リゴレット (Rigoletto),2019105404,ドレフォン,メス,2020-02-04,2,ノーザンＦ,クラブ提供牧場,プリンセスカメリア,18.0,2400.0,6.0,435.0,153.0,180.0,19.0,400,9.0,羽月,羽月友彦,栗東,21,1,1487.0,0.0,1487.0,0.6195833333333334,22'3歳未勝利-->,0,ok
2020,2019,79,ブリトマルティスの19,ラブリュス (Labrys),2019100582,アジアエクスプレス,牡,2020-03-25,3,ノーザンＦ,クラブ提供牧場,ブリトマルティス,15.0,1600.0,4.0,450.0,155.0,172.0,20.0,400,6.0,寺島,安部幸夫,愛知,14,1,612.0,7.0,619.0,0.386875,21'2歳未勝利-->,0,ok
2020,2019,80,ラフォルジュルネの19,カルネドボヤージュ (Carnets de Voyage),2019104608,エイシンフラッシュ,牡,2020-03-07,3,白老Ｆ,クラブ提供牧場,ラフォルジュルネ,12.0,2000.0,5.0,467.0,157.5,177.0,21.0,400,4.0,杉山,田島寿一,川崎,14,1,70.0,51.0,121.0,0.0605,3歳以上C4ー3-->,0,ok
2020,2019,81,レインボーソングの19,,,サトノアラジン,メス,2020-03-05,3,ノーザンＦ,クラブ提供牧場,レインボーソング,7.0,1200.0,3.0,401.0,157.0,171.0,20.0,400,1.0,牧田,,,,,,,0,0.0,,0,
2020,2019,82,コンヴィクションⅡの19,クレエンシア (Creencia),2019105192,ジャスタウェイ,メス,2020-01-31,1,ノーザンＦ,クラブ提供牧場,コンヴィクションⅡ,8.0,1800.0,4.5,413.0,150.0,175.0,19.0,400,2.0,斉藤,斉藤崇史,栗東,5,0,358.0,0.0,358.0,0.1988888888888889,-->,0,ok_fixup
2020,2019,83,ユールフェストの19,ジェノランケーブ,2019104605,シルバーステート,牡,2020-05-08,5,ノーザンＦ,クラブ提供牧場,ユールフェスト,10.0,1800.0,4.5,406.0,146.5,169.0,19.1,400,4.0,四位,(栗東),,0,0,0.0,0.0,0,0.0,-->,0,ok
2020,2019,84,イマーキュレイトキャットの19,イングレーヴ (Engrave),2019104652,ダノンシャンティ,メス,2020-02-15,2,社台Ｆ,クラブ提供牧場,イマーキュレイトキャット,11.0,1400.0,3.5,458.0,157.0,175.0,20.2,400,4.0,武 英智,武英智,栗東,3,0,0.0,0.0,0,0.0,-->,0,ok
2020,2019,85,シンハリーズの19,スリーパーダ (Sri Pada),2019105237,ミッキーアイル,メス,2020-02-28,2,ノーザンＦ,クラブ提供牧場,シンハリーズ,17.0,3000.0,7.5,411.0,152.5,171.5,19.2,400,10.0,斉藤,斉藤崇史,栗東,18,3,6518.0,0.0,6518.0,2.1726666666666667,23'水無月S(3勝クラス)22'北摂特別(2勝クラス)-->,0,ok
2020,2019,86,シャレードスマイルの19,スマイルアプローズ (Smile Applause),2019105221,リオンディーズ,牡,2020-03-23,3,ノーザンＦ,クラブ提供牧場,シャレードスマイル,6.0,2000.0,5.0,435.0,151.0,171.5,20.8,400,2.0,橋田,藤ヶ崎一,愛知,6,0,0.0,3.0,3.0,0.0015,-->,0,ok
2020,2019,87,タリサの19,ダグザ (Dagda),2019105279,Shalaa,牡,2020-04-09,4,ノーザンＦ,クラブ提供牧場,タリサ,6.0,2400.0,6.0,431.0,151.5,173.0,20.1,400,1.0,安田 隆行,村上実,岩手,84,5,180.0,623.0,803.0,0.33458333333333334,B2C1-->,0,ok
2020,2019,88,オーラレガーレの19,フィリオデルソル (Figlio del Sol),2019101169,クリエイターⅡ,牡,2020-04-14,4,ノーザンＦ,クラブ提供牧場,オーラレガーレ,11.0,1400.0,14.0,420.0,154.5,170.0,20.0,100,5.0,地方,森泰斗,船橋,30,7,0.0,4106.0,4106.0,2.932857142857143,21'JRA認定ウィナーズチャレンジ3(OP)21'JRA認定フレッシュチャレンジ(新馬)-->,0,ok
2020,2019,89,アンソロジーの19,プライルード (Praelude),2019105057,ラブリーデイ,牡,2020-04-12,4,ノーザンＦ,クラブ提供牧場,アンソロジー,15.0,1400.0,14.0,448.0,150.0,175.5,20.3,100,9.0,地方,藤田輝信,大井,29,8,0.0,10101.0,10101.0,7.215,22'優駿スプリント(G)22'アフター5スター賞(G)-->,0,ok
2020,2019,90,レッドソンブレロの19,スカーレットピース (Scarlet Piece),2019105543,アジアエクスプレス,メス,2020-04-26,4,ノーザンＦ,クラブ提供牧場,レッドソンブレロ,7.0,1000.0,10.0,443.0,147.0,172.0,19.5,100,4.0,地方,村上実,岩手,20,4,0.0,827.0,827.0,0.827,21'JRA認定フレッシュチャレンジ(新馬)B1-->,0,ok
2020,2019,91,パールズシャインの19,パールズウィッシュ (Pearl's Wish),2019104584,マジェスティックウォリアー,メス,2020-03-17,3,ノーザンＦ,クラブ提供牧場,パールズシャイン,5.0,800.0,8.0,404.0,152.0,170.0,18.6,100,1.0,地方,佐藤裕太,船橋,20,1,0.0,480.0,480.0,0.6,特選-->,0,ok
2020,2019,92,ギャラリートークの19,アートクリティック (Art Critic),2019101172,ロゴタイプ,メス,2020-04-07,4,ノーザンＦ,クラブ提供牧場,ギャラリートーク,17.0,700.0,7.0,412.0,156.5,176.0,19.3,100,12.0,地方,錦見勇夫,愛知,35,1,0.0,491.0,491.0,0.7014285714285714,迦陵頻伽賞-->,0,ok
2021,2020,1,ナスケンアイリスの2020,プロテア (Protea),2020104206,ロードカナロア,牡,2020-02-17,2,桜井牧場,クラブ提供牧場,ナスケンアイリス,13.0,4800.0,12.0,426.0,154.0,179.5,20.3,400,9.0,手塚貴久 ,田中守,高知,34,7,1930.0,1126.0,3056.0,0.6366666666666667,25'4歳以上1勝クラスBー3-->,0,ok
2021,2020,2,コケレールの2020,スティルディマーレ (Still di Mare),2020103366,ロードカナロア,牡,2020-02-19,2,ノーザンＦ,クラブ提供牧場,コケレール,16.0,6000.0,15.0,483.0,160.0,182.0,22.1,400,8.0,国枝栄 ,田中譲二,高知,21,3,2330.0,121.0,2451.0,0.4085,23'3歳以上1勝クラス23'3歳未勝利-->,0,ok
2021,2020,4,シーザリオの2020,テンペスト (Tempest),2020103416,ロードカナロア,メス,2020-02-04,2,ノーザンＦ,クラブ提供牧場,シーザリオ,18.0,7000.0,17.5,443.0,154.0,173.5,19.5,400,12.0,国枝栄 ,国枝栄,美浦,8,1,1845.0,0.0,1845.0,0.26357142857142857,23'3歳未勝利-->,0,ok
2021,2020,9,バウンスシャッセの2020,レヴォルタード (Revoltade),2020103524,エピファネイア,牡,2020-03-16,3,ノーザンＦ,クラブ提供牧場,バウンスシャッセ,9.0,8000.0,20.0,476.0,158.5,176.5,21.1,400,3.0,手塚貴久 ,今津勝之,愛知,22,2,2193.0,0.0,2193.0,0.274125,23'3歳以上1勝クラス22'2歳未勝利-->,0,ok
2021,2020,12,ステファニーズキトゥンの2020,バロンゾラーレ (Ballonzolare),2020103437,ドゥラメンテ,メス,2020-02-14,2,ノーザンＦ,クラブ提供牧場,ステファニーズキトゥン,11.0,3600.0,9.0,473.0,162.0,175.5,20.1,400,4.0,久保田貴士 ,久保田貴,美浦,5,0,355.0,0.0,355.0,0.09861111111111111,-->,0,ok
2021,2020,19,メジロシャレードの2020,レイクトロシュナ (Lake Tolochenaz),2020103793,ドレフォン,メス,2020-02-13,2,レイクヴィラＦ,クラブ提供牧場,メジロシャレード,14.0,2600.0,6.5,500.0,161.0,182.0,21.0,400,8.0,萩原清 ,萩原清,美浦,2,0,0.0,0.0,0,0.0,-->,0,ok
2021,2020,32,パルティトゥーラの2020,タスティエーラ (Tastiera),2020103532,サトノクラウン,牡,2020-03-22,3,ノーザンＦ,クラブ提供牧場,パルティトゥーラ,6.0,2800.0,7.0,478.0,158.0,176.0,21.0,400,1.0,堀宣行 ,堀宣行,美浦,15,4,65897.0,0.0,65897.0,23.534642857142856,23'日本ダービー(G1)25'クイーンエリザベス2世C(G1)-->,1,ok
2021,2020,33,マルティンスタークの2020,サヴァリア (Savaria),2020103628,ジャスタウェイ,メス,2020-04-08,4,ノーザンＦ,クラブ提供牧場,マルティンスターク,15.0,2000.0,5.0,439.0,151.5,175.0,19.5,400,9.0,小島茂之 ,宗形竹見,大井,24,1,303.0,222.0,525.0,0.2625,C2二-->,0,ok
2021,2020,40,スーブレットの2020,ラリーレイド (Rally Raid),2020103452,マジェスティックウォリアー,牡,2020-01-29,1,ノーザンＦ,クラブ提供牧場,スーブレット,5.0,2400.0,6.0,462.0,153.5,179.5,20.0,400,1.0,萩原清 ,萩原清,美浦,3,0,55.0,0.0,55.0,0.022916666666666665,-->,0,ok
2021,2020,44,アヴェンチュラの2020,トラヴォルジェンテ (Travolgente),2020103192,ロードカナロア,牡,2020-03-30,3,ノーザンＦ,クラブ提供牧場,アヴェンチュラ,12.0,8000.0,20.0,489.0,160.0,181.0,21.3,400,7.0,安田隆行 ,三宅直之,兵庫,54,1,0.0,293.0,293.0,0.036625,C3二-->,0,ok
2021,2020,49,ハヴユーゴーンアウェイの2020,サンジュリオ,2020103784,ハーツクライ,メス,2020-03-08,3,レイクヴィラＦ,クラブ提供牧場,ハヴユーゴーンアウェイ,9.0,4000.0,10.0,465.0,157.0,178.5,20.0,400,2.0,斉藤崇史 ,斉藤崇史,栗東,0,0,0.0,0.0,0,0.0,-->,0,ok
2021,2020,50,インナーレルムの2020,ハイアーレルム (Higher Realm),2020103243,ハーツクライ,メス,2020-04-14,4,ノーザンＦ,クラブ提供牧場,インナーレルム,12.0,4000.0,10.0,464.0,160.0,180.0,19.7,400,4.0,安田隆行 ,安田隆行,栗東,6,0,165.0,0.0,165.0,0.04125,-->,0,ok
2021,2020,51,クルミナルの2020,プレドミナル (Predominar),2020103343,エピファネイア,牡,2020-04-17,4,ノーザンＦ,クラブ提供牧場,クルミナル,8.0,8000.0,20.0,439.0,151.5,171.0,20.4,400,4.0,藤原英昭 ,藤原英昭,栗東,3,0,390.0,0.0,390.0,0.04875,-->,0,ok
2021,2020,52,エールデュレーヴの2020,オクタグラム (Octagram),2020103290,エピファネイア,牡,2020-05-07,5,ノーザンＦ,クラブ提供牧場,エールデュレーヴ,7.0,5000.0,12.5,434.0,153.0,173.0,21.5,400,2.0,友道康夫 ,櫻田康二,岩手,20,0,0.0,21.0,21.0,0.0042,-->,0,ok
2021,2020,54,トータルヒートの2020,サーマルソアリング (Thermal Soaring),2020102688,ドゥラメンテ,メス,2020-03-03,3,白老Ｆ,クラブ提供牧場,トータルヒート,9.0,3000.0,7.5,469.0,154.5,176.0,21.0,400,3.0,藤原英昭 ,藤原英昭,栗東,20,4,7046.0,750.0,7796.0,2.5986666666666665,23'トルマリンS(3勝クラス)23'3歳以上2勝クラス-->,0,ok
2021,2020,57,ディオジェーヌの2020,ディオファントス (Diophantus),2020103491,モーリス,牡,2020-04-28,4,ノーザンＦ,クラブ提供牧場,ディオジェーヌ,10.0,3200.0,8.0,438.0,154.0,174.0,20.8,400,4.0,斉藤崇史 ,千葉博次,岩手,54,2,593.0,353.0,946.0,0.295625,C2一C2七組-->,0,ok
2021,2020,65,サンブルエミューズの2020,ラヴェル (Ravel),2020103390,キタサンブラック,メス,2020-02-14,2,ノーザンＦ,クラブ提供牧場,サンブルエミューズ,10.0,3000.0,7.5,469.0,161.0,183.0,19.8,400,4.0,矢作芳人 ,矢作芳人,栗東,17,3,16594.0,0.0,16594.0,5.531333333333333,24'チャレンジC(G3)22'アルテミスS(G3)-->,1,ok
2021,2020,69,アウェイクの2020,ブライトサイン (Bright Sign),2020103191,ハービンジャー,メス,2020-02-29,2,ノーザンＦ,クラブ提供牧場,アウェイク,7.0,2000.0,5.0,437.0,154.0,173.5,20.1,400,2.0,須貝尚介 ,茶木太樹,栗東,17,1,707.0,0.0,707.0,0.3535,22'2歳未勝利-->,0,ok
2021,2020,71,ジュモーの2020,シュタイナー (Steiner),2020103423,ルーラーシップ,牡,2020-03-27,3,ノーザンＦ,クラブ提供牧場,ジュモー,14.0,4000.0,10.0,420.0,152.0,166.5,20.5,400,8.0,池江泰寿 ,三宅直之,兵庫,78,1,0.0,289.0,289.0,0.07225,鎖鋳刀サリィデビュー1周年記念-->,0,ok
2021,2020,72,フォルテピアノの2020,ストリンジェンド (Stringendo),2020102702,キンシャサノキセキ,牡,2020-02-05,2,ノーザンＦ,クラブ提供牧場,フォルテピアノ,17.0,2200.0,5.5,456.0,156.0,173.5,20.0,400,10.0,音無秀孝 ,加藤公太,栗東,35,2,6363.0,0.0,6363.0,2.892272727272727,23'3歳以上1勝クラス22'2歳未勝利-->,0,ok
2021,2020,76,エスティタートの2020,ヴィヴィッシモ (Vivisimo),2020102637,ジャスタウェイ,牡,2020-03-04,3,白老Ｆ,クラブ提供牧場,エスティタート,7.0,2800.0,7.0,422.0,149.0,169.0,19.5,400,1.0,松永幹夫 ,松永幹夫,栗東,18,1,1763.0,0.0,1763.0,0.6296428571428572,23'3歳未勝利-->,0,ok
2021,2020,78,ピンクアリエスの2020,ラスハンメル (Ras Hammel),2020103554,シルバーステート,牡,2020-04-20,4,ノーザンＦ,クラブ提供牧場,ピンクアリエス,13.0,3600.0,9.0,477.0,157.5,178.0,22.0,400,9.0,松永幹夫 ,松永幹夫,栗東,16,2,3263.0,0.0,3263.0,0.9063888888888889,24'4歳以上1勝クラス22'2歳未勝利-->,0,ok
2021,2020,79,ラテアートの2020,クロスリーフ (Cross Leaf),2020101155,シルバーステート,メス,2020-04-05,4,坂東牧場,クラブ提供牧場,ラテアート,12.0,2000.0,5.0,444.0,153.5,173.5,21.0,400,6.0,池江泰寿 ,加藤幸保,笠松,27,0,110.0,67.0,177.0,0.0885,-->,0,ok
2021,2020,86,シンハリーズの2020,ジャミーレ (Jamileh),2020103412,リアルインパクト,メス,2020-03-02,3,ノーザンＦ,クラブ提供牧場,シンハリーズ,18.0,3200.0,8.0,437.0,156.0,174.0,19.5,400,12.0,斉藤崇史 ,斉藤崇史,栗東,7,2,2053.0,0.0,2053.0,0.6415625,24'4歳以上1勝クラス24'4歳以上1勝クラス-->,0,ok
2021,2020,87,グローバルビューティの2020,パルクリチュード (Pulchritude),2020103361,Gun Runner,メス,2020-05-21,5,ノーザンＦ,クラブ提供牧場,グローバルビューティ,6.0,2600.0,6.5,401.0,150.0,165.5,19.5,400,1.0,松永幹夫 ,松永幹夫,栗東,21,3,7302.0,0.0,7302.0,2.8084615384615383,25'遠州灘特別(2勝クラス)25'4歳以上1勝クラス-->,0,ok
2021,2020,3,ラドラーダの2020,ラディアンシア (Radiancia),2020103671,ロードカナロア,メス,2020-01-28,1,ノーザンＦ,クラブ提供牧場,ラドラーダ,14.0,7000.0,17.5,454.0,154.0,174.0,20.0,400,7.0,栗田徹 ,栗田徹,美浦,0,0,0.0,0.0,0,0.0,-->,0,ok
2021,2020,5,アドマイヤリードの2020,キュムラス (Cumulus),2020103213,ロードカナロア,メス,2020-03-22,3,ノーザンＦ,クラブ提供牧場,アドマイヤリード,7.0,5000.0,12.5,423.0,150.0,173.0,19.9,400,1.0,宮田敬介 ,池上昌和,美浦,3,0,0.0,0.0,0,0.0,-->,0,ok
2021,2020,6,クルージンミジーの2020,ファンネルマーク (Funnel Mark),2020103344,ハーツクライ,牡,2020-05-13,5,ノーザンＦ,クラブ提供牧場,クルージンミジー,11.0,3400.0,8.5,477.0,151.0,174.5,21.5,400,6.0,古賀慎明 ,伊藤滋規,船橋,22,1,140.0,196.0,336.0,0.0988235294117647,3歳 150万-->,0,ok
2021,2020,7,マイハッピーフェイスの2020,レディエンフェイス (Radiant Face),2020103617,ハーツクライ,メス,2020-04-10,4,ノーザンＦ,クラブ提供牧場,マイハッピーフェイス,10.0,3000.0,7.5,471.0,159.5,179.5,21.4,400,5.0,加藤征弘 ,加藤征弘,美浦,7,0,735.0,0.0,735.0,0.245,-->,0,ok
2021,2020,8,ローガンサファイアの2020,ゴールドシーン (Gold Sheen),2020103727,エピファネイア,牡,2020-02-29,2,ノーザンＦ,クラブ提供牧場,ローガンサファイア,10.0,5000.0,12.5,445.0,153.0,169.5,21.0,400,4.0,林徹 ,林徹,美浦,18,1,2581.0,0.0,2581.0,0.5162,23'3歳未勝利-->,0,ok
2021,2020,10,プルメリアスターの2020,ココクレーター (Koko Crater),2020103590,エピファネイア,メス,2020-04-05,4,ノーザンＦ,クラブ提供牧場,プルメリアスター,8.0,3600.0,9.0,407.0,152.0,168.5,19.5,400,2.0,木村哲也 ,浅利英明,美浦,16,3,4929.0,0.0,4929.0,1.3691666666666666,24'4歳以上2勝クラス23'3歳以上1勝クラス-->,0,ok
2021,2020,11,モアザンセイクリッドの2020,ドゥレッツァ (Durezza),2020103650,ドゥラメンテ,牡,2020-04-24,4,ノーザンＦ,クラブ提供牧場,モアザンセイクリッド,11.0,4000.0,10.0,428.0,154.5,174.0,20.5,400,5.0,尾関知人 ,尾関知人,美浦,13,5,47217.0,0.0,47217.0,11.80425,23'菊花賞(G1)23'日本海S(3勝クラス)-->,1,ok
2021,2020,13,ブリガアルタの2020,マルグアレイス (Marguareis),2020103580,モーリス,牡,2020-02-14,2,ノーザンＦ,クラブ提供牧場,ブリガアルタ,7.0,3000.0,7.5,458.0,154.0,182.0,20.5,400,1.0,高橋文雅 ,関本浩司,岩手,7,0,0.0,31.0,31.0,0.010333333333333333,-->,0,ok
2021,2020,14,ルージュバックの2020,フレーヴァード (Flavored),2020103693,モーリス,牡,2020-02-21,2,ノーザンＦ,クラブ提供牧場,ルージュバック,8.0,6000.0,15.0,441.0,152.0,175.5,19.1,400,2.0,大竹正博 ,大竹正博,美浦,13,3,4387.0,0.0,4387.0,0.7311666666666666,23'2003メモリアルシンボリクリスエスC(2勝クラス)23'3歳以上1勝クラス-->,0,ok
2021,2020,15,ケイティーズハートの2020,ペリファーニア (Perifania),2020103364,モーリス,メス,2020-03-25,3,ノーザンＦ,クラブ提供牧場,ケイティーズハート,11.0,5600.0,14.0,476.0,152.0,178.0,19.6,400,5.0,鹿戸雄一 ,鹿戸雄一,美浦,13,3,10030.0,0.0,10030.0,1.7910714285714286,25'高尾特別(2勝クラス)24'4歳以上1勝クラス-->,0,ok
2021,2020,16,シュピッツェの2020,エルフォルク (Erfolg),2020102877,モーリス,メス,2020-04-02,4,社台F,クラブ提供牧場,シュピッツェ,11.0,2400.0,6.0,403.0,155.0,171.0,18.6,400,5.0,中舘英二 ,北村欣也,佐賀,18,0,0.0,52.0,52.0,0.021666666666666667,-->,0,ok
2021,2020,17,エンジェルフォールの2020,グランサバナ (Gran Sabana),2020103289,ドレフォン,牡,2020-04-26,4,ノーザンＦ,クラブ提供牧場,エンジェルフォール,11.0,3000.0,7.5,434.0,151.5,173.0,20.6,400,7.0,田村康仁 ,田村康仁,美浦,17,3,3906.0,0.0,3906.0,1.302,24'鎌ケ谷特別(2勝クラス)23'3歳以上1勝クラス-->,0,ok
2021,2020,18,バイラオーラの2020,ソレア (Solea),2020102690,ドレフォン,メス,2020-01-24,1,ノーザンＦ,クラブ提供牧場,バイラオーラ,14.0,2000.0,5.0,431.0,149.5,171.0,18.6,400,8.0,和田正一郎 ,保利良平,兵庫,38,5,208.0,1611.0,1819.0,0.9095,トルマリンダッシュC1四 五六 イ-->,0,ok
2021,2020,20,プンタステラの2020,スティールウィル (Steel Will),2020103594,リアルスティール,牡,2020-03-18,3,ノーザンＦ,クラブ提供牧場,プンタステラ,10.0,3000.0,7.5,454.0,159.0,177.0,20.8,400,6.0,奥村武 ,秋山直之,川崎,33,6,0.0,1262.0,1262.0,0.4206666666666667,馬い!卵はサンサンエッグ馬い!盛岡早生ふじリンゴ発売記念-->,0,ok
2021,2020,21,エクストラペトルの2020,アンスリウム (Anthurium),2020102636,リアルスティール,メス,2020-01-22,1,白老Ｆ,クラブ提供牧場,エクストラペトル,8.0,2000.0,5.0,468.0,156.0,182.0,19.8,400,2.0,加藤征弘 ,加藤征弘,美浦,15,2,3345.0,0.0,3345.0,1.6725,24'4歳以上1勝クラス23'3歳未勝利-->,0,ok
2021,2020,22,マイティースルーの2020,フェブランシェ (Fee Blanche),2020103616,リアルスティール,メス,2020-01-23,1,ノーザンＦ,クラブ提供牧場,マイティースルー,14.0,2400.0,6.0,518.0,160.5,183.0,21.0,400,9.0,黒岩陽一 ,藤田輝信,大井,18,6,3977.0,7335.0,11312.0,4.713333333333333,25'スパーキングレディーC((G3)24'東京シンデレラマイル(G)-->,1,ok
2021,2020,23,ワシントンレガシーの2020,ハリケーンリッジ (Hurricane Ridge),2020103736,リアルスティール,メス,2020-02-04,2,ノーザンＦ,クラブ提供牧場,ワシントンレガシー,6.0,2200.0,5.5,438.0,153.0,173.0,19.5,400,1.0,大和田成 ,大和田成,美浦,15,2,2908.0,0.0,2908.0,1.3218181818181818,24'3歳以上1勝クラス23'3歳未勝利-->,0,ok
2021,2020,24,ロスヴァイセの2020,スキルヴィング (Skilfing),2020103722,キタサンブラック,牡,2020-03-25,3,ノーザンＦ,クラブ提供牧場,ロスヴァイセ,9.0,3400.0,8.5,506.0,162.0,182.0,21.9,400,3.0,木村哲也 ,木村哲也,美浦,5,3,7402.0,0.0,7402.0,2.177058823529412,23'青葉賞(G2)23'ゆりかもめ賞(1勝クラス)-->,1,ok
2021,2020,25,シンハディーパの2020,ディバイングレース (Divine Grace),2020103410,キタサンブラック,メス,2020-03-17,3,ノーザンＦ,クラブ提供牧場,シンハディーパ,10.0,2800.0,7.0,420.0,154.5,172.5,19.7,400,5.0,蛯名正義？,蛯名正義,美浦,19,1,1592.0,0.0,1592.0,0.5685714285714286,23'3歳未勝利-->,0,ok
2021,2020,26,ヒカルアモーレの2020,ルクスグローリア (Lux Gloria),2020102695,サトノダイヤモンド,牡,2020-04-11,4,白老Ｆ,クラブ提供牧場,ヒカルアモーレ,16.0,4000.0,10.0,465.0,157.5,171.0,20.5,400,9.0,宮田敬介 ,宮田敬介,美浦,1,0,280.0,0.0,280.0,0.07,-->,0,ok
2021,2020,27,エンシェントヒルの2020,ウォーカーカップ (Walker Cup),2020103288,サトノダイヤモンド,メス,2020-02-02,2,ノーザンＦ,クラブ提供牧場,エンシェントヒル,19.0,2000.0,5.0,458.0,161.5,181.5,20.4,400,9.0,伊藤大士 ,迫田清美,愛知,31,1,0.0,159.0,159.0,0.0795,C13組-->,0,ok
2021,2020,28,アドマイヤアロマの2020,フラグランツァ (Fragranza),2020103203,ハービンジャー,牡,2020-01-29,1,ノーザンＦ,クラブ提供牧場,アドマイヤアロマ,9.0,2800.0,7.0,441.0,151.0,176.5,20.7,400,1.0,戸田博文 ,宗形竹見,大井,24,5,220.0,950.0,1170.0,0.41785714285714287,C2五 六C216 17-->,0,ok
2021,2020,29,フェルミオンの2020,フェルミディラック (Fermi Dirac),2020103567,ハービンジャー,メス,2020-04-04,4,ノーザンＦ,クラブ提供牧場,フェルミオン,14.0,2200.0,5.5,463.0,154.0,176.5,20.3,400,9.0,勢司和浩 ,勢司和浩,美浦,4,0,55.0,0.0,55.0,0.025,-->,0,ok
2021,2020,30,ココファンタジアの2020,ファンタジスタ (Fantasista),2020102651,ルーラーシップ,牡,2020-02-15,2,白老Ｆ,クラブ提供牧場,ココファンタジア,7.0,3200.0,8.0,469.0,152.0,174.0,19.8,400,1.0,宮田敬介 ,今津博之,愛知,24,1,303.0,138.0,441.0,0.1378125,C23組-->,0,ok
2021,2020,31,クローバーリーフの2020,イルディヴィーノ (Il Divino),2020103349,キンシャサノキセキ,牡,2020-04-13,4,ノーザンＦ,クラブ提供牧場,クローバーリーフ,12.0,2400.0,6.0,473.0,159.0,179.0,20.8,400,6.0,稲垣幸雄 ,稲垣幸雄,美浦,15,2,2030.0,0.0,2030.0,0.8458333333333333,25'障害3歳以上未勝利22'2歳新馬-->,0,ok
2021,2020,34,ポロンナルワの2020,ラクサパーナ (Laxapana),2020103614,ダイワメジャー,メス,2020-05-08,5,ノーザンＦ,クラブ提供牧場,ポロンナルワ,12.0,3000.0,7.5,426.0,148.5,172.5,20.0,400,9.0,矢野英一 ,矢野英一,美浦,16,1,1421.0,0.0,1421.0,0.4736666666666667,23'3歳未勝利-->,0,ok
2021,2020,35,ビットレートの2020,クエイヴァー (Quaver),2020103546,ヘニーヒューズ,メス,2020-01-29,1,ノーザンＦ,クラブ提供牧場,ビットレート,8.0,2200.0,5.5,415.0,150.0,171.0,19.5,400,2.0,小西一男 ,瀬戸幸一,岩手,15,0,55.0,30.0,85.0,0.038636363636363635,-->,0,ok
2021,2020,36,カイゼリンの2020,エーリチェ (Erice),2020103301,リオンディーズ,メス,2020-01-29,1,ノーザンＦ,クラブ提供牧場,カイゼリン,15.0,2200.0,5.5,478.0,153.5,176.0,19.6,400,9.0,田中博康 ,千葉直人,美浦,11,4,243.0,180.0,423.0,0.19227272727272726,楽天競馬×楽天モバイル賞C2四組-->,0,ok
2021,2020,37,ユールフェストの2020,オルフェスト (Or Fest),2020102718,オルフェーヴル,メス,2020-05-12,5,白老Ｆ,クラブ提供牧場,ユールフェスト,11.0,2200.0,5.5,395.0,149.5,168.5,18.4,400,5.0,池上昌和 ,池上昌和,美浦,16,2,2128.0,0.0,2128.0,0.9672727272727273,24'4歳以上1勝クラス23'3歳未勝利-->,0,ok
2021,2020,38,レオパルディナの2020,パンテーラネーラ (Pantera Nera),2020102727,サトノアラジン,牡,2020-02-09,2,白老Ｆ,クラブ提供牧場,レオパルディナ,8.0,2000.0,5.0,449.0,153.5,171.5,20.0,400,2.0,中舘英二 ,千葉博次,岩手,15,2,0.0,92.0,92.0,0.046,C2C2-->,0,ok
2021,2020,39,アールブリュットの2020,アールブリュットの2020,2020103234,ブラックタイド,メス,2020-02-22,2,ノーザンＦ,クラブ提供牧場,アールブリュット,8.0,2400.0,6.0,435.0,152.0,174.0,19.5,400,2.0,木村哲也 ,木村哲也,美浦,0,0,0.0,0.0,0,0.0,-->,0,ok
2021,2020,41,アドヴェントスの2020,ラトレイア (Latreia),2020102626,ミッキーアイル,メス,2020-02-02,2,白老Ｆ,クラブ提供牧場,アドヴェントス,7.0,2000.0,5.0,421.0,151.5,169.5,18.6,400,1.0,高柳瑞樹 ,高柳瑞樹,美浦,2,0,0.0,0.0,0,0.0,-->,0,ok
2021,2020,42,フォトコールの2020,ブレガーロード (Bregagh Road),2020103569,Quality Road,牡,2020-04-03,4,ノーザンＦ,クラブ提供牧場,フォトコール,9.0,8000.0,20.0,436.0,153.5,173.0,19.6,400,2.0,木村哲也 ,岩戸孝樹,美浦,9,2,55.0,70.0,125.0,0.015625,C2十組C2五組-->,0,ok
2021,2020,43,ウィープノーモアの2020,キープスマイリング (Keep Smiling),2020103248,Quality Road,メス,2020-01-31,1,ノーザンＦ,クラブ提供牧場,ウィープノーモア,7.0,3000.0,7.5,512.0,163.0,182.0,21.8,400,1.0,武井亮 ,武井亮,美浦,10,2,1750.0,0.0,1750.0,0.5833333333333334,23'3歳以上1勝クラス23'3歳未勝利-->,0,ok
2021,2020,45,アディクティドの2020,アルアリング,2020103201,ロードカナロア,メス,2020-02-03,2,ノーザンＦ,クラブ提供牧場,アディクティド,14.0,4400.0,11.0,479.0,156.0,176.0,19.5,400,7.0,高野友和 ,高野友和,栗東,0,0,0.0,0.0,0,0.0,-->,0,ok
2021,2020,46,フロアクラフトの2020,ポルカリズム (Polka Rhythm),2020103577,ロードカナロア,メス,2020-04-07,4,ノーザンＦ,クラブ提供牧場,フロアクラフト,10.0,4400.0,11.0,431.0,157.0,173.5,19.2,400,4.0,中内田充正 ,中内田充,栗東,18,4,7549.0,0.0,7549.0,1.715681818181818,26'若潮S(3勝クラス)24'御宿特別(2勝クラス)-->,0,ok
2021,2020,47,ワイの2020,ロードマンハイム (Lord Mannheim),2020100177,ロードカナロア,メス,2020-05-13,5,追分Ｆ,クラブ提供牧場,ワイ,12.0,4000.0,10.0,433.0,152.5,177.0,19.6,400,7.0,武幸四郎 ,友道康夫,栗東,24,2,4760.0,0.0,4760.0,1.19,24'合馬特別(1勝クラス)23'3歳未勝利-->,0,ok_fixup
2021,2020,48,ホットスウェルの2020,レイジングウェイブ (Raging Wave),2020106193,ハーツクライ,牡,2020-05-16,5,ノーザンＦ,クラブ提供牧場,ホットスウェル,15.0,2800.0,7.0,403.0,151.5,166.0,18.5,400,9.0,牧田和弥 ,川添明弘,金沢,21,2,0.0,167.0,167.0,0.05964285714285714,C21組C14組-->,0,ok
2021,2020,53,レイリオンの2020,ラレーヌデリス (La Reine des Lys),2020103696,エピファネイア,メス,2020-01-27,1,ノーザンＦ,クラブ提供牧場,レイリオン,7.0,3400.0,8.5,476.0,156.0,183.0,19.3,400,1.0,安田翔伍 ,安田翔伍,栗東,22,2,4741.0,0.0,4741.0,1.3944117647058825,23'3歳以上1勝クラス23'3歳未勝利-->,0,ok
2021,2020,55,リーチングの2020,リーチエミネンス (Reach Eminence),2020103691,ドゥラメンテ,メス,2020-04-26,4,ノーザンＦ,クラブ提供牧場,リーチング,11.0,2400.0,6.0,410.0,151.5,167.5,19.1,400,7.0,杉山晴紀 ,杉山晴紀,栗東,3,0,0.0,0.0,0,0.0,-->,0,ok
2021,2020,56,コルコバードの2020,パンデアスカル (Pao de Acucar),2020103369,モーリス,牡,2020-04-14,4,ノーザンＦ,クラブ提供牧場,コルコバード,7.0,4000.0,10.0,438.0,157.0,173.0,20.4,400,1.0,高野友和 ,小椋研介,栗東,23,2,3420.0,0.0,3420.0,0.855,23'3歳以上1勝クラス22'2歳未勝利-->,0,ok
2021,2020,58,スペクトロライトの2020,ユレマー (Ylamaa),2020103443,モーリス,メス,2020-01-28,1,ノーザンＦ,クラブ提供牧場,スペクトロライト,10.0,2400.0,6.0,467.0,153.5,181.0,19.7,400,4.0,石坂公一 ,井樋明正,佐賀,68,1,0.0,194.0,194.0,0.08083333333333333,C級未勝利-->,0,ok
2021,2020,59,グランデアモーレの2020,ハートループ (Heart Loop),2020102649,モーリス,メス,2020-03-07,3,白老Ｆ,クラブ提供牧場,グランデアモーレ,10.0,3400.0,8.5,465.0,156.5,178.0,20.0,400,4.0,池添学 ,高橋純,岩手,51,2,620.0,234.0,854.0,0.2511764705882353,23'3歳新馬C1-->,0,ok
2021,2020,60,リリカルホワイトの2020,クールブロン (Coeur Blanc),2020102724,ドレフォン,牡,2020-02-14,2,白老Ｆ,クラブ提供牧場,リリカルホワイト,7.0,3400.0,8.5,478.0,159.5,176.0,20.3,400,1.0,武幸四郎 ,井上智史,栗東,28,3,5460.0,0.0,5460.0,1.6058823529411765,25'西湖特別(2勝クラス)24'4歳以上1勝クラス-->,0,ok
2021,2020,61,ラフォルジュルネの2020,ボーマルシェ (Beaumarchais),2020102721,ドレフォン,牡,2020-02-29,2,白老Ｆ,クラブ提供牧場,ラフォルジュルネ,13.0,3000.0,7.5,446.0,156.0,177.0,20.7,400,6.0,平田修 ,平田修,栗東,1,0,0.0,0.0,0,0.0,-->,0,ok
2021,2020,62,ディアデラノビアの2020,メグスタス (Me Gustas),2020103488,ドレフォン,メス,2020-03-31,3,ノーザンＦ,クラブ提供牧場,ディアデラノビア,18.0,2000.0,5.0,387.0,152.0,164.0,19.0,400,12.0,森田直行 ,森田直行,栗東,5,0,180.0,0.0,180.0,0.09,-->,0,ok
2021,2020,63,ライジングクロスの2020,ライジングホープ (Rising Hope),2020103660,リアルスティール,メス,2020-02-12,2,ノーザンＦ,クラブ提供牧場,ライジングクロス,17.0,2800.0,7.0,438.0,151.0,173.5,19.3,400,11.0,松下武士 ,三野宮通,岩手,29,2,500.0,142.0,642.0,0.2292857142857143,C1C2三組-->,0,ok
2021,2020,64,ラカリフォルニーの2020,モンテコルノ (Monte Corno),2020103665,キタサンブラック,牡,2020-02-05,2,ノーザンＦ,クラブ提供牧場,ラカリフォルニー,7.0,2800.0,7.0,456.0,156.0,181.0,21.5,400,3.0,奥村豊 ,山田義人,佐賀,55,2,140.0,216.0,356.0,0.12714285714285714,C2ー17組オッズパークpresentsホークス杯-->,0,ok
2021,2020,66,プラチナブロンドの2020,ガーランドスタイル (Garland Style),2020103585,サトノダイヤモンド,牡,2020-04-26,4,ノーザンＦ,クラブ提供牧場,プラチナブロンド,9.0,3200.0,8.0,407.0,147.5,166.5,20.2,400,3.0,橋口慎介 ,原口次夫,愛知,19,0,313.0,33.0,346.0,0.108125,-->,0,ok
2021,2020,67,ピースエンブレムの2020,ブルーペクトライト (Blue Pectolite),2020103556,サトノダイヤモンド,メス,2020-03-08,3,ノーザンＦ,クラブ提供牧場,ピースエンブレム,14.0,2400.0,6.0,460.0,154.5,176.5,19.7,400,6.0,池添学 ,宮地貴稔,栗東,26,2,3134.0,0.0,3134.0,1.3058333333333334,25'4歳以上1勝クラス23'3歳未勝利-->,0,ok
2021,2020,68,エレガントマナーの2020,ラッフィナート (Raffinato),2020103286,ハービンジャー,牡,2020-03-27,3,ノーザンＦ,クラブ提供牧場,エレガントマナー,14.0,3000.0,7.5,418.0,152.0,173.0,20.5,400,9.0,藤岡健一 ,藤岡健一,栗東,0,0,0.0,0.0,0,0.0,-->,0,ok
2021,2020,70,ローズノーブルの2020,ミントマーク (Mint Mark),2020103731,ルーラーシップ,牡,2020-03-03,3,ノーザンＦ,クラブ提供牧場,ローズノーブル,11.0,3600.0,9.0,444.0,155.0,174.5,20.4,400,5.0,池添学 ,高橋一哉,栗東,17,2,3913.0,0.0,3913.0,1.0869444444444445,25'3歳以上1勝クラス23'3歳未勝利-->,0,ok
2021,2020,73,ピュアブリーゼの2020,フェアリーピコ (Fairy Pico),2020103551,キンシャサノキセキ,メス,2020-01-14,1,ノーザンＦ,クラブ提供牧場,ピュアブリーゼ,12.0,1600.0,4.0,425.0,149.5,173.0,19.6,400,6.0,茶木太樹 ,大島静夫,佐賀,33,1,0.0,202.0,202.0,0.12625,C21組-->,0,ok
2021,2020,74,グレイシアブルーの2020,ブリックスダール (Briksdal),2020103358,サトノクラウン,牡,2020-02-12,2,ノーザンＦ,クラブ提供牧場,グレイシアブルー,18.0,4000.0,10.0,432.0,152.0,169.5,20.2,400,11.0,清水久詞 ,中川竜馬,佐賀,54,0,110.0,271.0,381.0,0.09525,-->,0,ok
2021,2020,75,クレオールの2020,ノヴィアル (Novial),2020103345,サトノクラウン,メス,2020-02-09,2,ノーザンＦ,クラブ提供牧場,クレオール,8.0,1400.0,3.5,423.0,149.0,170.5,19.1,400,2.0,渡辺薫彦 ,藤ケ崎一,愛知,29,0,335.0,43.0,378.0,0.27,-->,0,ok
2021,2020,77,ココシュニックの2020,ハンベルジャイト (Hambergite),2020103367,ジャスタウェイ,メス,2020-01-30,1,ノーザンＦ,クラブ提供牧場,ココシュニック,15.0,2200.0,5.5,489.0,153.5,176.0,19.8,400,10.0,大久保龍志 ,大久保龍,栗東,24,3,4219.0,0.0,4219.0,1.9177272727272727,24'雲仙特別(2勝クラス)23'3歳1勝クラス-->,0,ok
2021,2020,80,シェルズレイの2020,レイアネラ,2020103395,ダイワメジャー,メス,2020-02-27,2,ノーザンＦ,クラブ提供牧場,シェルズレイ,17.0,5000.0,12.5,499.0,154.5,183.0,20.5,400,12.0,高野友和 ,高野友和,栗東,0,0,0.0,0.0,0,0.0,-->,0,ok
2021,2020,81,シャンドランジュの2020,セラフィックコール (Seraphic Call),2020103400,ヘニーヒューズ,牡,2020-02-01,2,ノーザンＦ,クラブ提供牧場,シャンドランジュ,7.0,3000.0,7.5,485.0,158.0,180.0,20.0,400,2.0,寺島良 ,内田勝義,川崎,18,7,9468.0,12085.0,21553.0,7.184333333333333,24'ダイオライト記念(G2)25'ダイオライト記念(G2)-->,1,ok
2021,2020,82,ホワイトミーティアの2020,ウインターズテイル (Winter's Tale),2020103607,リオンディーズ,メス,2020-01-23,1,ノーザンＦ,クラブ提供牧場,ホワイトミーティア,9.0,1800.0,4.5,462.0,154.5,175.0,20.0,400,5.0,吉岡辰弥 ,吉岡辰弥,栗東,5,0,70.0,0.0,70.0,0.03888888888888889,-->,0,ok
2021,2020,83,リリウムの2020,メガラニカ (Magallanica),2020102723,イスラボニータ,牡,2020-01-31,1,白老Ｆ,クラブ提供牧場,リリウム,15.0,2000.0,5.0,586.0,161.0,183.5,22.2,400,12.0,平田修 ,平田修,栗東,0,0,0.0,0.0,0,0.0,-->,0,ok
2021,2020,84,グリューヴァインの2020,シラーヴァイン (Schillerwein),2020103352,キズナ,メス,2020-03-17,3,ノーザンＦ,クラブ提供牧場,グリューヴァイン,8.0,2200.0,5.5,370.0,151.0,168.0,20.0,400,2.0,橋田満 ,櫻井今朝,愛知,5,0,0.0,0.0,0,0.0,-->,0,ok
2021,2020,85,カニョットの2020,パルメリータ (Palmerita),2020102642,スクリーンヒーロー,メス,2020-03-09,3,白老Ｆ,クラブ提供牧場,カニョット,15.0,1800.0,4.5,451.0,154.5,175.5,18.6,400,8.0,西園正都 ,細川忠義,高知,29,1,1340.0,117.0,1457.0,0.8094444444444444,23'3歳未勝利-->,0,ok
2021,2020,88,キャヴァルドレの2020,プロトポロス (Protoporos),2020103325,War Front,牡,2020-03-28,3,ノーザンＦ,クラブ提供牧場,キャヴァルドレ,6.0,5000.0,12.5,470.0,157.0,176.0,20.6,400,1.0,西村真幸 ,西村真幸,栗東,16,4,6329.0,0.0,6329.0,1.2658,25'伊賀S(3勝クラス)25'洲本特別(2勝クラス)-->,0,ok
2021,2020,89,ブリトマルティスの2020,ラビュリントス (Labyrinthos),2020105574,キンシャサノキセキ,メス,2020-04-27,4,新冠橋本牧場,クラブ提供牧場,ブリトマルティス,16.0,1400.0,14.0,418.0,150.0,171.5,19.6,100,8.0,,田中淳司,北海道,21,4,0.0,3524.0,3524.0,2.5171428571428573,ジュニアグランプリ(ホークビル賞オパールC-->,0,ok
2021,2020,90,ライクザウインドの2020,エオリエンヌ (Eolienne),2020103659,トゥザワールド,メス,2020-04-15,4,ノーザンＦ,クラブ提供牧場,ライクザウインド,20.0,1400.0,14.0,459.0,155.0,176.5,19.9,100,14.0,,内田勝義,川崎,15,3,0.0,1422.0,1422.0,1.0157142857142858,天香桂花賞ルドベキア特別-->,0,ok
2021,2020,91,ネオフレグランスの2020,マリンノート (Marine Note),2020102689,ルーラーシップ,メス,2020-04-18,4,白老Ｆ,クラブ提供牧場,ネオフレグランス,6.0,1600.0,16.0,378.0,146.5,165.0,18.3,100,1.0,,藤ヶ崎一,愛知,7,0,0.0,67.0,67.0,0.041875,-->,0,ok
2022,2021,1,ミリッサの2021,ハッピージャズ (Happy Jazz),2021105809,ロードカナロア,牡,2021-03-01,3,ノーザンＦ,クラブ提供牧場,ミリッサ,7.0,5000.0,12.5,387.0,143.5,164.5,19.9,400,1.0,高橋文雅,高橋文雅,美浦,2,0,0.0,0.0,0,0.0,-->,0,ok
2022,2021,2,ジョプリンの2021,ジュビランス (Jubilance),2021105961,ロードカナロア,メス,2022-01-15,1,レイクヴィラＦ,クラブ提供牧場,ジョプリン,7.0,4000.0,10.0,454.0,151.5,174.0,19.5,400,1.0,木村哲也,田辺陽一,川崎,9,1,300.0,157.0,457.0,0.11425,独楽回し賞-->,0,ok
2022,2021,3,ヒルダズパッションの2021,アルドール (Ardor),2021105707,ロードカナロア,メス,2021-02-28,2,ノーザンＦ,クラブ提供牧場,ヒルダズパッション,14.0,6000.0,15.0,485.0,161.5,178.0,21.3,400,9.0,手塚貴久,手塚貴徳,美浦,8,2,1640.0,0.0,1640.0,0.2733333333333333,25'4歳以上1勝クラス24'3歳未勝利-->,0,ok
2022,2021,4,グリューネワルトの2021,オーデンヴァルト (Odenwald),2021105510,ロードカナロア,メス,2021-03-08,3,ノーザンＦ,クラブ提供牧場,グリューネワルト,14.0,5000.0,12.5,454.0,154.0,174.0,19.0,400,8.0,林徹,林徹,美浦,2,0,0.0,0.0,0,0.0,-->,0,ok
2022,2021,5,インクルードベティの2021,インクルージョン (Inclusion),2021105403,ハーツクライ,牡,2022-01-23,1,ノーザンＦ,クラブ提供牧場,インクルードベティ,9.0,7000.0,17.5,482.0,152.5,175.5,20.8,400,4.0,堀宣行,堀宣行,美浦,3,0,290.0,0.0,290.0,0.041428571428571426,-->,0,ok
2022,2021,6,サンブルエミューズの2021,アルセナール (Arsenaal),2021105548,エピファネイア,メス,2021-03-30,3,ノーザンＦ,クラブ提供牧場,サンブルエミューズ,11.0,7000.0,17.5,450.0,152.5,173.5,20.1,400,5.0,木村哲也,木村哲也,美浦,11,2,5033.0,0.0,5033.0,0.719,25'分倍河原S(3勝クラス)23'2歳新馬-->,0,ok
2022,2021,7,シャルールの2021,カニキュル (Canicule),2021104865,エピファネイア,メス,2021-05-05,5,白老Ｆ,クラブ提供牧場,シャルール,9.0,4000.0,10.0,440.0,154.5,173.0,19.4,400,3.0,菊沢隆徳,菊沢隆徳,美浦,14,3,7311.0,0.0,7311.0,1.82775,25'4歳以上2勝クラス24'三浦特別(1勝クラス)-->,0,ok
2022,2021,8,フィンレイズラッキーチャームの2021,シックスペンス (Sixpence),2021105724,キズナ,牡,2021-04-17,4,ノーザンＦ,クラブ提供牧場,フィンレイズラッキーチャーム,8.0,5000.0,12.5,429.0,151.0,173.0,20.8,400,2.0,国枝栄,田中博康,美浦,14,6,39269.0,2800.0,42069.0,8.4138,26'安田記念(G1)24'毎日王冠(G2)-->,1,ok
2022,2021,9,ザズーの2021,セルース (Selous),2021105550,キズナ,メス,2021-02-03,2,ノーザンＦ,クラブ提供牧場,ザズー,13.0,3600.0,9.0,410.0,156.0,175.0,19.2,400,8.0,池上昌和,池上昌和,美浦,5,0,303.0,0.0,303.0,0.08416666666666667,-->,0,ok
2022,2021,10,ロスヴァイセの2021,ジークルーネ (Siegrune),2021105901,キズナ,メス,2021-03-03,3,ノーザンＦ,クラブ提供牧場,ロスヴァイセ,10.0,3200.0,8.0,421.0,150.0,173.0,19.9,400,4.0,栗田徹,浅利英明,美浦,8,1,720.0,0.0,720.0,0.225,23'2歳新馬-->,0,ok
2022,2021,11,アールブリュットの2021,アンフォルメル (Informel),2021105393,ドゥラメンテ,牡,2021-02-26,2,ノーザンＦ,クラブ提供牧場,アールブリュット,9.0,6000.0,15.0,466.0,159.5,180.0,20.2,400,3.0,国枝栄,板垣吉則,岩手,1,0,0.0,0.0,0,0.0,-->,0,ok
2022,2021,12,フロアクラフトの2021,クランプダンス (Krump Dance),2021105733,ドゥラメンテ,メス,2021-04-14,4,ノーザンＦ,クラブ提供牧場,フロアクラフト,11.0,4000.0,10.0,435.0,153.0,173.5,20.1,400,5.0,宮田敬介,宮田敬介,美浦,3,0,155.0,0.0,155.0,0.03875,-->,0,ok
2022,2021,13,マイハッピーフェイスの2021,ルミナスティ (Luminosity),2021105782,ドゥラメンテ,メス,2021-04-15,4,ノーザンＦ,クラブ提供牧場,マイハッピーフェイス,11.0,2400.0,6.0,440.0,158.0,173.5,20.5,400,6.0,加藤征弘,加藤征弘,美浦,0,0,0.0,0.0,0,0.0,-->,0,ok
2022,2021,14,ブルーメンブラットの2021,シュトラウス (Strauss),2021105744,モーリス,牡,2021-01-24,1,ノーザンＦ,クラブ提供牧場,ブルーメンブラット,18.0,5000.0,12.5,522.0,160.0,181.5,21.5,400,12.0,武井亮,武井亮,美浦,15,4,10337.0,0.0,10337.0,2.0674,23'東京スポーツ杯2歳S(G2)25'白富士S(L)-->,1,ok
2022,2021,15,リカビトスの2021,リュケイオン (Lykeion),2021105853,モーリス,牡,2021-02-27,2,ノーザンＦ,クラブ提供牧場,リカビトス,7.0,3200.0,8.0,418.0,150.5,176.0,20.0,400,1.0,奥村武,奥村武,美浦,15,3,858.0,296.0,1154.0,0.360625,B1B1三組B2一組混合-->,0,ok
2022,2021,16,シャイントレイルの2021,トラジェクトワール (Trajectoire),2021105555,モーリス,牡,2021-03-22,3,ノーザンＦ,クラブ提供牧場,シャイントレイル,7.0,4000.0,10.0,437.0,153.0,176.0,20.6,400,1.0,尾関知人,加藤和宏,金沢,19,5,742.0,230.0,972.0,0.243,23'2歳未勝利堀江舞アナ明日8月5日はお誕生日記念-->,0,ok
2022,2021,17,ピュアブリーゼの2021,ヴィントシュティレ (Windstille),2021105713,モーリス,メス,2021-02-02,2,ノーザンＦ,クラブ提供牧場,ピュアブリーゼ,13.0,2400.0,6.0,480.0,160.0,182.5,19.6,400,7.0,古賀慎明,井樋一也,金沢,24,2,923.0,135.0,1058.0,0.44083333333333335,24'3歳未勝利最高の推し!真白生誕祭記念-->,0,ok
2022,2021,18,タイムハンドラーの2021,タイムハンドラーの2021,2021104884,モーリス,メス,2021-02-06,2,追分Ｆ,クラブ提供牧場,タイムハンドラー,5.0,2000.0,5.0,403.0,149.0,172.5,18.6,400,1.0,栗田徹,,,0,0,0.0,0.0,0,0.0,-->,0,ok
2022,2021,19,ヴィータアレグリアの2021,アグラード (Agrado),2021105429,ニューイヤーズデイ,牡,2021-04-08,4,ノーザンＦ,クラブ提供牧場,ヴィータアレグリア,10.0,3200.0,8.0,440.0,154.0,177.0,20.1,400,4.0,高柳瑞樹,高柳瑞樹,美浦,13,2,2370.0,0.0,2370.0,0.740625,25'4歳以上1勝クラス23'2歳未勝利-->,0,ok
2022,2021,20,チアズメッセージの2021,ブレスワード (Bless Word),2021105642,ニューイヤーズデイ,牡,2022-05-09,5,ノーザンＦ,クラブ提供牧場,チアズメッセージ,21.0,3000.0,7.5,439.0,151.5,173.5,20.5,400,14.0,中舘英二,渡辺和雄,大井,12,4,3084.0,217.0,3301.0,1.1003333333333334,25'4歳以上2勝クラス25'4歳以上1勝クラス-->,0,ok
2022,2021,21,スペクトロライトの2021,イリディセント (Iridescent),2021105614,ニューイヤーズデイ,メス,2021-01-26,1,ノーザンＦ,クラブ提供牧場,スペクトロライト,11.0,2400.0,6.0,433.0,153.5,173.0,19.8,400,5.0,田中剛,田中剛,美浦,10,1,860.0,0.0,860.0,0.35833333333333334,23'2歳未勝利-->,0,ok
2022,2021,22,アンジュシャルマンの2021,レシェルドランジュ (L'Echellede l'Ange),2021105386,ニューイヤーズデイ,メス,2021-02-03,2,ノーザンＦ,クラブ提供牧場,アンジュシャルマン,7.0,2000.0,5.0,441.0,153.0,175.0,19.0,400,2.0,伊藤大士,坂口義幸,愛知,11,2,550.0,85.0,635.0,0.3175,24'3歳未勝利C7組-->,0,ok
2022,2021,23,エスティタートの2021,ポンポーソ,2021104836,ブリックスアンドモルタル,メス,2021-02-24,2,白老Ｆ,クラブ提供牧場,エスティタート,8.0,2000.0,5.0,411.0,146.0,168.0,18.9,400,2.0,奥村武,,,0,0,0.0,0.0,0,0.0,-->,0,ok
2022,2021,24,パルティトゥーラの2021,スパルティート (Spartito),2021105697,ブリックスアンドモルタル,メス,2021-03-12,3,ノーザンＦ,クラブ提供牧場,パルティトゥーラ,7.0,2800.0,7.0,412.0,154.0,166.0,21.0,400,2.0,和田正一郎,和田正一,美浦,2,0,0.0,0.0,0,0.0,-->,0,ok
2022,2021,25,フレジェールの2021,モンタンヴェール (Montenvers),2021105196,ブリックスアンドモルタル,メス,2021-04-24,4,社台,クラブ提供牧場,フレジェール,17.0,2000.0,5.0,390.0,151.5,173.0,20.0,400,9.0,堀宣行,堀宣行,美浦,3,0,0.0,0.0,0,0.0,-->,0,ok
2022,2021,26,ケイティーズハートの2021,イゾラフェリーチェ (Isola Felice),2021105516,サトノクラウン,メス,2021-03-19,3,ノーザンＦ,クラブ提供牧場,ケイティーズハート,12.0,4000.0,10.0,455.0,155.5,172.5,21.3,400,6.0,鹿戸雄一,鹿戸雄一,美浦,17,2,3973.0,0.0,3973.0,0.99325,24'デイジー賞(1勝クラス)23'2歳未勝利-->,0,ok
2022,2021,27,プルメリアスターの2021,ジオセントリック (Geocentric),2021105755,ハービンジャー,牡,2021-03-29,3,ノーザンＦ,クラブ提供牧場,プルメリアスター,9.0,4000.0,10.0,441.0,156.0,174.5,20.0,400,3.0,手塚貴久,手塚貴久,美浦,7,2,3709.0,0.0,3709.0,0.92725,24'3歳以上1勝クラス23'2歳新馬-->,0,ok
2022,2021,29,ヒカルアモーレの2021,グランルフレ,2021104902,リアルインパクト,牡,2021-05-07,5,ノーザンＦ,クラブ提供牧場,ヒカルアモーレ,17.0,2400.0,6.0,478.0,159.0,177.0,20.5,400,10.0,戸田博文,,,0,0,0.0,0.0,0,0.0,-->,0,ok
2022,2021,30,コケレールの2021,ヴェラベレッツァ (Vera Bellezza),2021105518,リアルインパクト,メス,2021-02-23,2,ノーザンＦ,クラブ提供牧場,コケレール,17.0,1800.0,4.5,467.0,158.5,180.5,19.9,400,10.0,小島茂之,小島茂之,美浦,5,0,110.0,0.0,110.0,0.06111111111111111,-->,0,ok
2022,2021,31,アイヴィベルの2021,ミダース (Midas),2021105951,レイデオロ,牡,2022-02-15,2,レイクヴィラＦ,クラブ提供牧場,アイヴィベル,8.0,4600.0,11.5,485.0,157.0,182.5,21.2,400,2.0,栗田徹,栗田徹,美浦,10,2,3070.0,0.0,3070.0,0.6673913043478261,25'3歳以上1勝クラス24'3歳未勝利-->,0,ok
2022,2021,32,マリアライトの2021,マリガーネット (Mali Garnet),2021105787,レイデオロ,メス,2021-02-15,2,ノーザンＦ,クラブ提供牧場,マリアライト,10.0,5000.0,12.5,391.0,149.5,169.5,19.5,400,4.0,久保田貴士,久保田貴,美浦,4,0,62.0,0.0,62.0,0.0124,-->,0,ok
2022,2021,33,スプリングゲイルの2021,ヴァンセゾニエ (Vent Saisonnier),2021105612,ミッキーアイル,牡,2021-05-07,5,ノーザンＦ,クラブ提供牧場,スプリングゲイル,7.0,2400.0,6.0,435.0,148.0,175.0,20.0,400,2.0,武藤善則,森澤友貴,兵庫,19,2,386.0,266.0,652.0,0.27166666666666667,C1二C2一-->,0,ok
2022,2021,35,ミセスワタナベの2021,アルシミスト (Alchimiste),2021105805,オルフェーヴル,牡,2021-03-09,3,ノーザンＦ,クラブ提供牧場,ミセスワタナベ,7.0,3000.0,7.5,456.0,152.0,172.0,20.4,400,1.0,木村哲也,浅利英明,美浦,11,1,770.0,0.0,770.0,0.25666666666666665,24'3歳未勝利-->,0,ok
2022,2021,36,エンプレスティアラの2021,イクリール (Iklil),2021106563,シュヴァルグラン,牡,2021-04-08,4,ノーザンＦ,クラブ提供牧場,エンプレスティアラ,17.0,2000.0,5.0,445.0,160.0,175.5,21.0,400,12.0,青木孝文,青木孝文,美浦,16,2,3909.0,0.0,3909.0,1.9545,25'4歳以上1勝クラス25'4歳以上1勝クラス-->,0,ok
2022,2021,37,ジンジャーパンチの2021,シトラール (Citral),2021105596,スワーヴリチャード,牡,2021-03-29,3,ノーザンＦ,クラブ提供牧場,ジンジャーパンチ,18.0,5000.0,12.5,463.0,151.5,176.0,20.4,400,12.0,萩原清,古賀大生,美浦,9,1,1110.0,0.0,1110.0,0.222,23'2歳未勝利-->,0,ok
2022,2021,38,トップライナーⅡの2021,ビートメイカー (Beatmaker),2021105674,スワーヴリチャード,メス,2021-04-25,4,ノーザンＦ,クラブ提供牧場,トップライナーⅡ,19.0,2400.0,6.0,410.0,150.0,173.5,19.0,400,12.0,大竹正博,大竹正博,美浦,5,0,0.0,0.0,0,0.0,-->,0,ok_fixup
2022,2021,39,アンフィトリテⅡの2021,トライデントスピア (Trident Spear),2021105389,ダイワメジャー,牡,2021-02-04,2,ノーザンＦ,クラブ提供牧場,アンフィトリテⅡ,6.0,5000.0,12.5,492.0,158.0,178.0,20.5,400,1.0,田中博康,田中博康,美浦,8,1,1700.0,0.0,1700.0,0.34,24'3歳未勝利-->,0,ok_fixup
2022,2021,40,シンギングメリリーの2021,フォルクスリート (Volkslied),2021105571,ダイワメジャー,メス,2021-03-29,3,ノーザンＦ,クラブ提供牧場,シンギングメリリー,6.0,2000.0,5.0,486.0,157.0,178.0,21.1,400,3.0,矢野英一,矢野英一,美浦,14,2,2365.0,0.0,2365.0,1.1825,24'3歳以上1勝クラス24'3歳未勝利-->,0,ok
2022,2021,41,シークレットスパイスの2021,クラッシファイド (Classified),2021105580,リアルスティール,牡,2021-01-24,1,ノーザンＦ,クラブ提供牧場,シークレットスパイス,6.0,4000.0,10.0,433.0,159.0,172.5,20.5,400,1.0,黒岩陽一,黒岩陽一,美浦,12,2,3125.0,0.0,3125.0,0.78125,25'3歳以上1勝クラス23'2歳新馬-->,0,ok
2022,2021,42,モアザンセイクリッドの2021,ディヴァイネスト (Divinest),2021105816,リアルスティール,メス,2021-05-05,5,ノーザンＦ,クラブ提供牧場,モアザンセイクリッド,12.0,2000.0,5.0,400.0,156.5,170.0,18.7,400,6.0,勢司和浩,勢司和浩,美浦,5,0,62.0,0.0,62.0,0.031,-->,0,ok
2022,2021,43,ビットレートの2021,エクサビット (Exabit),2021105710,ドレフォン,メス,2021-01-19,1,ノーザンＦ,クラブ提供牧場,ビットレート,9.0,2800.0,7.0,489.0,156.0,180.5,20.0,400,3.0,萩原清,萩原清,美浦,8,0,1348.0,0.0,1348.0,0.48142857142857143,-->,0,ok
2022,2021,44,ウインジュビリーの2021,コイヌール (Kohinoor),2021106561,リオンディーズ,牡,2021-01-21,1,ノーザンＦ,クラブ提供牧場,ウインジュビリー,13.0,3000.0,7.5,448.0,157.0,173.0,21.0,400,7.0,鹿戸雄一,柄崎将寿,美浦,11,1,924.0,0.0,924.0,0.308,23'2歳未勝利-->,0,ok
2022,2021,45,コルコバードの2021,ヘデントール (Redentor),2021105521,ルーラーシップ,牡,2021-04-06,4,ノーザンＦ,クラブ提供牧場,コルコバード,8.0,3600.0,9.0,444.0,154.0,173.5,20.0,400,2.0,木村哲也,木村哲也,美浦,11,6,51610.0,0.0,51610.0,14.33611111111111,25'天皇賞(春)(G1)25'ダイヤモンドS(G3)-->,1,ok
2022,2021,46,ピースエンブレムの2021,アージェント (Argent),2021105716,シルバーステート,牡,2021-02-14,2,ノーザンＦ,クラブ提供牧場,ピースエンブレム,15.0,4400.0,11.0,510.0,158.5,183.0,21.2,400,7.0,宮田敬介,黒岩陽一,美浦,9,3,1100.0,80.0,1180.0,0.2681818181818182,25'4歳以上1勝クラスC2十一組-->,0,ok
2022,2021,47,ティンバレスの2021,リムショット (Rimshot),2021105656,ヘニーヒューズ,牡,2021-02-15,2,ノーザンＦ,クラブ提供牧場,ティンバレス,9.0,3000.0,7.5,502.0,159.0,177.0,20.7,400,3.0,中川公成,角田輝也,愛知,25,3,0.0,345.0,345.0,0.115,3歳以上C4ー23歳以上C3ー2C4ー1-->,0,ok
2022,2021,48,バイラオーラの2021,アシセバイラ (Asi se Baila),2021104896,マインドユアビスケッツ,メス,2021-01-30,1,ノーザンＦ,クラブ提供牧場,バイラオーラ,15.0,1600.0,4.0,478.0,155.0,180.0,19.0,400,9.0,辻哲英,高橋清顕,大井,25,1,657.0,346.0,1003.0,0.626875,23'2歳未勝利-->,0,ok
2022,2021,49,ヒルダの2021,ヴェルトラウム (Weltraum),2021104903,ミッキーロケット,牡,2021-04-23,4,ノーザンＦ,クラブ提供牧場,ヒルダ,8.0,2000.0,5.0,413.0,145.5,167.0,19.0,400,2.0,西田雄一郎,西田雄一,美浦,15,2,2125.0,0.0,2125.0,1.0625,25'4歳以上1勝クラス23'2歳新馬-->,0,ok_fixup
2022,2021,50,キャントバイミーラヴの2021,アンドアイラヴハー (And I Love Her),2021110003,No Nay Never,メス,2022-02-07,2,レイクヴィラＦ,クラブ提供牧場,キャントバイミーラヴ,5.0,3000.0,7.5,455.0,152.5,179.0,20.0,400,1.0,田村康仁,田村康仁,美浦,13,3,4395.0,0.0,4395.0,1.465,25'3歳以上2勝クラス25'4歳以上1勝クラス-->,0,ok
2022,2021,51,リラヴァティの2021,ワールズエンド (World's End),2021105864,ロードカナロア,牡,2021-02-14,2,ノーザンＦ,クラブ提供牧場,リラヴァティ,10.0,7000.0,17.5,426.0,152.0,169.5,19.4,400,4.0,池添学,池添学,栗東,11,5,19900.0,0.0,19900.0,2.842857142857143,26'京王杯スプリングC(G2)25'新潟日報賞(3勝クラス)-->,1,ok
2022,2021,52,エリティエールの2021,フルリール (Fleurir),2021107178,ロードカナロア,メス,2021-02-05,2,ノーザンＦ,クラブ提供牧場,エリティエール,7.0,4000.0,10.0,401.0,152.0,172.0,19.1,400,1.0,藤岡健一,高馬元紘,兵庫,26,2,278.0,337.0,615.0,0.15375,C2二C1二-->,0,ok
2022,2021,53,バウンスシャッセの2021,リルト (Lilt),2021105691,ロードカナロア,メス,2021-03-16,3,ノーザンＦ,クラブ提供牧場,バウンスシャッセ,10.0,5000.0,12.5,453.0,158.0,176.5,20.6,400,4.0,安田隆行,高橋一哉,栗東,4,0,0.0,0.0,0,0.0,-->,0,ok
2022,2021,54,トータルヒートの2021,ファーヴェント (Fervent),2021104893,ハーツクライ,牡,2021-02-21,2,白老Ｆ,クラブ提供牧場,トータルヒート,10.0,7000.0,17.5,475.0,153.0,176.0,21.4,400,4.0,藤原英昭,藤原英昭,栗東,18,4,10767.0,0.0,10767.0,1.538142857142857,25'長岡S(3勝クラス)25'4歳以上2勝クラス-->,0,ok
2022,2021,55,リリサイドの2021,エボルヴィング (Evolving),2021105865,ハーツクライ,牡,2021-03-28,3,ノーザンＦ,クラブ提供牧場,リリサイド,14.0,10000.0,25.0,442.0,152.5,171.5,20.0,400,10.0,藤原英昭,藤原英昭,栗東,15,2,2873.0,0.0,2873.0,0.2873,26'4歳以上1勝クラス24'3歳未勝利-->,0,ok
2022,2021,56,アルアリングスターの2021,ルシフェル (Lucifer),2021105379,ハーツクライ,メス,2021-04-08,4,ノーザンＦ,クラブ提供牧場,アルアリングスター,6.0,5000.0,12.5,453.0,153.0,175.0,20.0,400,3.0,斉藤崇史,西園翔太,栗東,15,2,3963.0,0.0,3963.0,0.7926,23'萩S(L)23'2歳未勝利-->,0,ok
2022,2021,57,サトノオニキスの2021,ブラックルチル (Black Rutile),2021105530,エピファネイア,牡,2021-02-13,2,ノーザンＦ,クラブ提供牧場,サトノオニキス,8.0,5000.0,12.5,442.0,156.5,177.0,20.0,400,2.0,池江泰寿,池江泰寿,栗東,6,0,688.0,0.0,688.0,0.1376,-->,0,ok
2022,2021,58,レーヴドゥラメールの2021,レアリゼアンレーヴ (Realiser un Reve),2021105894,エピファネイア,メス,2021-01-12,1,ノーザンＦ,クラブ提供牧場,レーヴドゥラメール,5.0,4000.0,10.0,425.0,150.5,172.0,20.0,400,2.0,須貝尚介,遠藤茂,大井,21,1,720.0,12.0,732.0,0.183,23'2歳新馬-->,0,ok
2022,2021,59,シンハリーズの2021,ナインストーンズ (Nine Stones),2021105576,キズナ,牡,2021-03-29,3,ノーザンＦ,クラブ提供牧場,シンハリーズ,19.0,6000.0,15.0,420.0,150.0,169.0,20.1,400,13.0,池添学,鈴木啓之,大井,7,0,140.0,85.0,225.0,0.0375,-->,0,ok
2022,2021,60,マンビアの2021,レザンクレール (Raisins Clairs),2021105794,キズナ,メス,2022-04-03,4,ノーザンＦ,クラブ提供牧場,マンビア,13.0,3000.0,7.5,396.0,151.0,172.0,20.2,400,8.0,西村真幸,西村真幸,栗東,12,1,660.0,0.0,660.0,0.22,24'3歳未勝利-->,0,ok
2022,2021,61,アディクティドの2021,アッファシナンテ (Affascinante),2021105359,キズナ,メス,2021-04-12,4,ノーザンＦ,クラブ提供牧場,アディクティド,15.0,4000.0,10.0,404.0,153.5,173.0,19.0,400,8.0,高野友和,高野友和,栗東,1,0,0.0,0.0,0,0.0,-->,0,ok
2022,2021,62,ディーパワンサの2021,マハーワンサ,2021105665,ドゥラメンテ,牡,2021-04-18,4,ノーザンＦ,クラブ提供牧場,ディーパワンサ,7.0,4000.0,10.0,380.0,149.0,166.0,19.2,400,1.0,松下武士,,,0,0,0.0,0.0,0,0.0,-->,0,ok
2022,2021,63,ビートリックスキッドの2021,ザブライド (The Bride),2021104905,ドゥラメンテ,メス,2021-02-01,2,追分Ｆ,クラブ提供牧場,ビートリックスキッド,17.0,3000.0,7.5,453.0,151.5,174.0,19.2,400,11.0,西村真幸,西村真幸,栗東,11,2,1543.0,0.0,1543.0,0.5143333333333333,24'3歳以上1勝クラス24'3歳未勝利-->,0,ok
2022,2021,64,ココシュニックの2021,フェロニエール (Ferronniere),2021105519,ドゥラメンテ,メス,2021-02-13,2,ノーザンＦ,クラブ提供牧場,ココシュニック,16.0,3200.0,8.0,487.0,162.0,183.0,21.0,400,11.0,高野友和,高野友和,栗東,8,1,1355.0,0.0,1355.0,0.4234375,24'3歳未勝利-->,0,ok
2022,2021,65,アドマイヤローザの2021,グレッソネイ (Gressoney),2021105371,モーリス,牡,2021-01-09,1,ノーザンＦ,クラブ提供牧場,アドマイヤローザ,7.0,5000.0,12.5,486.0,155.0,180.0,20.9,400,1.0,高野友和,新井清重,船橋,13,1,140.0,242.0,382.0,0.0764,風神賞-->,0,ok
2022,2021,66,リスグラシューの2021,シュヴェルトリリエ (Schwertlilie),2021105855,モーリス,牡,2021-02-07,2,ノーザンＦ,クラブ提供牧場,リスグラシュー,7.0,12000.0,30.0,444.0,150.5,171.5,20.4,400,1.0,矢作芳人,矢作芳人,栗東,6,0,538.0,0.0,538.0,0.044833333333333336,-->,0,ok
2022,2021,67,ディアデラマドレの2021,ログラール (Lograr),2021105662,モーリス,牡,2021-03-09,3,ノーザンＦ,クラブ提供牧場,ディアデラマドレ,11.0,6000.0,15.0,470.0,156.0,178.5,20.2,400,5.0,松永幹夫,松永幹夫,栗東,16,3,4029.0,0.0,4029.0,0.6715,26'4歳以上2勝クラス24'3歳1勝クラス-->,0,ok
2022,2021,68,ペルレンケッテの2021,ミルテンベルク (Miltenberg),2021105771,モーリス,牡,2021-04-14,4,ノーザンＦ,クラブ提供牧場,ペルレンケッテ,13.0,4000.0,10.0,450.0,157.0,175.5,20.9,400,7.0,武英智,武英智,栗東,16,2,6605.0,0.0,6605.0,1.65125,24'九州スポーツ杯(2勝クラス)23'2歳新馬-->,0,ok
2022,2021,69,レネットグルーヴの2021,トルタディメーレ (Torta di Mele),2021105891,モーリス,メス,2021-01-31,1,ノーザンＦ,クラブ提供牧場,レネットグルーヴ,11.0,2400.0,6.0,478.0,158.5,182.0,19.1,400,5.0,橋口慎介,橋口慎介,栗東,2,0,0.0,0.0,0,0.0,-->,0,ok
2022,2021,70,マルティンスタークの2021,ローゼンモンターク (Rosenmontag),2021105790,サトノダイヤモンド,メス,2021-03-28,3,ノーザンＦ,クラブ提供牧場,マルティンスターク,16.0,2800.0,7.0,410.0,150.5,169.0,18.9,400,10.0,松永幹夫,齋藤雄一,岩手,10,5,72.0,215.0,287.0,0.1025,C1三組3歳C2三組-->,0,ok
2022,2021,71,グリューヴァインの2021,リューデスハイム (Rudesheim),2021105508,ニューイヤーズデイ,牡,2021-03-20,3,ノーザンＦ,クラブ提供牧場,グリューヴァイン,9.0,3000.0,7.5,468.0,155.0,179.0,21.0,400,3.0,牧田和弥,牧田和弥,栗東,17,3,5394.0,0.0,5394.0,1.798,24'3歳以上2勝クラス24'3歳以上1勝クラス-->,0,ok
2022,2021,72,クルークハイトの2021,ルフトクス (Luftkuss),2021105502,ニューイヤーズデイ,メス,2021-03-05,3,ノーザンＦ,クラブ提供牧場,クルークハイト,7.0,2800.0,7.0,454.0,157.0,177.0,20.4,400,1.0,杉山晴紀,杉山佳明,栗東,14,3,4625.0,0.0,4625.0,1.6517857142857142,25'八女特別(2勝クラス)25'4歳以上1勝クラス-->,0,ok
2022,2021,73,オーマイベイビーの2021,ヴィスマール (Wismar),2021105459,ブリックスアンドモルタル,牡,2021-03-25,3,ノーザンＦ,クラブ提供牧場,オーマイベイビー,10.0,6000.0,15.0,436.0,151.0,172.5,20.1,400,6.0,奥村豊,奥村豊,栗東,19,3,6249.0,0.0,6249.0,1.0415,26'鴨川特別(2勝クラス)25'4歳以上1勝クラス-->,0,ok
2022,2021,74,ラプソディーアの2021,フルラーナ (Furlana),2021105842,ブリックスアンドモルタル,メス,2021-04-24,4,ノーザンＦ,クラブ提供牧場,ラプソディーア,7.0,2400.0,6.0,394.0,147.5,170.5,18.7,400,1.0,平田修,藤田正治,笠松,35,1,72.0,113.0,185.0,0.07708333333333334,カサオク・サンクス賞-->,0,ok
2022,2021,75,アロマドゥルセの2021,ガルバナム (Galbanum),2021105385,ハービンジャー,牡,2021-03-07,3,ノーザンＦ,クラブ提供牧場,アロマドゥルセ,7.0,3600.0,9.0,442.0,153.0,173.5,20.7,400,1.0,渡辺薫彦,織田誠,兵庫,40,2,510.0,512.0,1022.0,0.2838888888888889,C2一C3三-->,0,ok
2022,2021,76,レイリオンの2021,ピュアスマイル (Pure Smile),2021105877,ハービンジャー,メス,2021-01-21,1,ノーザンＦ,クラブ提供牧場,レイリオン,8.0,2800.0,7.0,438.0,154.0,178.0,18.9,400,2.0,安田翔伍,安田翔伍,栗東,5,0,83.0,0.0,83.0,0.029642857142857144,-->,0,ok
2022,2021,77,ヴィートマルシェの2021,マルチャレアル (Marcha Real),2021105430,リアルインパクト,牡,2021-01-17,1,ノーザンＦ,クラブ提供牧場,ヴィートマルシェ,19.0,5000.0,12.5,469.0,156.0,175.5,20.2,400,12.0,斉藤崇史,斉藤崇史,栗東,9,3,3559.0,0.0,3559.0,0.7118,24'3歳以上2勝クラス24'3歳1勝クラス-->,0,ok
2022,2021,78,リッチダンサーの2021,ウィンターガーデン (Winter Garden),2021105857,リアルインパクト,メス,2021-04-15,4,ノーザンＦ,クラブ提供牧場,リッチダンサー,21.0,3000.0,7.5,434.0,154.0,177.0,19.5,400,16.0,武幸四郎,井上智史,栗東,24,1,2473.0,0.0,2473.0,0.8243333333333334,24'3歳未勝利-->,0,ok
2022,2021,79,ヒストリックスターの2021,コルレオニス (Cor Leonis),2021105704,レイデオロ,牡,2021-01-13,1,ノーザンＦ,クラブ提供牧場,ヒストリックスター,16.0,8000.0,20.0,461.0,155.0,176.5,20.1,400,13.0,友道康夫,友道康夫,栗東,16,3,4711.0,0.0,4711.0,0.588875,25'調布特別(2勝クラス)25'4歳以上1勝クラス-->,0,ok
2022,2021,80,ギーニョの2021,エルサビオ (El Sabio),2021105493,レイデオロ,牡,2022-04-01,4,ノーザンＦ,クラブ提供牧場,ギーニョ,18.0,5600.0,14.0,443.0,153.0,170.5,20.2,400,11.0,中内田充正,中内田充,栗東,4,1,1240.0,0.0,1240.0,0.22142857142857142,23'2歳新馬-->,0,ok
2022,2021,81,ライジングクロスの2021,フェアアイル (Fair Isle),2021105827,ミッキーアイル,メス,2021-02-25,2,ノーザンＦ,クラブ提供牧場,ライジングクロス,18.0,2400.0,6.0,404.0,149.5,171.0,18.5,400,12.0,音無秀孝,音無秀孝,栗東,7,0,440.0,0.0,440.0,0.18333333333333332,-->,0,ok
2022,2021,82,カイカヨソウの2021,フルレゾン (Fleuraison),2021104840,オルフェーヴル,メス,2021-02-15,2,ノーザンＦ,クラブ提供牧場,カイカヨソウ,11.0,2800.0,7.0,449.0,157.5,178.5,19.0,400,5.0,池添学,池添学,栗東,18,2,3329.0,0.0,3329.0,1.1889285714285713,25'3歳以上1勝クラス23'2歳未勝利-->,0,ok
2022,2021,83,クイックリトルミスの2021,ライジングアロー (Rising Arrow),2021105494,スワーヴリチャード,牡,2021-03-24,3,ノーザンＦ,クラブ提供牧場,クイックリトルミス,17.0,2400.0,6.0,461.0,156.0,173.0,21.2,400,12.0,庄野靖志,庄野靖志,栗東,2,0,165.0,0.0,165.0,0.06875,-->,0,ok
2022,2021,84,アピールⅡの2021,レトリカル (Rhetorical),2021105377,ダイワメジャー,牡,2021-04-15,4,ノーザンＦ,クラブ提供牧場,アピールⅡ,13.0,2600.0,6.5,410.0,151.0,172.0,19.7,400,8.0,高柳大輔,高柳大輔,栗東,0,0,0.0,0.0,0,0.0,-->,0,ok_fixup
2022,2021,85,ハーレクイーンの2021,レドンホール (Leadenhall),2021105690,リアルスティール,メス,2021-01-20,1,ノーザンＦ,クラブ提供牧場,ハーレクイーン,8.0,3600.0,9.0,434.0,156.0,183.0,18.6,400,3.0,斉藤崇史,井樋明正,佐賀,41,1,83.0,273.0,356.0,0.09888888888888889,C12組-->,0,ok
2022,2021,86,ローズノーブルの2021,ラントリサント (Llantrisant),2021105912,ドレフォン,メス,2021-03-21,3,ノーザンＦ,クラブ提供牧場,ローズノーブル,12.0,2800.0,7.0,416.0,154.5,174.0,19.2,400,6.0,吉岡辰弥,植松則幸,愛知,31,2,515.0,245.0,760.0,0.2714285714285714,スピカ賞涼太・友菜結婚記念杯-->,0,ok
2022,2021,87,ピエリーナの2021,バレルターン (Barrel Turn),2021104906,リオンディーズ,牡,2021-04-17,4,ノーザンＦ,クラブ提供牧場,ピエリーナ,10.0,2800.0,7.0,429.0,156.5,173.0,19.3,400,4.0,茶木太樹,茶木太樹,栗東,17,3,7529.0,0.0,7529.0,2.6889285714285713,25'木津川特別(2勝クラス)25'浄土平特別(1勝クラス)-->,0,ok
2022,2021,88,グレイシアブルーの2021,パステルツェ (Pasterze),2021105512,ルーラーシップ,メス,2021-04-29,4,ノーザンＦ,クラブ提供牧場,グレイシアブルー,19.0,3200.0,8.0,423.0,148.0,172.0,19.5,400,12.0,清水久詞,清水久詞,栗東,6,0,138.0,0.0,138.0,0.043125,-->,0,ok
2022,2021,89,ヴィアンローズの2021,アルジャヒリ (Al Jahili),2021105421,アルアイン,牡,2021-03-25,3,ノーザンＦ,クラブ提供牧場,ヴィアンローズ,19.0,2400.0,6.0,430.0,155.0,173.0,20.0,400,15.0,石坂公一,濱田一夫,佐賀,46,1,55.0,166.0,221.0,0.09208333333333334,SAGAリベンジャーズ-->,0,ok
2022,2021,90,ムーングロウの2021,アーマルコライト (Armalcolite),2021105811,ジャスタウェイ,牡,2021-04-14,4,ノーザンＦ,クラブ提供牧場,ムーングロウ,12.0,3000.0,7.5,465.0,153.0,174.0,21.0,400,8.0,寺島良,石橋満,兵庫,27,3,4185.0,124.0,4309.0,1.4363333333333332,25'4歳以上2勝クラス24'3歳以上1勝クラス-->,0,ok
2022,2021,91,ブリトマルティスの2021,ラダマンテュス (Rhadamanthus),2021106581,オルフェーヴル,牡,2021-05-13,5,ノーザンＦ,クラブ提供牧場,ブリトマルティス,17.0,1400.0,14.0,357.0,150.5,163.5,18.0,100,9.0,,櫻井今朝,愛知,18,0,0.0,259.0,259.0,0.185,-->,0,ok
2022,2021,92,ココファンタジアの2021,ブリゾ (Brizo),2021104851,ニューイヤーズデイ,メス,2021-03-10,3,ノーザンＦ,クラブ提供牧場,ココファンタジア,8.0,1800.0,18.0,430.0,153.0,174.0,19.1,100,2.0,,田中淳司,北海道,1,0,0.0,0.0,0,0.0,-->,0,ok
2022,2021,93,ブランシェクールの2021,クールソリッド (Coeur Solide),2021105740,マインドユアビスケッツ,牡,2021-04-22,4,ノーザンＦ,クラブ提供牧場,ブランシェクール,8.0,2000.0,20.0,475.0,156.5,177.0,21.6,100,2.0,,藤田輝信,大井,4,1,0.0,250.0,250.0,0.125,23'JRA認定フレッシュチャレンジ(新馬)-->,0,ok
2022,2021,94,ジルズパレスの2021,コールブランド (Collbrande),2021105594,レッドファルクス,牡,2021-03-11,3,ノーザンＦ,クラブ提供牧場,ジルズパレス,8.0,1600.0,16.0,463.0,152.0,172.0,19.7,100,1.0,,川野勇馬,高知,35,6,0.0,1646.0,1646.0,1.02875,23'JRA認定フレッシュチャレンジ(新馬)アウラー賞-->,0,ok
2022,2021,95,ティッカーテープの2021,グランドマーシャル (Grand Marshal),2021105653,ワールドエース,メス,2021-05-03,5,ノーザンＦ,クラブ提供牧場,ティッカーテープ,20.0,1000.0,10.0,388.0,145.0,167.5,17.9,100,12.0,,高橋純,岩手,13,0,0.0,261.0,261.0,0.261,-->,0,ok
2023,2022,1,マリアライトの22,ロジャリーマイン (Rogerley Mine),2022105063,エピファネイア,メス,2022-03-07,3,ノーザンＦ,クラブ提供牧場,マリアライト,11,7000.0,17.5,442.0,149.0,176.0,19.5,400,1,久保田,久保田貴,美浦,5,2,1660.0,0.0,1660.0,0.23714285714285716,26'3歳以上1勝クラス24'2歳未勝利-->,0,ok
2023,2022,2,ザズーの22,アローグレイシャー (Arrow Glacier),2022104802,キズナ,牡,2022-02-27,2,ノーザンＦ,クラブ提供牧場,ザズー,14,5000.0,12.5,488.0,156.0,182.0,21.2,400,1,板垣,田中淳司,北海道,6,0,610.0,38.0,648.0,0.1296,-->,0,ok
2023,2022,3,ヴィルデローゼの22,グラフレナート (Graf Lennart),2022104671,キズナ,牡,2022-03-25,3,ノーザンＦ,クラブ提供牧場,ヴィルデローゼ,8,5000.0,12.5,437.0,154.0,170.5,21.0,400,1,宮田,宮田敬介,美浦,4,0,224.0,0.0,224.0,0.0448,-->,0,ok
2023,2022,4,ラドラーダの22,ブリッサドラーダ (Brisa Dorada),2022105120,キズナ,メス,2022-01-20,1,ノーザンＦ,クラブ提供牧場,ラドラーダ,16,7000.0,17.5,409.0,154.0,173.0,19.4,400,1,木村,木村哲也,美浦,0,0,0.0,0.0,0,0.0,-->,0,ok
2023,2022,5,アヴェンチュラの22,ナヴィガトーレ (Navigatore),2022104591,ロードカナロア,牡,2022-04-11,4,ノーザンＦ,クラブ提供牧場,アヴェンチュラ,14,6000.0,15.0,489.0,159.0,178.0,22.0,400,1,田村,田村康仁,美浦,1,0,0.0,0.0,0,0.0,-->,0,ok
2023,2022,6,アドマイヤセプターの22,グロスビーク (Grosbeak),2022104608,シスキン,牡,2022-01-19,1,ノーザンＦ,クラブ提供牧場,アドマイヤセプター,14,5000.0,12.5,440.0,158.5,176.5,20.4,400,1,田中博,田中博康,美浦,8,2,2265.0,0.0,2265.0,0.453,26'4歳以上1勝クラス25'3歳未勝利-->,0,ok
2023,2022,7,リリーバレロの22,リバーバレイト (Reverberate),2022105144,キタサンブラック,牡,2022-04-04,4,ノーザンＦ,クラブ提供牧場,リリーバレロ,7,8000.0,20.0,400.0,154.0,168.0,20.1,400,1,堀,堀宣行,美浦,5,3,2800.0,0.0,2800.0,0.35,26'4歳以上2勝クラス25'3歳以上1勝クラス-->,0,ok_fixup
2023,2022,8,ピュアブリーゼの22,ヴァーナリー (Vernally),2022104977,キタサンブラック,メス,2022-03-18,3,ノーザンＦ,クラブ提供牧場,ピュアブリーゼ,14,4000.0,10.0,416.0,155.5,174.0,18.8,400,1,浅利,浅利英明,美浦,9,3,280.0,214.0,494.0,0.1235,本命チョコは甘くて苦いB6組-->,0,ok
2023,2022,9,ファナティックの22,ファンダム (Fandom),2022105836,サートゥルナーリア,牡,2022-02-13,2,白老Ｆ,クラブ提供牧場,ファナティック,6,3600.0,9.0,460.0,153.0,174.5,20.6,400,1,辻,辻哲英,美浦,8,3,8191.0,0.0,8191.0,2.2752777777777777,25'毎日杯(G3)25'ジュニアC(L)-->,1,ok
2023,2022,10,クルミナルの22,レイニング (Reigning),2022104750,サートゥルナーリア,牡,2022-05-01,5,ノーザンＦ,クラブ提供牧場,クルミナル,10,7000.0,17.5,425.0,148.5,169.0,19.8,400,1,森一,森一誠,美浦,9,4,6237.0,0.0,6237.0,0.891,26'IFHA杯むらさき賞(3勝クラス)25'オリエンタル賞(2勝クラス)-->,0,ok
2023,2022,11,パルクデラモールの22,コスタヴェルデ (Costa Verde),2022105829,サートゥルナーリア,メス,2022-03-17,3,追分Ｆ,クラブ提供牧場,パルクデラモール,7,2400.0,6.0,386.0,147.0,165.0,19.0,400,1,鹿戸,伊藤勝好,笠松,9,1,0.0,52.0,52.0,0.021666666666666667,C23組-->,0,ok
2023,2022,12,メリートの22,サザリーバスター (Southerly Buster),2022105088,ドゥラメンテ,牡,2022-02-08,2,ノーザンＦ,クラブ提供牧場,メリート,16,5000.0,12.5,550.0,165.0,189.0,22.0,400,1,萩原,萩原清,美浦,1,0,0.0,0.0,0,0.0,-->,0,ok
2023,2022,13,レオパルディナの22,キアラメンテ (Chiaramente),2022105864,ドゥラメンテ,メス,2022-01-24,1,ノーザンＦ,クラブ提供牧場,レオパルディナ,10,4000.0,10.0,449.0,156.0,174.0,19.4,400,1,鹿戸,鹿戸雄一,美浦,9,1,2115.0,0.0,2115.0,0.52875,25'3歳未勝利-->,0,ok
2023,2022,14,シングルゲイズの22,テンダールック (Tender Look),2022104822,ドゥラメンテ,メス,2022-01-26,1,ノーザンＦ,クラブ提供牧場,シングルゲイズ,10,5000.0,12.5,413.0,154.0,170.5,19.6,400,1,木村,木村哲也,美浦,5,1,856.0,0.0,856.0,0.1712,25'3歳未勝利-->,0,ok
2023,2022,15,ミリッサの22,アルガムベイ (Arugam Bay),2022105082,モーリス,牡,2022-03-03,3,ノーザンＦ,クラブ提供牧場,ミリッサ,8,5000.0,12.5,431.0,152.0,174.0,20.1,400,1,鹿戸,鹿戸雄一,美浦,7,0,764.0,0.0,764.0,0.1528,-->,0,ok
2023,2022,16,レッドレグナントの22,ジョリーレーヌ (Jolie Reine),2022105163,モーリス,メス,2022-01-31,1,ノーザンＦ,クラブ提供牧場,レッドレグナント,7,3200.0,8.0,444.0,150.0,176.0,19.5,400,1,大竹,大竹正博,美浦,6,1,1310.0,0.0,1310.0,0.409375,24'2歳新馬-->,0,ok
2023,2022,17,ルヴォワールの22,ヴィルナタール (Ville Natale),2022105147,レイデオロ,メス,2022-01-10,1,ノーザンＦ,クラブ提供牧場,ルヴォワール,8,4000.0,10.0,451.0,157.0,174.5,20.0,400,1,角田,角田輝也,愛知,9,1,220.0,98.0,318.0,0.0795,C11組-->,0,ok
2023,2022,18,リラヴァティの22,サラスヴァティー (Sarasvati),2022105139,レイデオロ,メス,2022-02-01,2,ノーザンＦ,クラブ提供牧場,リラヴァティ,11,4000.0,10.0,463.0,158.0,179.0,19.5,400,1,森一,森一誠,美浦,6,2,2280.0,0.0,2280.0,0.57,26'4歳以上1勝クラス25'3歳以上1勝クラス-->,0,ok
2023,2022,19,ベルディーヴァの22,シャンソンドール (Chanson d'Or),2022105038,レイデオロ,メス,2022-04-07,4,ノーザンＦ,クラブ提供牧場,ベルディーヴァ,10,3600.0,9.0,427.0,153.0,175.0,19.2,400,1,奥村武,奥村武,美浦,7,2,3131.0,0.0,3131.0,0.8697222222222222,26'4歳以上1勝クラス25'3歳未勝利-->,0,ok
2023,2022,20,エールデュレーヴの22,アーラグラシア (Ala Gracia),2022104702,レイデオロ,メス,2022-04-21,4,ノーザンＦ,クラブ提供牧場,エールデュレーヴ,9,3600.0,9.0,413.0,151.0,171.5,19.2,400,1,角田,笹野博司,笠松,12,2,844.0,123.0,967.0,0.26861111111111113,BAOOへGO!賞B3組-->,0,ok
2023,2022,21,トーコーユズキの22,バギーウィップ (Buggy Whip),2022102987,ナダル,牡,2022-04-24,4,辻牧場,netkeiba生産者,トーコーユズキ,13,4000.0,10.0,451.0,154.5,174.0,21.3,400,1,川島,大竹正博,美浦,7,3,4105.0,0.0,4105.0,1.02625,25'檜山特別(2勝クラス)25'わらび賞(1勝クラス)-->,0,ok+sire_mismatch
2023,2022,22,グリューヴァインの22,ヴィンブルレー (Vin Brule),2022104758,ナダル,メス,2022-03-20,3,ノーザンＦ,クラブ提供牧場,グリューヴァイン,10,2400.0,6.0,443.0,155.5,179.0,19.8,400,1,矢野,矢野英一,美浦,8,2,2063.0,0.0,2063.0,0.8595833333333334,26'4歳以上1勝クラス24'2歳未勝利-->,0,ok
2023,2022,23,ディアデラマドレの22,カーラデマドレ (Cara de Madre),2022104912,ドレフォン,メス,2022-03-10,3,ノーザンＦ,クラブ提供牧場,ディアデラマドレ,12,5000.0,12.5,477.0,155.5,178.0,20.8,400,1,矢嶋,矢嶋大樹,美浦,10,2,2180.0,0.0,2180.0,0.436,25'3歳以上1勝クラス24'2歳未勝利-->,0,ok
2023,2022,24,マスターワークの22,マイスターヴェルク (Meisterwerk),2022105849,ドレフォン,メス,2022-04-20,4,ノーザンＦ,クラブ提供牧場,マスターワーク,5,2400.0,6.0,444.0,154.5,177.5,19.7,400,1,勢司,勢司和浩,美浦,11,2,3016.0,0.0,3016.0,1.2566666666666666,25'3歳以上1勝クラス24'2歳未勝利-->,0,ok
2023,2022,25,カーミングエフェクトの22,カーミングライツ (Calming Lights),2022104725,サトノダイヤモンド,牡,2022-02-01,2,ノーザンＦ,クラブ提供牧場,カーミングエフェクト,6,3200.0,8.0,495.0,158.0,176.5,21.4,400,1,小島,小島茂之,美浦,9,2,2697.0,0.0,2697.0,0.8428125,25'磐梯山特別(1勝クラス)25'3歳未勝利-->,0,ok
2023,2022,26,キャヴァルドレの22,パヴェリング (Pave Ring),2022104730,サトノダイヤモンド,メス,2022-01-30,1,ノーザンＦ,クラブ提供牧場,キャヴァルドレ,8,3000.0,7.5,451.0,159.5,175.0,20.3,400,1,角田,角田輝也,愛知,7,1,720.0,65.0,785.0,0.26166666666666666,萩露賞-->,0,ok
2023,2022,27,マイミスリリーの22,ロートホルン (Rod Horn),2022105977,サトノダイヤモンド,メス,2022-02-28,2,レイクヴィラＦ,クラブ提供牧場,マイミスリリー,7,3200.0,8.0,484.0,155.0,184.0,21.0,400,1,加藤征,加藤征弘,美浦,9,2,1754.0,0.0,1754.0,0.548125,25'3歳以上1勝クラス24'2歳未勝利-->,0,ok
2023,2022,28,ワシントンレガシーの22,マウントバーノン (Mount Vernon),2022105197,ルヴァンスレーヴ,牡,2022-02-09,2,ノーザンＦ,クラブ提供牧場,ワシントンレガシー,8,3000.0,7.5,474.0,157.0,180.0,21.4,400,1,戸田,戸田博文,美浦,10,2,1950.0,0.0,1950.0,0.65,26'4歳以上1勝クラス25'3歳未勝利-->,0,ok
2023,2022,29,セレナズヴォイスの22,リッスンクロース (Listen Close),2022105810,ルヴァンスレーヴ,メス,2022-02-08,2,白老Ｆ,クラブ提供牧場,セレナズヴォイス,5,2400.0,6.0,457.0,155.0,174.0,19.0,400,1,林,林徹,美浦,6,0,0.0,0.0,0,0.0,-->,0,ok
2023,2022,30,フォルテピアノの22,フィザルモニカ (Fisarmonica),2022104996,ルヴァンスレーヴ,メス,2022-02-11,2,ノーザンＦ,クラブ提供牧場,フォルテピアノ,19,2000.0,5.0,434.0,153.0,176.5,19.3,400,1,大和田,大和田成,美浦,5,1,1140.0,0.0,1140.0,0.57,25'3歳未勝利-->,0,ok
2023,2022,32,ティンバレスの22,グランカッサ (Grancassa),2022104908,オルフェーヴル,メス,2022-02-08,2,ノーザンＦ,クラブ提供牧場,ティンバレス,10,2800.0,7.0,497.0,160.5,183.5,20.5,400,1,,小久保智,浦和,12,1,1103.0,0.0,1103.0,0.3939285714285714,25'3歳未勝利-->,0,ok
2023,2022,33,エリスライトの22,トライゴーニック (Trigonic),2022104691,ルーラーシップ,牡,2022-02-14,2,ノーザンＦ,クラブ提供牧場,エリスライト,7,4000.0,10.0,442.0,154.0,171.5,20.6,400,1,池上,池上昌和,美浦,4,1,644.0,0.0,644.0,0.161,25'3歳未勝利-->,0,ok
2023,2022,34,コンダクトレスの22,コンアフェット (Con Affetto),2022105787,ルーラーシップ,メス,2022-02-07,2,ノーザンＦ,クラブ提供牧場,コンダクトレス,7,2800.0,7.0,469.0,154.5,175.5,19.5,400,1,斎藤誠,斎藤誠,美浦,10,2,2737.0,0.0,2737.0,0.9775,25'3歳以上1勝クラス24'2歳未勝利-->,0,ok
2023,2022,35,コロナシオンの22,エデルクローネ (Edel Krone),2022104774,フィエールマン,牡,2022-03-16,3,ノーザンＦ,クラブ提供牧場,コロナシオン,8,3600.0,9.0,453.0,154.0,179.5,21.0,400,1,手塚久,手塚貴久,美浦,11,1,2905.0,0.0,2905.0,0.8069444444444445,24'2歳未勝利-->,0,ok
2023,2022,36,ピースエンブレムの22,ウィッシュツリー (Wish Tree),2022104979,フィエールマン,メス,2022-04-25,4,ノーザンＦ,クラブ提供牧場,ピースエンブレム,16,2400.0,6.0,414.0,156.0,169.5,20.3,400,1,宮田,宮田敬介,美浦,4,2,2130.0,0.0,2130.0,0.8875,25'3歳以上1勝クラス25'3歳未勝利-->,0,ok
2023,2022,37,ピンクアリエスの22,アンティジャミーラ (Anti Jamila),2022104978,アルアイン,メス,2022-01-30,1,ノーザンＦ,クラブ提供牧場,ピンクアリエス,15,2400.0,6.0,438.0,153.5,174.0,19.5,400,1,中川,真島二也,佐賀,16,2,223.0,128.0,351.0,0.14625,緑風賞九州の牧場で働こう!賞-->,0,ok
2023,2022,38,ダイワオンディーヌの22,オーセンティアン (Eau Scintillante),2022106345,スワーヴリチャード,メス,2022-03-25,3,ノーザンＦ,クラブ提供牧場,ダイワオンディーヌ,19,1800.0,4.5,465.0,161.0,181.5,20.6,400,1,高橋文,竹之下昭,愛知,26,2,0.0,269.0,269.0,0.14944444444444444,C19組C8組-->,0,ok
2023,2022,39,サンブルエミューズの22,ブルージュ (Bruges),2022104800,ブリックスアンドモルタル,メス,2022-03-24,3,ノーザンＦ,クラブ提供牧場,サンブルエミューズ,12,6000.0,15.0,410.0,150.0,172.0,18.8,400,1,浅利,浅利英明,美浦,11,1,1190.0,0.0,1190.0,0.19833333333333333,25'3歳未勝利-->,0,ok
2023,2022,40,ケアレスウィスパーの22,トレインザマインド (Train the Mind),2022104766,マインドユアビスケッツ,メス,2022-03-10,3,ノーザンＦ,クラブ提供牧場,ケアレスウィスパー,18,3200.0,8.0,502.0,160.0,184.5,21.6,400,1,中舘,中舘英二,美浦,13,2,694.0,940.0,1634.0,0.510625,アーバンステージ卯月賞フォーチュネイトむくげ特別-->,0,ok
2023,2022,41,アンフィトリテの22,バシレイア (Basileia),2022104629,ミッキーアイル,メス,2022-02-19,2,ノーザンＦ,クラブ提供牧場,アンフィトリテ,7,2600.0,6.5,404.0,153.0,167.5,19.0,400,1,西田,西田雄一,美浦,7,2,1360.0,0.0,1360.0,0.5230769230769231,25'3歳以上1勝クラス25'3歳未勝利-->,0,ok_by_sire
2023,2022,42,エディスワートンの22,ウィンスタンリー (Winstanley),2022104684,リアルスティール,牡,2022-02-01,2,ノーザンＦ,クラブ提供牧場,エディスワートン,8,3200.0,8.0,453.0,158.0,179.5,20.5,400,1,黒岩,黒岩陽一,美浦,6,1,880.0,0.0,880.0,0.275,25'3歳未勝利-->,0,ok
2023,2022,43,ココシュニックの22,ココアミュレット (Coco Amulet),2022104770,アドマイヤマーズ,メス,2022-03-02,3,ノーザンＦ,クラブ提供牧場,ココシュニック,17,2400.0,6.0,429.0,156.0,178.0,19.8,400,1,稲垣,稲垣幸雄,美浦,3,0,110.0,0.0,110.0,0.04583333333333333,-->,0,ok
2023,2022,44,ヴィータアレグリアの22,グランジョルノ (Gran Giorno),2022104673,ゴールドドリーム,牡,2022-04-02,4,ノーザンＦ,クラブ提供牧場,ヴィータアレグリア,11,3200.0,8.0,438.0,156.0,174.5,20.1,400,1,高柳瑞,高柳瑞樹,美浦,9,1,720.0,2065.0,2785.0,0.8703125,24'2歳新馬-->,0,ok
2023,2022,45,フェルミオンの22,ディラトン (Dilaton),2022104993,シュヴァルグラン,牡,2022-04-24,4,ノーザンＦ,クラブ提供牧場,フェルミオン,16,2600.0,6.5,421.0,154.5,168.0,20.5,400,1,矢嶋,矢嶋大樹,美浦,1,0,0.0,0.0,0,0.0,-->,0,ok
2023,2022,46,ヴィアンローズの22,カザンラク (Kazanlak),2022104666,シルバーステート,牡,2022-04-24,4,ノーザンＦ,クラブ提供牧場,ヴィアンローズ,20,3000.0,7.5,413.0,153.0,167.0,20.5,400,1,嘉藤,嘉藤貴行,美浦,9,1,1450.0,0.0,1450.0,0.48333333333333334,24'2歳新馬-->,0,ok
2023,2022,47,スペクトロライトの22,ヴィジブルライト (Visible Light),2022104860,ヘニーヒューズ,牡,2022-01-21,1,ノーザンＦ,クラブ提供牧場,スペクトロライト,12,3600.0,9.0,436.0,155.0,172.5,19.7,400,1,和田郎,宮下瞳,愛知,19,0,696.0,53.0,749.0,0.20805555555555555,-->,0,ok
2023,2022,48,ローズノーブルの22,スペードギニー (Spade Guinea),2022105191,リオンディーズ,牡,2022-03-13,3,ノーザンＦ,クラブ提供牧場,ローズノーブル,13,4000.0,10.0,448.0,150.0,170.5,20.5,400,1,板垣,大和田成,美浦,11,2,456.0,149.0,605.0,0.15125,天秤ひなみ6thAnniversary杯☆凛太郎くん☆1歳おめでとう記念-->,0,ok
2023,2022,49,ユーセニアの22,マックアルイーン (Mac an Luin),2022110014,Blue Point,牡,2022-02-07,2,Knocktartan House Stud,netkeiba生産者,ユーセニア,10,5000.0,12.5,495.0,158.0,181.0,21.5,400,1,秋本,秋本大介,美浦,10,3,4324.0,0.0,4324.0,0.8648,25'郡山特別(2勝クラス)25'3歳1勝クラス-->,0,ok_fixup2
2023,2022,50,シェイリーンⅡの22,セラトーン (Celatone),2022106723,Saxon Warrior,牡,2022-01-10,1,ノーザンＦ,クラブ提供牧場,シェイリーンⅡ,7,3600.0,9.0,478.0,152.5,177.0,20.6,400,1,尾関,小林俊彦,岩手,28,0,292.0,54.0,346.0,0.0961111111111111,-->,0,ok
2023,2022,51,ビートマッチの22,バズアップビート (Buzz Up Beat),2022104973,エピファネイア,メス,2022-04-29,4,ノーザンＦ,クラブ提供牧場,ビートマッチ,8,5000.0,12.5,466.0,154.0,175.5,20.9,400,1,武幸,武幸四郎,栗東,14,1,2242.0,0.0,2242.0,0.4484,25'3歳未勝利-->,0,ok
2023,2022,52,ソートアフターの22,マイエレメント (My Element),2022101197,エピファネイア,メス,2022-05-12,5,オリオンファーム,netkeiba生産者,ソートアフター,8,4200.0,10.5,442.0,156.0,175.5,20.5,400,1,福永,福永祐一,栗東,11,3,3898.0,0.0,3898.0,0.9280952380952381,25'フォーチュンC(2勝クラス)25'3歳以上1勝クラス-->,0,ok+sire_mismatch
2023,2022,53,キャンプロックの22,コーチェラバレー (Coachella Valley),2022104733,キズナ,牡,2022-02-04,2,ノーザンＦ,netkeiba生産者,キャンプロック,9,6000.0,15.0,425.0,154.0,172.5,19.6,400,1,安田,安田翔伍,栗東,10,3,4196.0,0.0,4196.0,0.6993333333333334,25'グッドラックハンデキャップ(2勝クラス)25'生田特別(1勝クラス)-->,0,ok+sire_mismatch
2023,2022,54,ミスティークⅡの22,ミスティカルボンド (Mystical Bond),2022105074,キズナ,メス,2022-04-19,4,ノーザンＦ,netkeiba生産者,ミスティークⅡ,13,3600.0,9.0,415.0,153.0,174.0,19.6,400,1,須貝,須貝尚介,栗東,1,0,0.0,0.0,0,0.0,-->,0,ok+sire_mismatch
2023,2022,55,アディクティドの22,イマージョン (Immersion),2022104600,ロードカナロア,牡,2022-04-28,4,ノーザンＦ,クラブ提供牧場,アディクティド,16,6000.0,15.0,423.0,150.5,168.5,20.2,400,1,高野,高野友和,栗東,16,3,4608.0,0.0,4608.0,0.768,26'喜多方特別(2勝クラス)26'4歳以上1勝クラス-->,0,ok
2023,2022,56,チャイマックスの22,モルティフレーバー (Malty Flavor),2022104901,キタサンブラック,メス,2022-02-05,2,ノーザンＦ,netkeiba生産者,チャイマックス,9,4000.0,10.0,453.0,158.0,177.0,21.0,400,1,清水久,清水久詞,栗東,13,1,1380.0,0.0,1380.0,0.345,24'2歳未勝利-->,0,ok+sire_mismatch
2023,2022,57,ハープスターの22,ヴァルチャースター (Vulture Star),2022104949,サートゥルナーリア,牡,2022-02-25,2,ノーザンＦ,クラブ提供牧場,ハープスター,11,12000.0,30.0,428.0,153.0,175.0,20.0,400,1,池添,的場直之,大井,10,5,128.0,610.0,738.0,0.0615,フラミンゴ・レディ賞C216 17-->,0,ok
2023,2022,58,ダイワプロパーの22,ストラーダレアーレ (Strada Reale),2022103928,サートゥルナーリア,牡,2022-04-18,4,静内フジカワ牧場,netkeiba生産者,ダイワプロパー,10,5000.0,12.5,441.0,152.0,170.5,19.8,400,1,大久保,藤田輝信,大井,13,1,224.0,205.0,429.0,0.0858,C2五 六-->,0,ok+sire_mismatch
2023,2022,59,リカビトスの22,カンピドリオ (Campidoglio),2022105129,ドゥラメンテ,牡,2022-03-16,3,ノーザンＦ,クラブ提供牧場,リカビトス,8,6000.0,15.0,432.0,152.5,175.5,20.0,400,1,中内田,中内田充,栗東,4,1,740.0,0.0,740.0,0.12333333333333334,25'3歳未勝利-->,0,ok
2023,2022,60,キラーグレイシスの22,キラーチューン (Killer Tune),2022104735,ドゥラメンテ,メス,2022-02-12,2,ノーザンＦ,クラブ提供牧場,キラーグレイシス,13,6000.0,15.0,443.0,151.5,176.5,19.5,400,1,斉藤崇,斉藤崇史,栗東,3,0,0.0,0.0,0,0.0,-->,0,ok
2023,2022,61,フォトコールの22,プレスジャンケット (Press Junket),2022104995,ドゥラメンテ,メス,2022-03-15,3,ノーザンＦ,クラブ提供牧場,フォトコール,11,6000.0,15.0,427.0,159.0,174.5,19.8,400,1,渡辺,渡辺薫彦,栗東,6,0,0.0,0.0,0,0.0,-->,0,ok
2023,2022,62,マラコスタムブラダの22,エスタンシア (Estancia),2022105061,ドゥラメンテ,メス,2022-03-15,3,ノーザンＦ,クラブ提供牧場,マラコスタムブラダ,12,7000.0,17.5,433.0,154.5,174.0,20.0,400,1,松下,松下武士,栗東,10,0,931.0,0.0,931.0,0.133,-->,0,ok
2023,2022,63,エリティエールの22,バースライト (Birthright),2022104692,モーリス,牡,2022-02-27,2,ノーザンＦ,クラブ提供牧場,エリティエール,8,4600.0,11.5,478.0,157.0,180.5,21.4,400,1,武幸,武幸四郎,栗東,9,2,2660.0,0.0,2660.0,0.5782608695652174,26'脊振山特別(1勝クラス)24'2歳新馬-->,0,ok
2023,2022,64,フィニフティの22,ロンドボス (Ronde Bosse),2022104988,モーリス,メス,2022-01-30,1,ノーザンＦ,クラブ提供牧場,フィニフティ,7,4000.0,10.0,458.0,157.0,177.5,20.4,400,1,藤原,藤原英昭,栗東,14,2,3905.0,0.0,3905.0,0.97625,25'3歳以上1勝クラス24'2歳新馬-->,0,ok
2023,2022,65,ローガンサファイアの22,ローガンサファイアの2022,2022105188,レイデオロ,メス,2022-02-23,2,ノーザンＦ,クラブ提供牧場,ローガンサファイア,12,3600.0,9.0,433.0,153.0,172.0,19.8,400,1,高橋亮,高橋亮,栗東,0,0,0.0,0.0,0,0.0,-->,0,ok
2023,2022,66,アロマドゥルセの22,アロマフェリス (Aroma Feliz),2022104624,レイデオロ,メス,2022-03-05,3,ノーザンＦ,クラブ提供牧場,アロマドゥルセ,8,3000.0,7.5,394.0,152.5,172.0,18.6,400,1,辻野,辻野泰之,栗東,13,1,2654.0,0.0,2654.0,0.8846666666666667,26'4歳以上1勝クラス-->,0,ok
2023,2022,67,プルメリアスターの22,アラマンダ (Allamanda),2022105025,レイデオロ,メス,2022-03-23,3,ノーザンＦ,クラブ提供牧場,プルメリアスター,10,3000.0,7.5,406.0,155.5,169.0,20.0,400,1,平田,平田修,栗東,4,0,0.0,0.0,0,0.0,-->,0,ok
2023,2022,68,ディーパワンサの22,チューラワンサ (Culavamsa),2022104918,レイデオロ,メス,2022-04-14,4,ノーザンＦ,クラブ提供牧場,ディーパワンサ,8,4000.0,10.0,402.0,151.0,174.5,18.8,400,1,高野,高野友和,栗東,10,3,2925.0,0.0,2925.0,0.73125,25'3歳以上2勝クラス25'3歳以上1勝クラス-->,0,ok
2023,2022,69,クァンタムミスの22,クァンタムウェーブ (Quantum Wave),2022106395,ナダル,牡,2022-02-02,2,ノーザンＦ,クラブ提供牧場,クァンタムミス,14,3600.0,9.0,488.0,154.0,178.0,21.6,400,1,松永幹,松永幹夫,栗東,7,2,2096.0,840.0,2936.0,0.8155555555555556,24'もちの木賞(1勝クラス)24'2歳新馬-->,0,ok
2023,2022,70,ボールドアテンプトの22,ステイクオール (Stake All),2022105848,ナダル,メス,2022-03-28,3,追分Ｆ,クラブ提供牧場,ボールドアテンプト,9,3000.0,7.5,475.0,157.0,177.0,20.6,400,1,上村,上村洋行,栗東,11,1,1330.0,0.0,1330.0,0.44333333333333336,24'2歳新馬-->,0,ok
2023,2022,71,エスティタートの22,カロローザ (Calorosa),2022105772,ナダル,メス,2022-02-09,2,白老Ｆ,クラブ提供牧場,エスティタート,9,2800.0,7.0,469.0,155.5,179.0,20.2,400,1,松永幹,松永幹夫,栗東,10,2,1980.0,0.0,1980.0,0.7071428571428572,25'3歳以上1勝クラス24'2歳未勝利-->,0,ok
2023,2022,72,カイカヨソウの22,セレジェイラ (Cerejeira),2022105774,ナダル,メス,2022-03-28,3,ノーザンＦ,クラブ提供牧場,カイカヨソウ,12,2800.0,7.0,449.0,155.5,180.0,19.6,400,1,西村,西村真幸,栗東,10,2,1850.0,0.0,1850.0,0.6607142857142857,25'3歳以上1勝クラス25'3歳未勝利-->,0,ok
2023,2022,73,アドヴェントスの22,フィングステン (Pfingsten),2022105758,ドレフォン,メス,2022-01-17,1,ノーザンＦ,クラブ提供牧場,アドヴェントス,9,2600.0,6.5,482.0,151.0,181.0,19.6,400,1,橋田,橋田宜長,栗東,7,1,802.0,0.0,802.0,0.30846153846153845,24'2歳新馬-->,0,ok
2023,2022,74,ブルーメンブラットの22,リンゲルブルーメ (Ringelblume),2022105011,ドレフォン,メス,2022-02-12,2,ノーザンＦ,クラブ提供牧場,ブルーメンブラット,19,4000.0,10.0,476.0,154.5,179.0,20.1,400,1,佐藤悠,佐藤悠太,栗東,17,1,1813.0,0.0,1813.0,0.45325,25'3歳未勝利-->,0,ok
2023,2022,75,シンハリーズの22,エンベッカ (Embekke),2022104824,サトノダイヤモンド,メス,2022-04-07,4,ノーザンＦ,クラブ提供牧場,シンハリーズ,20,3000.0,7.5,411.0,154.0,170.5,19.5,400,1,柴田,柴田卓,栗東,7,1,836.0,0.0,836.0,0.2786666666666667,25'3歳未勝利-->,0,ok
2023,2022,76,レネットグルーヴの22,タンテドヴィーヴル (Tenter de Vivre),2022105171,ルヴァンスレーヴ,牡,2022-02-04,2,ノーザンＦ,クラブ提供牧場,レネットグルーヴ,12,5000.0,12.5,482.0,155.0,182.5,21.1,400,1,斉藤崇,斉藤崇史,栗東,12,2,2965.0,0.0,2965.0,0.593,26'4歳以上1勝クラス26'4歳以上1勝クラス-->,0,ok
2023,2022,77,スターダムバウンドの22,ペンダンティフ (Pendentif),2022104852,オルフェーヴル,メス,2022-02-10,2,ノーザンＦ,クラブ提供牧場,スターダムバウンド,16,3200.0,8.0,421.0,151.0,174.0,18.7,400,1,茶木,茶木太樹,栗東,4,0,128.0,0.0,128.0,0.04,-->,0,ok
2023,2022,78,リプリートⅡの22,マーシフルルーラー (Merciful Ruler),2022105134,ルーラーシップ,牡,2022-02-02,2,ノーザンＦ,netkeiba生産者,リプリートⅡ,9,3600.0,9.0,475.0,155.0,183.0,20.8,400,1,池江,角田輝也,愛知,3,0,0.0,0.0,0,0.0,-->,0,ok+sire_mismatch
2023,2022,79,ギーニョの22,ソルナシエンテ (Sol Naciente),2022104742,ニューイヤーズデイ,牡,2022-04-05,4,ノーザンＦ,クラブ提供牧場,ギーニョ,19,3000.0,7.5,438.0,154.0,172.5,21.5,400,1,藤岡,斉藤正弘,北海道,12,2,820.0,98.0,918.0,0.306,25'3歳新馬幸せの日賞-->,0,ok
2023,2022,80,グランデアモーレの22,ネーヴェフレスカ (Neve Fresca),2022105783,ニューイヤーズデイ,メス,2022-04-12,4,ノーザンＦ,クラブ提供牧場,グランデアモーレ,12,2400.0,6.0,444.0,154.0,178.5,19.1,400,1,石坂,石坂公一,栗東,15,3,4826.0,0.0,4826.0,2.0108333333333333,25'甲東特別(2勝クラス)25'3歳1勝クラス-->,0,ok
2023,2022,81,レディドーヴィルの22,トロワヴァレー (Trois Vallees),2022105169,アルアイン,牡,2022-03-05,3,ノーザンＦ,クラブ提供牧場,レディドーヴィル,17,2400.0,6.0,450.0,154.0,170.5,20.3,400,1,吉岡,田中譲二,高知,20,0,430.0,65.0,495.0,0.20625,-->,0,ok
2023,2022,82,スプリングゲイルの22,セイルロケット (Sailrocket),2022104858,スワーヴリチャード,牡,2022-05-04,5,ノーザンＦ,クラブ提供牧場,スプリングゲイル,8,2400.0,6.0,404.0,149.0,168.5,20.1,400,1,橋口,橋口慎介,栗東,16,2,360.0,95.0,455.0,0.18958333333333333,3歳以上C3ー2C4ー1グランシャリオドリーム71-->,0,ok
2023,2022,83,ハーエミネンシーの22,バーミーズルビー (Burmese Ruby),2022105444,ブリックスアンドモルタル,メス,2022-04-01,4,社台Ｆ,クラブ提供牧場,ハーエミネンシー,10,2800.0,7.0,436.0,152.0,175.0,19.3,400,1,小林,佐々木洋,大井,23,1,220.0,150.0,370.0,0.13214285714285715,トム・アンド・ジェリー賞-->,0,ok
2023,2022,84,リチュアルローズの22,アートレスマインド (Artless Mind),2022105987,マインドユアビスケッツ,牡,2022-03-10,3,レイクヴィラＦ,クラブ提供牧場,リチュアルローズ,9,2600.0,6.5,448.0,154.0,173.0,20.4,400,1,坂口,坂口智康,栗東,14,2,3269.0,0.0,3269.0,1.2573076923076922,25'3歳以上1勝クラス25'3歳未勝利-->,0,ok
2023,2022,85,ブルーメンクローネの22,ヴァイスクレー (Weissklee),2022105010,ミッキーアイル,メス,2022-02-14,2,ノーザンＦ,クラブ提供牧場,ブルーメンクローネ,7,2800.0,7.0,441.0,150.5,173.5,19.2,400,1,奥村豊,長倉功,兵庫,19,3,524.0,349.0,873.0,0.3117857142857143,C2二C2一-->,0,ok
2023,2022,86,ソブラドラインクの22,カナルビーグル (Canal Beagle),2022104877,リアルスティール,牡,2022-02-10,2,ノーザンＦ,netkeiba生産者,ソブラドラインク,10,3600.0,9.0,453.0,156.0,175.0,20.0,400,1,佐藤悠,佐藤悠太,栗東,7,3,5398.0,500.0,5898.0,1.6383333333333334,25'ユニコーンS(G3)25'3歳1勝クラス-->,1,ok+sire_mismatch
2023,2022,87,ヴィートマルシェの22,フィドルファドル (Fiddle Faddle),2022104674,サトノアラジン,メス,2022-03-01,3,ノーザンＦ,クラブ提供牧場,ヴィートマルシェ,20,3000.0,7.5,450.0,154.0,179.5,20.2,400,1,矢作,矢作芳人,栗東,20,2,4306.0,0.0,4306.0,1.4353333333333333,25'3歳以上1勝クラス24'2歳未勝利-->,0,ok
2023,2022,88,ペルレンケッテの22,バイルシュタイン (Beilstein),2022105042,ダンカーク,牡,2022-04-17,4,ノーザンＦ,クラブ提供牧場,ペルレンケッテ,14,3000.0,7.5,416.0,151.0,172.5,20.3,400,1,森澤,倉富隆一,佐賀,14,6,304.0,413.0,717.0,0.239,AIパッカル賞C1ー13組-->,0,ok
2023,2022,89,パドゥヴァルスの22,アロンディ (Arrondi),2022105827,ハービンジャー,牡,2022-02-09,2,ノーザンＦ,クラブ提供牧場,パドゥヴァルス,5,3600.0,9.0,460.0,153.5,177.0,20.0,400,1,武英,武英智,栗東,15,3,4449.0,0.0,4449.0,1.2358333333333333,26'琵琶湖特別(2勝クラス)25'3歳以上1勝クラス-->,0,ok
2023,2022,90,ビットレートの22,トータルクラリティ (Total Clarity),2022104971,バゴ,メス,2022-01-30,1,ノーザンＦ,クラブ提供牧場,ビットレート,10,3000.0,7.5,436.0,155.0,174.0,21.0,400,1,池添,池添学,栗東,10,2,3858.0,0.0,3858.0,1.286,24'新潟2歳S(G3)24'2歳新馬-->,1,ok
2023,2022,91,インピードの22,フランクスピード (Flank Speed),2022104648,Frankel,メス,2022-01-26,1,ノーザンＦ,クラブ提供牧場,インピード,7,5000.0,12.5,424.0,152.5,171.5,19.7,400,1,加藤公,加藤公太,栗東,8,1,1040.0,0.0,1040.0,0.208,24'2歳新馬-->,0,ok
2023,2022,92,エルヴァスⅡの22,ブルクトーア (Burgtor),2022104694,Saxon Warrior,牡,2022-03-02,3,ノーザンＦ,netkeiba生産者,エルヴァスⅡ,6,4400.0,11.0,441.0,150.0,173.5,20.9,400,1,長谷川,長谷川浩,栗東,13,3,3952.0,0.0,3952.0,0.8981818181818182,26'4歳以上2勝クラス25'3歳以上1勝クラス-->,0,ok+sire_mismatch
2023,2022,93,パーフェクトジョイの22,ジョイフルロック (Joyful Rock),2022104964,ミスターメロディ,牡,2022-03-17,3,ノーザンＦ,クラブ提供牧場,パーフェクトジョイ,19,1800.0,18.0,405.0,149.0,167.5,20.0,100,1,川島,川島正一,船橋,16,7,0.0,2483.0,2483.0,1.3794444444444445,ユーカリデビュー3歳二-->,0,ok
2023,2022,94,レーゲンボーゲンの22,ジーベンファルベン (Sieben Farben),2022105178,レッドファルクス,メス,2022-04-16,4,ノーザンＦ,クラブ提供牧場,レーゲンボーゲン,20,1800.0,18.0,426.0,152.0,171.5,20.3,100,1,真島,真島大輔,大井,14,2,0.0,1166.0,1166.0,0.6477777777777778,2歳三 四フローズン・ダイキリ賞-->,0,ok
2023,2022,95,ペニーウェディングの22,ラッケンブース (Luckenbooth),2022105040,ゴールドドリーム,メス,2022-04-03,4,ノーザンＦ,クラブ提供牧場,ペニーウェディング,9,2000.0,20.0,476.0,156.0,179.5,20.5,100,1,真島,小野寺晋,大井,18,1,0.0,536.0,536.0,0.268,2歳11 12-->,0,ok
2023,2022,96,ホーリーレジェンドの22,ホーリーグレイル (Holy Grail),2022105045,ナダル,メス,2022-02-07,2,ノーザンＦ,クラブ提供牧場,ホーリーレジェンド,7,2000.0,20.0,480.0,155.0,180.0,20.0,100,1,内田,内田勝義,川崎,15,5,0.0,7480.0,7480.0,3.74,25'東京シンデレラマイル(G)25'ニューイヤーC(G)-->,0,ok
2024,2023,1,プライストトゥパーフェクションの23,インヴァリュアブル,2023107202,キタサンブラック,メス,2023-02-11,2,ノーザンＦ,クラブ提供牧場,プライストトゥパーフェクション,10,5000.0,12.5,463.0,156.5,177.0,20.6,400,1,萩原清,,,0,0,0.0,0.0,0,0.0,-->,0,ok
2024,2023,2,イーデンキーの23,グリオンヴール (Grianmhar),2023106883,エピファネイア,牡,2023-03-26,3,ノーザンＦ,クラブ提供牧場,イーデンキー,6,7000.0,17.5,448.0,153.5,175.0,20.7,400,1,宮田敬介,宮田敬介,美浦,5,1,1500.0,0.0,1500.0,0.21428571428571427,25'2歳新馬-->,0,ok
2024,2023,3,ケイティーズハートの23,エヴィーヴァ (Eviva),2023106997,エピファネイア,メス,2023-03-20,3,ノーザンＦ,クラブ提供牧場,ケイティーズハート,14,7000.0,17.5,430.0,151.0,173.0,19.4,400,1,鹿戸雄一,鹿戸雄一,美浦,3,0,150.0,0.0,150.0,0.02142857142857143,-->,0,ok
2024,2023,4,フロアクラフトの23,ギリーズボール (Ghillies' Ball),2023107187,エピファネイア,メス,2023-05-01,5,ノーザンＦ,クラブ提供牧場,フロアクラフト,13,5000.0,12.5,423.0,156.0,174.5,19.6,400,1,手塚貴久,手塚貴久,美浦,4,2,6078.0,0.0,6078.0,1.2156,26'フィリーズレビュー(G2)25'2歳新馬-->,1,ok
2024,2023,5,アールブリュットの23,パントルナイーフ (Peintre Naif),2023107377,キズナ,牡,2023-04-09,4,ノーザンＦ,クラブ提供牧場,アールブリュット,11,8000.0,20.0,441.0,156.5,170.5,19.3,400,1,木村哲也,木村哲也,美浦,5,2,17478.0,0.0,17478.0,2.18475,25'東京スポーツ杯2歳S(G2)25'2歳未勝利-->,1,ok
2024,2023,6,ウラヌスチャームの23,ウラヌスリング (Uranus Ring),2023106892,キズナ,メス,2023-02-22,2,ノーザンＦ,クラブ提供牧場,ウラヌスチャーム,8,5000.0,12.5,475.0,157.5,175.0,19.8,400,1,斎藤誠,斎藤誠,美浦,1,0,58.0,0.0,58.0,0.0116,-->,0,ok
2024,2023,7,シーブルックの23,サンダーストラック (Thunderstruck),2023107053,ロードカナロア,牡,2023-02-10,2,ノーザンＦ,クラブ提供牧場,シーブルック,8,8000.0,20.0,490.0,158.0,184.0,21.1,400,1,木村哲也,木村哲也,美浦,6,2,5018.0,0.0,5018.0,0.62725,26'シンザン記念(G3)25'2歳新馬-->,1,ok
2024,2023,8,ラッキーダイムの23,セントゴーデンス (Saint Gaudens),2023107296,ロードカナロア,牡,2023-03-02,3,ノーザンＦ,クラブ提供牧場,ラッキーダイム,6,7000.0,17.5,478.0,157.0,173.0,21.3,400,1,黒岩陽一,黒岩陽一,美浦,7,1,698.0,0.0,698.0,0.09971428571428571,25'2歳未勝利-->,0,ok
2024,2023,9,ラドラーダの23,レイジングサージ (Raging Surge),2023107302,サートゥルナーリア,牡,2023-01-10,1,ノーザンＦ,クラブ提供牧場,ラドラーダ,17,10000.0,25.0,490.0,154.0,179.0,21.0,400,1,田中博康,田中博康,美浦,0,0,0.0,0.0,0,0.0,-->,0,ok
2024,2023,10,カヴァートラブの23,ヴェイルドハート (Veiled Heart),2023106944,サートゥルナーリア,牡,2023-02-26,2,ノーザンＦ,クラブ提供牧場,カヴァートラブ,11,6000.0,15.0,552.0,161.0,183.5,21.8,400,1,尾関知人,尾関知人,美浦,2,0,0.0,0.0,0,0.0,-->,0,ok
2024,2023,11,コントラチェックの23,カーブドフェザー (Curved Feather),2023107003,サートゥルナーリア,メス,2023-02-24,2,ノーザンＦ,クラブ提供牧場,コントラチェック,7,5000.0,12.5,431.0,150.5,175.5,20.3,400,1,蛯名正義,蛯名正義,美浦,2,0,0.0,0.0,0,0.0,-->,0,ok_fixup
2024,2023,12,フェルミオンの23,フェルミアーク (Fermi Arc),2023107178,サートゥルナーリア,メス,2023-04-09,4,ノーザンＦ,クラブ提供牧場,フェルミオン,17,3600.0,9.0,446.0,150.5,171.0,19.5,400,1,森一誠,森一誠,美浦,4,2,1975.0,0.0,1975.0,0.5486111111111112,26'3歳1勝クラス25'2歳新馬-->,0,ok
2024,2023,13,バウンスシャッセの23,フォワードシャッセ (Forward Chasse),2023107151,サートゥルナーリア,メス,2023-04-15,4,ノーザンＦ,クラブ提供牧場,バウンスシャッセ,12,4000.0,10.0,464.0,151.0,186.5,19.4,400,1,奥村武,奥村武,美浦,4,0,89.0,0.0,89.0,0.02225,-->,0,ok
2024,2023,14,ビッグワールドの23,ランザワールド (Run the World),2023107164,コントレイル,メス,2023-04-22,4,ノーザンＦ,クラブ提供牧場,ビッグワールド,10,5000.0,12.5,448.0,158.0,176.0,20.5,400,1,宮田敬介,宮田敬介,美浦,2,1,942.0,0.0,942.0,0.1884,26'3歳新馬-->,0,ok
2024,2023,15,シーリアの23,ギャニミード (Ganymede),2023107054,ドレフォン,メス,2023-02-25,2,ノーザンＦ,クラブ提供牧場,シーリア,8,4400.0,11.0,485.0,155.0,179.5,20.1,400,1,木村哲也,木村哲也,美浦,3,0,65.0,0.0,65.0,0.014772727272727272,-->,0,ok
2024,2023,16,ダイアナブライトの23,カーマインジュエル (Carmine Jewel),2023107096,ドレフォン,メス,2023-03-01,3,ノーザンＦ,クラブ提供牧場,ダイアナブライト,7,4000.0,10.0,463.0,148.5,176.5,20.2,400,1,尾関知人,尾関知人,美浦,5,0,0.0,120.0,120.0,0.03,-->,0,ok
2024,2023,17,マリアライトの23,シャンパンクォーツ (Champagne Quartz),2023107243,ドレフォン,メス,2023-04-05,4,ノーザンＦ,クラブ提供牧場,マリアライト,12,4000.0,10.0,402.0,148.0,173.0,19.0,400,1,久保田貴士,久保田貴,美浦,2,0,0.0,0.0,0,0.0,-->,0,ok
2024,2023,18,ルージュバックの23,ボニープリンス (Bonnie Prince),2023107329,レイデオロ,牡,2023-01-16,1,ノーザンＦ,クラブ提供牧場,ルージュバック,11,6000.0,15.0,470.0,156.0,180.5,20.4,400,1,大竹正博,大竹正博,美浦,4,1,820.0,0.0,820.0,0.13666666666666666,26'3歳未勝利-->,0,ok
2024,2023,19,アロマドゥルセの23,ベイツリー (Bay Tree),2023106853,レイデオロ,牡,2023-02-28,2,ノーザンＦ,クラブ提供牧場,アロマドゥルセ,9,3200.0,8.0,399.0,150.0,170.0,19.0,400,1,村田一誠,櫻井今朝,愛知,4,0,0.0,0.0,0,0.0,-->,0,ok
2024,2023,20,アディクティドの23,リコラピッド (Rico Rapido),2023106834,レイデオロ,メス,2023-04-27,4,ノーザンＦ,クラブ提供牧場,アディクティド,17,3000.0,7.5,443.0,153.5,175.0,19.8,400,1,森一誠,森一誠,美浦,2,0,0.0,0.0,0,0.0,-->,0,ok
2024,2023,21,ディーパワンサの23,トロフィーポーズ (Trophy Pose),2023107124,ナダル,牡,2023-04-21,4,ノーザンＦ,クラブ提供牧場,ディーパワンサ,9,5000.0,12.5,443.0,151.0,175.5,20.1,400,1,国枝栄,黒岩陽一,美浦,1,0,0.0,0.0,0,0.0,-->,0,ok
2024,2023,22,ランズエッジの23,グラムエッジ (Glam Edge),2023107305,ナダル,牡,2023-05-05,5,ノーザンＦ,クラブ提供牧場,ランズエッジ,17,4400.0,11.0,461.0,160.5,174.5,22.1,400,1,手塚貴久,手塚貴久,美浦,4,0,0.0,0.0,0,0.0,-->,0,ok
2024,2023,23,ライフフォーセールの23,オルネーロ (Hornero),2023107288,サトノダイヤモンド,牡,2023-04-02,4,ノーザンＦ,クラブ提供牧場,ライフフォーセール,15,5000.0,12.5,466.0,157.5,177.0,21.5,400,1,宮田敬介,宮田敬介,美浦,4,2,3052.0,0.0,3052.0,0.6104,26'クロッカスS(L)25'2歳新馬-->,0,ok
2024,2023,24,ピースエンブレムの23,ピュアエンブレム (Pure Emblem),2023107171,サトノダイヤモンド,メス,2023-03-31,3,ノーザンＦ,クラブ提供牧場,ピースエンブレム,17,1800.0,4.5,453.0,160.5,174.0,20.9,400,1,小手川準,小手川準,美浦,4,1,782.0,0.0,782.0,0.43444444444444447,26'3歳未勝利-->,0,ok
2024,2023,25,シャンブルドットの23,エクラドット (Eclat Dot),2023107035,アルアイン,牡,2023-02-28,2,ノーザンＦ,クラブ提供牧場,シャンブルドット,7,2400.0,6.0,472.0,157.5,174.5,22.0,400,1,西田雄一郎,西田雄一,美浦,5,0,146.0,0.0,146.0,0.060833333333333336,-->,0,ok
2024,2023,26,ピンクアリエスの23,ピンクアリエスの2023,2023107170,アルアイン,牡,2023-05-02,5,ノーザンＦ,クラブ提供牧場,ピンクアリエス,16,2800.0,7.0,417.0,152.5,170.0,20.4,400,1,稲垣幸雄,稲垣幸雄,美浦,0,0,0.0,0.0,0,0.0,-->,0,ok
2024,2023,27,セレナズヴォイスの23,サイモフェーン (Cymophane),2023103793,クリソベリル,牡,2023-01-21,1,白老Ｆ,クラブ提供牧場,セレナズヴォイス,6,3200.0,8.0,470.0,158.0,174.0,20.9,400,1,高木登,高木登,美浦,6,1,1390.0,0.0,1390.0,0.434375,26'3歳未勝利-->,0,ok
2024,2023,28,カイカヨソウの23,ペタルズダンス (Petals Dance),2023106796,クリソベリル,メス,2023-04-19,4,ノーザンＦ,クラブ提供牧場,カイカヨソウ,13,3000.0,7.5,430.0,154.5,168.0,20.2,400,1,嘉藤貴行,嘉藤貴行,美浦,3,0,59.0,0.0,59.0,0.019666666666666666,-->,0,ok
2024,2023,29,ランウェイデビューの23,ランウェイミューズ (Runway Muse),2023107304,シルバーステート,メス,2023-03-19,3,ノーザンＦ,クラブ提供牧場,ランウェイデビュー,8,2400.0,6.0,408.0,154.0,171.0,18.8,400,1,竹内正洋,竹内正洋,美浦,5,0,595.0,0.0,595.0,0.24791666666666667,-->,0,ok
2024,2023,30,ウルクラフトの23,エーデルクラフト (Edel Kraft),2023103756,ニューイヤーズデイ,牡,2023-04-28,4,白老Ｆ,クラブ提供牧場,ウルクラフト,7,2400.0,6.0,409.0,147.5,168.0,20.2,400,1,辻哲英,辻哲英,美浦,2,0,0.0,0.0,0,0.0,-->,0,ok
2024,2023,31,エンジェルフォールの23,ガヴァルニー (Gavarnie),2023106934,モーリス,牡,2023-04-06,4,ノーザンＦ,クラブ提供牧場,エンジェルフォール,14,3200.0,8.0,393.0,151.0,170.0,19.5,400,1,伊藤大士,伊藤大士,美浦,3,0,0.0,37.0,37.0,0.0115625,-->,0,ok
2024,2023,32,ポロンナルワの23,ニルマーネル (Nil Mahanel),2023107231,モーリス,メス,2023-02-28,2,ノーザンＦ,クラブ提供牧場,ポロンナルワ,15,3600.0,9.0,416.0,149.0,174.0,18.5,400,1,小島茂之,小島茂之,美浦,6,1,1302.0,0.0,1302.0,0.3616666666666667,25'2歳未勝利-->,0,ok
2024,2023,33,ヴィータアレグリアの23,ジョイアミーア (Gioia Mia),2023106907,モズアスコット,メス,2023-03-16,3,ノーザンＦ,クラブ提供牧場,ヴィータアレグリア,12,2800.0,7.0,432.0,151.5,171.0,19.5,400,1,高柳瑞樹,高柳瑞樹,美浦,5,0,349.0,0.0,349.0,0.12464285714285714,-->,0,ok
2024,2023,34,アトミカオロの23,レダアトミカ (Leda Atomica),2023106835,リアルスティール,メス,2023-03-13,3,ノーザンＦ,クラブ提供牧場,アトミカオロ,9,3600.0,9.0,444.0,159.0,176.5,19.5,400,1,上原佑紀,上原佑紀,美浦,5,1,1314.0,0.0,1314.0,0.365,26'3歳未勝利-->,0,ok
2024,2023,35,リラヴァティの23,シーギリヤロック (Sigiriya Rock),2023107317,リオンディーズ,牡,2023-02-01,2,ノーザンＦ,クラブ提供牧場,リラヴァティ,12,5000.0,12.5,440.0,151.0,174.0,19.5,400,1,田中博康,田中博康,美浦,4,1,1094.0,0.0,1094.0,0.2188,26'3歳未勝利-->,0,ok
2024,2023,36,エリスライトの23,クレパスキュラー (Crepuscular),2023106925,リオンディーズ,牡,2023-02-19,2,ノーザンＦ,クラブ提供牧場,エリスライト,8,4000.0,10.0,440.0,154.0,176.0,20.9,400,1,栗田徹,栗田徹,美浦,5,2,2684.0,0.0,2684.0,0.671,25'ひいらぎ賞(1勝クラス)25'2歳新馬-->,0,ok
2024,2023,37,ブリガアルタの23,ゾネブルーム (Zonnebloem),2023107195,ヴァンゴッホ,牡,2023-03-21,3,ノーザンＦ,クラブ提供牧場,ブリガアルタ,10,2400.0,6.0,461.0,158.5,178.0,20.5,400,1,矢嶋大樹,矢嶋大樹,美浦,5,0,588.0,0.0,588.0,0.245,-->,0,ok
2024,2023,38,ローガンサファイアの23,ラングロワブリッジ (Langlois Bridge),2023107365,ヴァンゴッホ,メス,2023-03-20,3,ノーザンＦ,クラブ提供牧場,ローガンサファイア,13,2400.0,6.0,487.0,158.0,178.5,20.2,400,1,戸田博文,戸田博文,美浦,3,0,0.0,0.0,0,0.0,-->,0,ok
2024,2023,39,メリートの23,パッセージピーク (Passage Peak),2023107275,アドマイヤマーズ,牡,2023-04-15,4,ノーザンＦ,クラブ提供牧場,メリート,17,4000.0,10.0,460.0,160.5,177.5,21.0,400,1,田村康仁,中舘英二,美浦,6,1,642.0,0.0,642.0,0.1605,25'2歳未勝利-->,0,ok_by_sire
2024,2023,40,ネオフレグランスの23,ギルランダ (Ghirlanda),2023106805,サトノクラウン,メス,2023-04-20,4,ノーザンＦ,クラブ提供牧場,ネオフレグランス,9,2000.0,5.0,384.0,150.5,162.5,18.7,400,1,中舘英二,中舘英二,美浦,5,0,240.0,0.0,240.0,0.12,-->,0,ok
2024,2023,41,コンダクトレスの23,ラヴィニアパーク (Ravinia Park),2023106801,ハービンジャー,牡,2023-01-27,1,ノーザンＦ,クラブ提供牧場,コンダクトレス,8,4000.0,10.0,447.0,157.5,171.0,20.0,400,1,萩原清,川野勇馬,高知,6,1,0.0,60.0,60.0,0.015,3歳ー7-->,0,ok
2024,2023,42,デスティノアーラの23,リベルタアーラ (Liberta Ala),2023107126,ブリックスアンドモルタル,メス,2023-03-21,3,ノーザンＦ,クラブ提供牧場,デスティノアーラ,5,2400.0,6.0,391.0,151.0,168.0,19.8,400,1,深山雅史,深山雅史,美浦,4,0,0.0,0.0,0,0.0,-->,0,ok
2024,2023,43,サバンナズチョイスの23,ブレイロックホール (Buley Rockhole),2023107011,ミッキーアイル,牡,2023-01-23,1,ノーザンＦ,クラブ提供牧場,サバンナズチョイス,16,3600.0,9.0,453.0,156.0,180.5,20.8,400,1,武井亮,武井亮,美浦,1,0,75.0,0.0,75.0,0.020833333333333332,-->,0,ok
2024,2023,44,プラチナブロンドの23,デイトナチャンプ (Daytona Champ),2023107204,インディチャンプ,牡,2023-02-03,2,ノーザンＦ,クラブ提供牧場,プラチナブロンド,12,3200.0,8.0,438.0,150.0,173.5,19.7,400,1,加藤征弘,加藤征弘,美浦,4,2,1800.0,0.0,1800.0,0.5625,26'3歳以上1勝クラス26'3歳新馬-->,0,ok
2024,2023,45,ローズノーブルの23,プリヴィマーク (Privy Mark),2023107367,バゴ,牡,2023-03-17,3,ノーザンＦ,クラブ提供牧場,ローズノーブル,14,4000.0,10.0,418.0,151.0,169.5,20.1,400,1,池上昌和,池上昌和,美浦,2,0,0.0,0.0,0,0.0,-->,0,ok
2024,2023,46,パドゥヴァルスの23,バランソワール (Balancoire),2023106807,ポエティックフレア,メス,2023-02-15,2,ノーザンＦ,クラブ提供牧場,パドゥヴァルス,6,2400.0,6.0,415.0,151.5,169.0,19.1,400,1,矢野英一,加藤和義,金沢,7,0,410.0,0.0,410.0,0.17083333333333334,-->,0,ok
2024,2023,47,クロウエアの23,エリオステモン (Eriostemon),2023106980,ミスターメロディ,メス,2023-01-14,1,ノーザンＦ,クラブ提供牧場,クロウエア,7,1600.0,4.0,405.0,153.0,175.5,19.0,400,1,新規開業,柄崎将寿,美浦,1,0,0.0,0.0,0,0.0,-->,0,ok
2024,2023,48,ベルクワイアの23,カリヨンアヴォン (Carillon a Vent),2023107220,ルヴァンスレーヴ,メス,2023-02-10,2,ノーザンＦ,クラブ提供牧場,ベルクワイア,7,2800.0,7.0,427.0,153.0,175.5,20.1,400,1,勢司和浩,勢司和浩,美浦,4,1,870.0,0.0,870.0,0.3107142857142857,25'2歳新馬-->,0,ok
2024,2023,49,アップライトスピンの23,ルーリングクラス (Ruling Class),2023103749,ルーラーシップ,牡,2023-04-10,4,追分Ｆ,クラブ提供牧場,アップライトスピン,7,3000.0,7.5,423.0,151.0,168.5,20.3,400,1,森一誠,森一誠,美浦,3,1,830.0,0.0,830.0,0.27666666666666667,26'3歳未勝利-->,0,ok_fixup
2024,2023,50,オリエンタルステップの23,ザーフィル (Zaafir),2023110013,Ghaiyyath,牡,2023-02-19,2,ノーザンＦ,クラブ提供牧場,オリエンタルステップ,12,5000.0,12.5,482.0,159.0,180.0,21.9,400,1,林徹,林徹,美浦,6,2,2632.0,0.0,2632.0,0.5264,26'3歳以上1勝クラス25'2歳新馬-->,0,ok_fixup2
2024,2023,51,トゥープレシャスの23,ヒートエミッション (Heat Emission),2023110003,Sottsass,メス,2023-01-16,1,ノーザンＦ,クラブ提供牧場,トゥープレシャス,8,5000.0,12.5,410.0,156.0,174.0,19.0,400,1,堀宣行,堀宣行,美浦,0,0,0.0,0.0,0,0.0,-->,0,ok_fixup2
2024,2023,52,フィルムフェストの23,フリッカーフェスト (Flickerfest),2023106809,キタサンブラック,牡,2023-03-05,3,ノーザンＦ,クラブ提供牧場,フィルムフェスト,7,7000.0,17.5,438.0,155.5,170.0,20.4,400,1,藤原英昭,藤原英昭,栗東,0,0,0.0,0.0,0,0.0,-->,0,ok
2024,2023,53,ムーンティアーズの23,フォルストランキル (Force Tranquille),2023107270,キタサンブラック,メス,2023-02-17,2,ノーザンＦ,クラブ提供牧場,ムーンティアーズ,5,4600.0,11.5,419.0,153.5,175.0,20.2,400,1,池江泰寿,池江泰寿,栗東,6,0,240.0,0.0,240.0,0.05217391304347826,-->,0,ok
2024,2023,54,レッチェバロックの23,バロッカネーラ (Barocca Nera),2023107332,キタサンブラック,メス,2023-03-10,3,ノーザンＦ,クラブ提供牧場,レッチェバロック,6,6000.0,15.0,446.0,154.0,174.0,19.8,400,1,池添学,池添学,栗東,2,0,150.0,0.0,150.0,0.025,-->,0,ok
2024,2023,55,マジックアティテュードの23,ラルヴァンダード (Larvandad),2023107236,エピファネイア,牡,2023-02-19,2,ノーザンＦ,クラブ提供牧場,マジックアティテュード,6,8000.0,20.0,434.0,150.5,174.0,19.9,400,1,安田翔伍,安田翔伍,栗東,3,1,789.0,0.0,789.0,0.098625,26'3歳未勝利-->,0,ok
2024,2023,56,シンハライトの23,アランカール (Alankar),2023107046,エピファネイア,メス,2023-02-17,2,ノーザンＦ,クラブ提供牧場,シンハライト,10,8000.0,20.0,459.0,155.0,176.0,20.0,400,1,斉藤崇史,斉藤崇史,栗東,6,2,5729.0,0.0,5729.0,0.716125,25'野路菊S(OP)25'2歳新馬-->,0,ok
2024,2023,57,リスグラシューの23,ジリアート (Gigliato),2023107309,エピファネイア,メス,2023-04-07,4,ノーザンＦ,クラブ提供牧場,リスグラシュー,9,8000.0,20.0,451.0,151.5,176.0,20.0,400,1,矢作芳人,矢作芳人,栗東,5,0,209.0,0.0,209.0,0.026125,-->,0,ok
2024,2023,58,サークリングⅡの23,ビジュアライズ (Visualize),2023102222,キズナ,牡,2023-03-23,3,三嶋牧場,レビュー提供欄,サークリングⅡ,12,5600.0,14.0,444.0,153.0,177.0,20.8,400,1,斉藤崇史,斉藤崇史,栗東,1,0,0.0,0.0,0,0.0,-->,0,ok
2024,2023,59,マラコスタムブラダの23,バルセシート (Valsecito),2023107241,キズナ,牡,2023-04-08,4,ノーザンＦ,クラブ提供牧場,マラコスタムブラダ,13,10000.0,25.0,407.0,151.0,166.5,20.1,400,1,松下武士,松下武士,栗東,7,2,3527.0,0.0,3527.0,0.3527,26'3歳以上1勝クラス25'2歳新馬-->,0,ok
2024,2023,60,クルミネイトの23,アクロフェイズ (Acrophase),2023106978,ロードカナロア,牡,2023-02-08,2,ノーザンＦ,レビュー提供欄,クルミネイト,7,5000.0,12.5,437.0,157.5,172.5,21.5,400,1,奥村豊,奥村豊,栗東,6,2,3987.0,0.0,3987.0,0.7974,26'青島特別(1勝クラス)25'2歳未勝利-->,0,ok
2024,2023,61,ココファンタジアの23,コティノス (Kotinos),2023106800,サートゥルナーリア,牡,2023-04-04,4,ノーザンＦ,クラブ提供牧場,ココファンタジア,10,5000.0,12.5,433.0,153.5,169.0,20.4,400,1,須貝尚介,須貝尚介,栗東,7,0,350.0,0.0,350.0,0.07,-->,0,ok
2024,2023,62,ミリッサの23,セイロンブリーズ (Ceylon Breeze),2023107266,サートゥルナーリア,メス,2023-03-04,3,ノーザンＦ,クラブ提供牧場,ミリッサ,9,4000.0,10.0,419.0,155.0,172.5,19.7,400,1,杉山晴紀,杉山晴紀,栗東,1,0,0.0,0.0,0,0.0,-->,0,ok
2024,2023,63,リカビトスの23,パナテナイア (Panathenaea),2023107308,サートゥルナーリア,メス,2023-03-10,3,ノーザンＦ,クラブ提供牧場,リカビトス,9,4000.0,10.0,439.0,153.0,179.5,19.8,400,1,吉岡辰弥,吉岡辰弥,栗東,1,0,0.0,0.0,0,0.0,-->,0,ok
2024,2023,64,ベルディーヴァの23,シャンドラファール (Chant du Rafale),2023107221,ドレフォン,牡,2023-05-02,5,ノーザンＦ,クラブ提供牧場,ベルディーヴァ,11,4400.0,11.0,452.0,159.5,176.5,21.0,400,1,斉藤崇史,井上智史,栗東,8,0,1078.0,0.0,1078.0,0.245,-->,0,ok
2024,2023,65,エリティエールの23,ガルディエンヌ (Gardienne),2023106926,ドレフォン,メス,2023-03-22,3,ノーザンＦ,クラブ提供牧場,エリティエール,9,3000.0,7.5,432.0,155.5,170.5,20.3,400,1,高橋亮,高橋亮,栗東,8,0,497.0,0.0,497.0,0.16566666666666666,-->,0,ok
2024,2023,66,マルシュロレーヌの23,マルシュボヌール (Marche Bonheur),2023107245,ドレフォン,メス,2023-04-05,4,ノーザンＦ,クラブ提供牧場,マルシュロレーヌ,7,7000.0,17.5,404.0,149.0,172.0,19.6,400,1,矢作芳人,柴田卓,栗東,7,0,349.0,0.0,349.0,0.04985714285714286,-->,0,ok
2024,2023,67,ブランシェクールの23,フィアスゲイル (Fierce Gale),2023107193,ドレフォン,メス,2023-04-09,4,ノーザンＦ,クラブ提供牧場,ブランシェクール,10,3200.0,8.0,444.0,153.0,174.5,20.2,400,1,武幸四郎,植松則幸,愛知,6,0,0.0,8.0,8.0,0.0025,-->,0,ok
2024,2023,68,オーロトラジェの23,ノンブルドール (Nombre d'Or),2023106941,レイデオロ,牡,2023-03-29,3,ノーザンＦ,レビュー提供欄,オーロトラジェ,7,3000.0,7.5,405.0,155.0,171.0,20.0,400,1,西園翔太,西園翔太,栗東,7,1,1829.0,0.0,1829.0,0.6096666666666667,26'3歳未勝利-->,0,ok
2024,2023,69,ヴィルデローゼの23,ミスティパープル (Misty Purple),2023106903,レイデオロ,メス,2023-03-24,3,ノーザンＦ,クラブ提供牧場,ヴィルデローゼ,9,2800.0,7.0,443.0,154.0,176.0,19.2,400,1,茶木太樹,戸部尚実,愛知,5,0,0.0,0.0,0,0.0,-->,0,ok
2024,2023,70,リャスナの23,ラジャブルック (Rajah Brooke),2023107314,ナダル,牡,2023-03-23,3,ノーザンＦ,クラブ提供牧場,リャスナ,7,5000.0,12.5,420.0,155.0,169.5,20.8,400,1,高野友和,高野友和,栗東,6,0,150.0,0.0,150.0,0.03,-->,0,ok
2024,2023,71,ベルプラージュの23,アーガイルショア (Argyle Shore),2023103718,ナダル,メス,2023-04-11,4,追分Ｆ,クラブ提供牧場,ベルプラージュ,12,3000.0,7.5,481.0,153.0,181.0,19.8,400,1,安田翔伍,安田翔伍,栗東,9,1,1601.0,0.0,1601.0,0.5336666666666666,26'3歳未勝利-->,0,ok
2024,2023,72,ブルーメンクローネの23,ローベルクランツ (Lorbeerkranz),2023107199,サトノダイヤモンド,牡,2023-02-11,2,ノーザンＦ,クラブ提供牧場,ブルーメンクローネ,8,3000.0,7.5,458.0,152.0,172.5,20.8,400,1,小林真也,小林真也,栗東,7,1,4467.0,0.0,4467.0,1.489,25'2歳未勝利-->,0,ok
2024,2023,73,トゥリフォーの23,サンヴァランタン (Saint Valentin),2023107128,サトノダイヤモンド,メス,2023-02-14,2,ノーザンＦ,レビュー提供欄,トゥリフォー,9,2400.0,6.0,418.0,155.0,172.0,20.2,400,1,高柳大輔,高柳大輔,栗東,0,0,0.0,0.0,0,0.0,-->,0,ok
2024,2023,74,パッシングスルーの23,ブレットパス (Bullet Pass),2023107157,アルアイン,牡,2023-02-24,2,ノーザンＦ,クラブ提供牧場,パッシングスルー,7,4000.0,10.0,450.0,155.0,174.0,20.8,400,1,中内田充正,中内田充,栗東,6,2,3583.0,0.0,3583.0,0.89575,26'あやめ賞(1勝クラス)25'2歳未勝利-->,0,ok
2024,2023,75,クルークハイトの23,ブロンザイト (Bronzite),2023106979,クリソベリル,牡,2023-01-20,1,ノーザンＦ,クラブ提供牧場,クルークハイト,9,4000.0,10.0,476.0,154.5,180.0,20.8,400,1,福永祐一,福永祐一,栗東,5,0,0.0,0.0,0,0.0,-->,0,ok
2024,2023,76,ヒカルアモーレの23,シルバーリム (Silver Limb),2023106808,シルバーステート,メス,2023-04-22,4,ノーザンＦ,クラブ提供牧場,ヒカルアモーレ,19,2400.0,6.0,422.0,154.0,171.0,19.8,400,1,中村直也,中村直也,栗東,6,1,799.0,0.0,799.0,0.3329166666666667,26'3歳未勝利-->,0,ok
2024,2023,77,マルケッサの23,ヴィスコンテッサ (Viscontessa),2023107244,シルバーステート,メス,2023-04-22,4,ノーザンＦ,クラブ提供牧場,マルケッサ,8,5000.0,12.5,419.0,153.0,173.0,19.0,400,1,松永幹夫,松永幹夫,栗東,6,1,1250.0,0.0,1250.0,0.25,25'2歳未勝利-->,0,ok
2024,2023,78,スペクトロライトの23,ガーネットフレア (Garnet Flare),2023107075,ニューイヤーズデイ,メス,2023-01-18,1,ノーザンＦ,クラブ提供牧場,スペクトロライト,13,3600.0,9.0,453.0,155.5,176.5,20.0,400,1,杉山佳明,杉山佳明,栗東,8,2,1890.0,0.0,1890.0,0.525,26'3歳以上1勝クラス26'3歳未勝利-->,0,ok
2024,2023,79,グリューヴァインの23,キンダープンシュ (Kinderpunsch),2023106989,モーリス,メス,2023-03-16,3,ノーザンＦ,クラブ提供牧場,グリューヴァイン,11,3000.0,7.5,474.0,157.0,182.5,20.3,400,1,大久保龍志,大久保龍,栗東,8,1,1023.0,0.0,1023.0,0.341,25'2歳未勝利-->,0,ok
2024,2023,80,ティールグリーンの23,カレイジャスビート (Courageous Beat),2023107116,リアルスティール,牡,2023-02-11,2,ノーザンＦ,クラブ提供牧場,ティールグリーン,10,4000.0,10.0,472.0,159.5,177.0,21.2,400,1,高野友和,高野友和,栗東,4,1,836.0,0.0,836.0,0.209,25'2歳未勝利-->,0,ok
2024,2023,81,コルコバードの23,クライストヒル,2023107001,リオンディーズ,牡,2023-01-27,1,ノーザンＦ,クラブ提供牧場,コルコバード,10,4000.0,10.0,450.0,162.0,175.0,20.5,400,1,田中克典,田中克典,栗東,0,0,0.0,0.0,0,0.0,-->,0,ok
2024,2023,82,スウィートショットの23,クラックショット (Crackshot),2023106172,アドマイヤマーズ,牡,2023-03-04,3,浜本牧場,レビュー提供欄,スウィートショット,8,4400.0,11.0,434.0,152.5,173.0,20.3,400,1,清水久詞,清水久詞,栗東,5,1,560.0,0.0,560.0,0.12727272727272726,25'2歳未勝利-->,0,ok
2024,2023,83,アドヴェントスの23,ロージーキャンドル (Rosy Candle),2023106792,サトノクラウン,メス,2023-01-19,1,ノーザンＦ,クラブ提供牧場,アドヴェントス,10,2000.0,5.0,456.0,153.5,170.0,19.5,400,1,小栗実,田嶋弘幸,金沢,5,0,0.0,18.0,18.0,0.009,-->,0,ok
2024,2023,84,リリカルホワイトの23,ロックターミガン (Rock Ptarmigan),2023106816,シスキン,牡,2023-03-17,3,ノーザンＦ,クラブ提供牧場,リリカルホワイト,10,3200.0,8.0,516.0,160.5,180.0,21.1,400,1,石坂公一,石坂公一,栗東,7,3,2611.0,6100.0,8711.0,2.7221875,京浜盃25'ポインセチアS(OP)-->,0,ok
2024,2023,85,プルメリアスターの23,パシフィックドーン (Pacific Dawn),2023107212,ハービンジャー,牡,2023-03-26,3,ノーザンＦ,クラブ提供牧場,プルメリアスター,11,5000.0,12.5,448.0,154.0,172.0,20.0,400,1,池添学,池添学,栗東,0,0,0.0,0.0,0,0.0,-->,0,ok
2024,2023,86,エールデュレーヴの23,レゼルフォート (Les Ailes Fortes),2023106935,ブリックスアンドモルタル,メス,2023-04-18,4,ノーザンＦ,クラブ提供牧場,エールデュレーヴ,10,3000.0,7.5,411.0,155.0,172.0,19.5,400,1,渡辺薫彦,渡辺薫彦,栗東,3,1,889.0,0.0,889.0,0.29633333333333334,26'3歳未勝利-->,0,ok
2024,2023,87,ムーングロウの23,ムーンリットアイル (Moonlit Isle),2023107269,ミッキーアイル,メス,2023-04-13,4,ノーザンＦ,クラブ提供牧場,ムーングロウ,14,3000.0,7.5,413.0,153.0,173.0,19.0,400,1,武英智,武英智,栗東,10,1,2134.0,0.0,2134.0,0.7113333333333334,26'3歳未勝利-->,0,ok
2024,2023,88,ティンバレスの23,フリジアンモード,2023107115,アジアエクスプレス,メス,2023-02-20,2,ノーザンＦ,クラブ提供牧場,ティンバレス,11,2400.0,6.0,510.0,157.5,182.0,19.2,400,1,寺島良,寺島良,栗東,0,0,0.0,0.0,0,0.0,-->,0,ok
2024,2023,89,レオパルディナの23,アルペングロー (Alpenglow),2023106817,オルフェーヴル,牡,2023-01-27,1,ノーザンＦ,クラブ提供牧場,レオパルディナ,11,4000.0,10.0,451.0,157.0,170.0,20.0,400,1,上村洋行,上村洋行,栗東,6,0,539.0,0.0,539.0,0.13475,-->,0,ok
2024,2023,90,レディオブパーシャの23,パーシャングレー (Persian Gray),2023110015,Dark Angel,牡,2023-03-11,3,ノーザンＦ,クラブ提供牧場,レディオブパーシャ,15,6000.0,15.0,441.0,151.0,175.0,20.0,400,1,池添学,池添学,栗東,9,1,1135.0,0.0,1135.0,0.18916666666666668,26'3歳未勝利-->,0,ok
2024,2023,91,ヴォーセルの23,バルフルール (Barfleur),2023106909,Saxon Warrior,メス,2023-02-21,2,ノーザンＦ,クラブ提供牧場,ヴォーセル,6,4000.0,10.0,434.0,155.0,175.0,19.8,400,1,長谷川浩大,長谷川浩,栗東,3,0,150.0,0.0,150.0,0.0375,-->,0,ok
2024,2023,92,エトワールⅢの23,ヴェスタールカ (Vestalka),2023106917,Wootton Bassett,メス,2023-03-05,3,ノーザンＦ,クラブ提供牧場,エトワールⅢ,6,5000.0,12.5,476.0,156.0,176.5,19.9,400,1,高野友和,高野友和,栗東,1,0,0.0,0.0,0,0.0,-->,0,ok_fixup2
2024,2023,93,ジルズパレスの23,ナインフォルド (Nine Fold),2023107375,クリソベリル,牡,2023-04-15,4,ノーザンＦ,クラブ提供牧場,ジルズパレス,10,2500.0,25.0,435.0,155.0,172.0,20.8,100,1,門別or南関,藤田輝信,大井,6,2,0.0,1062.0,1062.0,0.4248,25'2歳 新馬(新馬)サルビア特別-->,0,ok
2024,2023,94,ペニーウェディングの23,ペニーファウンテン (Penny Fountain),2023107387,クリソベリル,メス,2023-03-17,3,ノーザンＦ,クラブ提供牧場,ペニーウェディング,10,2000.0,20.0,441.0,153.0,172.5,20.5,100,1,門別or南関,渡辺和雄,大井,6,2,0.0,497.0,497.0,0.2485,3歳八 九3歳四 五六-->,0,ok
2024,2023,95,バイラオーラの23,バイラノーチェ (Baila Noche),2023106806,ニューイヤーズデイ,メス,2023-02-06,2,ノーザンＦ,クラブ提供牧場,バイラオーラ,17,2000.0,20.0,430.0,148.5,171.0,18.6,100,1,門別or南関,川島正一,船橋,4,2,0.0,1060.0,1060.0,0.53,ハイビスカスデビュークラーベセクレタ・メモリアル-->,0,ok
2024,2023,96,シシリアンブリーズの23,シシリアンマインド,2023107026,マインドユアビスケッツ,メス,2023-04-03,4,ノーザンＦ,レビュー提供欄,シシリアンブリーズ,15,1800.0,18.0,400.0,153.0,169.0,19.4,100,1,門別or南関,服部功,愛知,8,0,0.0,116.0,116.0,0.06444444444444444,-->,0,ok
