No,フラグ,日時,競馬場,開催日,人気合計,フラグ,レース,1着人気,2着人気,レース,1着人気,2着人気,レース,1着人気,2着人気,キャリーオーバー発声中,的中口数,的中金額,キャリーオーバー,推定1着オッズ_R1,推定2着オッズ_R1,推定1着オッズ_R2,推定2着オッズ_R2,推定1着オッズ_R3,推定2着オッズ_R3,推定1番人気オッズ_R1,推定1番人気オッズ_R2,推定1番人気オッズ_R3
339,4,1月27日(月),大井,第16回1日目,13,2,10R,1,2,11R,1,2,12R,4,3,1,,"71,225",,2.5,4.4,2.5,4.4,10.5,7.2,2.0,2.0,2.0
2,,12月30日(火),大井,第14回5日目,31,2,9R,1,6,10R,4,16,11R,3,1,,,"17,268,480",,2.5,19.8,10.5,385.0,7.2,2.5,3.9,3.9,3.9
3,,12月29日(月),大井,第14回4日目,17,3,8R,1,3,9R,7,1,10R,1,4,,,"1,794,675",,2.5,7.2,27.5,2.5,2.5,10.5,2.3,2.3,2.3
4,,12月26日(金),大井,第14回3日目,14,2,8R,3,2,9R,5,1,10R,2,1,,,"576,045",,7.2,4.4,14.3,2.5,4.4,2.5,2.0,2.0,2.0
5,,12月25日(木),浦和,第9回4日目,16,2,10R,3,1,11R,5,3,12R,3,1,,,"569,215",,5.9,2.1,11.7,5.9,5.9,2.1,1.9,1.9,1.9
6,,12月25日(木),大井,第14回2日目,14,2,10R,1,2,11R,2,1,12R,2,6,,,"158,440",,2.5,4.4,4.4,2.5,4.4,19.8,2.0,2.0,2.0
7,,12月24日(水),浦和,第9回3日目,19,2,10R,3,1,11R,2,9,12R,1,3,,,"200,815",,5.9,2.1,3.6,45.0,2.1,5.9,2.2,2.2,2.2
8,,12月24日(水),大井,第14回1日目,19,3,8R,1,9,9R,1,2,10R,5,1,1,,"921,890",,2.5,55.0,2.5,4.4,14.3,2.5,2.6,2.6,2.6
9,,12月23日(火),浦和,第9回2日目,17,2,10R,7,2,11R,1,2,12R,1,4,,,"294,020",,22.5,3.6,2.1,3.6,2.1,8.6,1.9,1.9,1.9
10,,12月22日(月),浦和,第9回1日目,25,1,10R,4,1,11R,5,4,12R,7,4,,,"8,437,630",,8.6,2.1,11.7,8.6,22.5,8.6,2.7,2.7,2.7
11,,12月19日(金),川崎,第10回5日目,27,3,10R,1,6,11R,1,8,12R,1,10,,,,"10,982,629",2.3,18.0,2.3,35.0,2.3,70.0,3.0,3.0,3.0
176,1,7月17日(木),門別,第7回6日目,11,2,10R,1,2,11R,2,3,12R,1,2,,,"21,235",,2.0,3.4,3.4,5.5,2.0,3.4,1.3,1.3,1.3
13,,12月17日(水),川崎,第10回3日目,13,2,10R,3,1,11R,2,3,12R,3,1,,,"163,285",,6.5,2.3,4.0,6.5,6.5,2.3,1.8,1.8,1.8
14,,12月16日(火),川崎,第10回2日目,11,3,10R,1,2,11R,1,3,12R,1,3,,,"14,935",,2.3,4.0,2.3,6.5,2.3,6.5,1.5,1.5,1.5
194,6,7月3日(木),大井,第5回4日目,15,2,10R,2,3,11R,2,1,12R,1,6,,,"93,325",,4.4,7.2,4.4,2.5,2.5,19.8,2.0,2.0,2.0
16,,12月12日(金),船橋,第9回5日目,17,3,10R,9,1,11R,3,1,12R,2,1,,,"1,653,105",,50.0,2.3,6.5,2.3,4.0,2.3,2.1,2.1,2.1
17,,12月11日(木),船橋,第9回4日目,21,1,10R,2,4,11R,3,8,12R,1,3,,,"12,490,330",,4.0,9.5,6.5,35.0,2.3,6.5,2.4,2.4,2.4
18,,12月10日(水),船橋,第9回3日目,21,2,10R,6,7,11R,1,4,12R,1,2,1,,"2,367,630",,18.0,25.0,2.3,9.5,2.3,4.0,2.4,2.4,2.4
19,,12月9日(火),船橋,第9回2日目,30,1,10R,10,6,11R,1,2,12R,6,5,,,,"10,940,993",70.0,18.0,2.3,4.0,18.0,13.0,3.0,3.0,3.0
20,,12月8日(月),船橋,第9回1日目,12,2,10R,2,4,11R,2,1,12R,1,2,,,"578,545",,4.0,9.5,4.0,2.3,2.3,4.0,1.5,1.5,1.5
21,,12月5日(金),大井,第13回5日目,18,2,10R,3,1,11R,4,5,12R,1,4,,,,"13,357,995",7.2,2.5,10.5,14.3,2.5,10.5,2.3,2.3,2.3
22,,12月4日(木),大井,第13回4日目,32,2,10R,1,10,11R,8,10,12R,1,2,,,"16,059,760",,2.5,77.0,38.5,77.0,2.5,4.4,3.9,3.9,3.9
23,,12月3日(水),大井,第13回3日目,24,2,10R,1,2,11R,1,7,12R,7,6,1,,"9,138,210",,2.5,4.4,2.5,27.5,27.5,19.8,3.0,3.0,3.0
24,,12月2日(火),大井,第13回2日目,27,2,10R,11,5,11R,7,1,12R,1,2,,,,"12,755,197",104.5,14.3,27.5,2.5,2.5,4.4,3.3,3.3,3.3
25,,12月1日(月),大井,第13回1日目,10,3,10R,1,2,11R,1,3,12R,2,1,,,"33,360",,2.5,4.4,2.5,7.2,4.4,2.5,1.7,1.7,1.7
200,3,6月30日(月),船橋,第4回1日目,18,3,10R,1,3,11R,1,4,12R,1,8,,,"97,835",,2.3,6.5,2.3,9.5,2.3,35.0,2.1,2.1,2.1
27,,11月27日(木),浦和,第8回3日目,15,3,10R,2,1,11R,1,6,12R,1,4,,,"294,565",,3.6,2.1,2.1,16.2,2.1,8.6,1.6,1.6,1.6
28,,11月26日(水),浦和,第8回2日目,20,2,10R,3,10,11R,2,1,12R,3,1,,,"4,527,195",,5.9,63.0,3.6,2.1,5.9,2.1,2.2,2.2,2.2
29,,11月25日(火),浦和,第8回1日目,11,2,10R,2,3,11R,1,2,12R,2,1,,,"10,725",,3.6,5.9,2.1,3.6,3.6,2.1,1.4,1.4,1.4
30,,11月21日(金),川崎,第9回5日目,26,1,10R,3,2,11R,1,6,12R,4,10,,,"4,888,770",,6.5,4.0,2.3,18.0,9.5,70.0,3.0,3.0,3.0
31,,11月20日(木),川崎,第9回4日目,24,1,10R,8,3,11R,1,3,12R,6,3,1,,"53,642,875",,35.0,6.5,2.3,6.5,18.0,6.5,2.7,2.7,2.7
32,,11月19日(水),川崎,第9回3日目,19,1,10R,5,3,11R,2,1,12R,3,5,,,,"11,103,491",13.0,6.5,4.0,2.3,6.5,13.0,2.4,2.4,2.4
230,4,6月3日(火),船橋,第3回2日目,16,2,10R,1,3,11R,1,2,12R,5,4,,,"100,795",,2.3,6.5,2.3,4.0,13.0,9.5,2.1,2.1,2.1
34,,11月17日(月),川崎,第9回1日目,11,3,10R,1,2,11R,1,2,12R,1,4,,,"19,020",,2.3,4.0,2.3,4.0,2.3,9.5,1.5,1.5,1.5
280,2,4月15日(火),大井,第1回2日目,14,3,10R,1,3,11R,2,1,12R,1,6,1,,"101,015",,2.5,7.2,4.4,2.5,2.5,19.8,2.0,2.0,2.0
36,,11月13日(木),大井,第12回4日目,27,2,10R,1,12,11R,5,4,12R,1,4,,,"1,511,340",,2.5,143.0,14.3,10.5,2.5,10.5,3.3,3.3,3.3
37,,11月13日(木),門別,第16回3日目,22,1,10R,2,10,11R,3,4,12R,1,2,,,,"4,892,930",3.4,59.5,5.5,8.1,2.0,3.4,2.3,2.3,2.3
38,,11月12日(水),大井,第12回3日目,18,2,10R,7,1,11R,1,4,12R,2,3,,,"7,033,250",,27.5,2.5,2.5,10.5,4.4,7.2,2.3,2.3,2.3
39,,11月12日(水),門別,第16回2日目,15,2,10R,2,1,11R,3,4,12R,1,4,,,"530,040",,3.4,2.0,5.5,8.1,2.0,8.1,1.5,1.5,1.5
40,,11月11日(火),大井,第12回2日目,13,3,10R,2,1,11R,1,4,12R,1,4,,,"46,645",,4.4,2.5,2.5,10.5,2.5,10.5,2.0,2.0,2.0
41,,11月11日(火),門別,第16回1日目,19,1,10R,7,2,11R,4,3,12R,1,2,,,"813,340",,21.2,3.4,8.1,5.5,2.0,3.4,2.0,2.0,2.0
42,,11月10日(月),大井,第12回1日目,22,2,10R,9,1,11R,3,6,12R,1,2,,,"1,685,250",,55.0,2.5,7.2,19.8,2.5,4.4,3.0,3.0,3.0
43,,11月7日(金),船橋,第8回5日目,16,2,10R,3,2,11R,4,1,12R,5,1,,,"1,538,020",,6.5,4.0,9.5,2.3,13.0,2.3,2.1,2.1,2.1
44,,11月6日(木),船橋,第8回4日目,19,2,10R,1,3,11R,1,2,12R,4,8,1,,"11,379,670",,2.3,6.5,2.3,4.0,9.5,35.0,2.4,2.4,2.4
45,,11月6日(木),門別,第15回6日目,22,2,10R,6,9,11R,1,2,12R,1,3,,,"2,431,525",,15.3,42.5,2.0,3.4,2.0,5.5,2.3,2.3,2.3
46,,11月5日(水),船橋,第8回3日目,34,0,10R,9,4,11R,6,8,12R,2,5,,,,"11,694,137",50.0,9.5,18.0,35.0,4.0,13.0,3.5,3.5,3.5
47,,11月5日(水),門別,第15回5日目,16,2,10R,2,1,11R,6,1,12R,2,4,,,"656,740",,3.4,2.0,15.3,2.0,3.4,8.1,1.8,1.8,1.8
57,1,10月28日(火),門別,第15回1日目,16,2,10R,1,4,11R,4,3,12R,1,3,,,"1,226,880",,2.0,8.1,8.1,5.5,2.0,5.5,1.8,1.8,1.8
49,,11月3日(月),船橋,第8回1日目,23,2,9R,7,2,10R,5,1,11R,1,7,,,"14,326,235",,25.0,4.0,13.0,2.3,2.3,25.0,2.7,2.7,2.7
50,,11月3日(月),門別,第15回4日目,17,2,10R,1,4,11R,6,3,12R,1,2,,,"246,955",,2.0,8.1,15.3,5.5,2.0,3.4,1.8,1.8,1.8
51,,10月31日(金),浦和,第7回5日目,18,2,10R,1,2,11R,4,6,12R,4,1,1,,"2,498,755",,2.1,3.6,8.6,16.2,8.6,2.1,1.9,1.9,1.9
52,,10月30日(木),浦和,第7回4日目,26,2,10R,3,5,11R,8,1,12R,1,8,,,,"5,746,846",5.9,11.7,31.5,2.1,2.1,31.5,2.7,2.7,2.7
53,,10月30日(木),門別,第15回3日目,23,2,10R,3,1,11R,1,2,12R,9,7,,,"9,201,700",,5.5,2.0,2.0,3.4,42.5,21.2,2.3,2.3,2.3
54,,10月29日(水),浦和,第7回3日目,23,1,10R,5,3,11R,1,9,12R,2,3,1,,"17,873,430",,11.7,5.9,2.1,45.0,3.6,5.9,2.4,2.4,2.4
55,,10月29日(水),門別,第15回2日目,17,2,10R,6,1,11R,2,5,12R,2,1,,,"2,210,325",,15.3,2.0,3.4,11.0,3.4,2.0,1.8,1.8,1.8
56,,10月28日(火),浦和,第7回2日目,22,2,10R,2,8,11R,8,1,12R,2,1,,,,"7,968,961",3.6,31.5,31.5,2.1,3.6,2.1,2.4,2.4,2.4
71,1,10月15日(水),門別,第14回2日目,12,2,10R,1,2,11R,2,3,12R,1,3,,,"45,760",,2.0,3.4,3.4,5.5,2.0,5.5,1.3,1.3,1.3
116,3,9月4日(木),大井,第8回4日目,15,3,10R,1,3,11R,1,3,12R,1,6,1,,"107,995",,2.5,7.2,2.5,7.2,2.5,19.8,2.0,2.0,2.0
59,,10月24日(金),大井,第11回5日目,19,2,10R,6,7,11R,2,1,12R,2,1,1,,"777,570",,19.8,27.5,4.4,2.5,4.4,2.5,2.6,2.6,2.6
60,,10月23日(木),大井,第11回4日目,28,0,10R,7,4,11R,3,4,12R,2,8,,,,"9,185,575",27.5,10.5,7.2,10.5,4.4,38.5,3.3,3.3,3.3
61,,10月23日(木),門別,第14回6日目,17,3,10R,1,6,11R,4,1,12R,4,1,,,"364,310",,2.0,15.3,8.1,2.0,8.1,2.0,1.8,1.8,1.8
62,,10月22日(水),大井,第11回3日目,22,2,10R,8,3,11R,6,1,12R,1,3,,,"5,486,305",,38.5,7.2,19.8,2.5,2.5,7.2,3.0,3.0,3.0
63,,10月22日(水),門別,第14回5日目,15,2,10R,6,3,11R,1,2,12R,1,2,1,,"378,940",,15.3,5.5,2.0,3.4,2.0,3.4,1.5,1.5,1.5
64,,10月21日(火),大井,第11回2日目,12,2,10R,2,1,11R,1,2,12R,2,4,,,"101,240",,4.4,2.5,2.5,4.4,4.4,10.5,1.7,1.7,1.7
65,,10月21日(火),門別,第14回4日目,20,1,10R,6,1,11R,2,4,12R,2,5,,,,"5,294,982",15.3,2.0,3.4,8.1,3.4,11.0,2.0,2.0,2.0
66,,10月20日(月),大井,第11回1日目,14,3,10R,2,1,11R,1,6,12R,3,1,,,"47,735",,4.4,2.5,2.5,19.8,7.2,2.5,2.0,2.0,2.0
67,,10月17日(金),川崎,第8回5日目,10,3,10R,1,2,11R,1,2,12R,1,3,,,"50,645",,2.3,4.0,2.3,4.0,2.3,6.5,1.5,1.5,1.5
68,,10月16日(木),川崎,第8回4日目,16,2,10R,1,3,11R,3,1,12R,3,5,,,"969,415",,2.3,6.5,6.5,2.3,6.5,13.0,2.1,2.1,2.1
69,,10月16日(木),門別,第14回3日目,14,2,10R,3,2,11R,1,4,12R,3,1,,,"897,245",,5.5,3.4,2.0,8.1,5.5,2.0,1.5,1.5,1.5
70,,10月15日(水),川崎,第8回3日目,17,3,10R,2,1,11R,1,3,12R,1,9,1,,"702,840",,4.0,2.3,2.3,6.5,2.3,50.0,2.1,2.1,2.1
199,1,7月1日(火),門別,第6回4日目,17,2,10R,1,5,11R,3,4,12R,1,3,,,"44,130",,2.0,11.0,5.5,8.1,2.0,5.5,1.8,1.8,1.8
277,1,4月17日(木),門別,第1回2日目,15,2,10R,1,4,11R,2,3,12R,1,4,,,"88,215",,2.0,8.1,3.4,5.5,2.0,8.1,1.5,1.5,1.5
73,,10月14日(火),門別,第14回1日目,19,2,10R,1,3,11R,1,7,12R,4,3,,,"575,100",,2.0,5.5,2.0,21.2,8.1,5.5,2.0,2.0,2.0
74,,10月13日(月),川崎,第8回1日目,24,2,10R,3,8,11R,1,2,12R,1,9,,,"1,346,380",,6.5,35.0,2.3,4.0,2.3,50.0,2.7,2.7,2.7
75,,10月10日(金),大井,第10回6日目,12,2,8R,3,2,9R,3,1,10R,2,1,,,"128,040",,7.2,4.4,7.2,2.5,4.4,2.5,1.7,1.7,1.7
76,,10月9日(木),大井,第10回5日目,13,2,10R,3,1,11R,2,4,12R,1,2,,,"256,080",,7.2,2.5,4.4,10.5,2.5,4.4,2.0,2.0,2.0
77,,10月9日(木),門別,第13回6日目,11,3,10R,1,4,11R,1,2,12R,1,2,,,"19,095",,2.0,8.1,2.0,3.4,2.0,3.4,1.3,1.3,1.3
78,,10月8日(水),大井,第10回4日目,17,3,10R,3,1,11R,3,1,12R,8,1,,,"788,200",,7.2,2.5,7.2,2.5,38.5,2.5,2.3,2.3,2.3
79,,10月8日(水),門別,第13回5日目,12,3,10R,1,2,11R,1,4,12R,1,3,,,"10,685",,2.0,3.4,2.0,8.1,2.0,5.5,1.3,1.3,1.3
80,,10月7日(火),大井,第10回3日目,19,1,10R,4,2,11R,5,1,12R,2,5,,,"11,566,985",,10.5,4.4,14.3,2.5,4.4,14.3,2.6,2.6,2.6
81,,10月7日(火),門別,第13回4日目,17,1,10R,5,3,11R,2,4,12R,1,2,1,,"2,568,795",,11.0,5.5,3.4,8.1,2.0,3.4,1.8,1.8,1.8
355,,1月3日(金),川崎,第11回3日目,16,2,10R,1,3,11R,2,4,12R,1,5,1,,"108,210",,2.3,6.5,4.0,9.5,2.3,13.0,2.1,2.1,2.1
33,3,11月18日(火),川崎,第9回2日目,18,3,10R,1,2,11R,1,3,12R,1,10,,,"117,380",,2.3,4.0,2.3,6.5,2.3,70.0,2.1,2.1,2.1
84,,10月3日(金),船橋,第7回5日目,11,3,10R,1,2,11R,4,1,12R,1,2,,,"152,145",,2.3,4.0,9.5,2.3,2.3,4.0,1.5,1.5,1.5
85,,10月2日(木),船橋,第7回4日目,18,2,10R,1,3,11R,5,1,12R,5,3,,,"2,550,410",,2.3,6.5,13.0,2.3,13.0,6.5,2.1,2.1,2.1
86,,10月2日(木),門別,第13回3日目,23,2,10R,6,7,11R,1,6,12R,2,1,,,,"5,236,000",15.3,21.2,2.0,15.3,3.4,2.0,2.3,2.3,2.3
87,,10月1日(水),船橋,第7回3日目,13,3,10R,3,1,11R,1,2,12R,1,5,,,"23,030",,6.5,2.3,2.3,4.0,2.3,13.0,1.8,1.8,1.8
88,,10月1日(水),門別,第13回2日目,17,2,10R,1,8,11R,2,1,12R,2,3,,,"821,640",,2.0,29.8,3.4,2.0,3.4,5.5,1.8,1.8,1.8
89,,9月30日(火),船橋,第7回2日目,13,2,10R,3,1,11R,3,1,12R,3,2,,,"503,265",,6.5,2.3,6.5,2.3,6.5,4.0,1.8,1.8,1.8
90,,9月30日(火),門別,第13回1日目,15,3,10R,1,5,11R,1,4,12R,1,3,,,"68,870",,2.0,11.0,2.0,8.1,2.0,5.5,1.5,1.5,1.5
190,,7月5日(土),船橋,第4回4日目,19,2,10R,1,3,11R,4,3,12R,1,7,,,"632,200",,2.3,6.5,9.5,6.5,2.3,25.0,2.4,2.4,2.4
92,,9月26日(金),浦和,第6回5日目,18,2,10R,2,1,11R,2,4,12R,1,8,,,"1,679,045",,3.6,2.1,3.6,8.6,2.1,31.5,1.9,1.9,1.9
93,,9月25日(木),浦和,第6回4日目,22,1,10R,4,3,11R,1,3,12R,6,5,,,"1,660,545",,8.6,5.9,2.1,5.9,16.2,11.7,2.4,2.4,2.4
94,,9月25日(木),門別,第12回6日目,19,1,10R,5,2,11R,5,2,12R,1,4,,,"1,459,630",,11.0,3.4,11.0,3.4,2.0,8.1,2.0,2.0,2.0
95,,9月24日(水),浦和,第6回3日目,11,3,10R,1,4,11R,1,2,12R,1,2,,,"46,940",,2.1,8.6,2.1,3.6,2.1,3.6,1.4,1.4,1.4
96,,9月24日(水),門別,第12回5日目,19,2,10R,9,2,11R,1,4,12R,1,2,,,"1,764,445",,42.5,3.4,2.0,8.1,2.0,3.4,2.0,2.0,2.0
97,,9月23日(火),浦和,第6回2日目,23,2,10R,1,4,11R,1,8,12R,4,5,,,"2,232,100",,2.1,8.6,2.1,31.5,8.6,11.7,2.4,2.4,2.4
98,,9月23日(火),門別,第12回4日目,20,2,10R,5,1,11R,1,2,12R,6,5,,,"657,505",,11.0,2.0,2.0,3.4,15.3,11.0,2.0,2.0,2.0
99,,9月22日(月),浦和,第6回1日目,14,2,10R,3,1,11R,1,4,12R,2,3,,,"212,130",,5.9,2.1,2.1,8.6,3.6,5.9,1.6,1.6,1.6
100,,9月19日(金),大井,第9回5日目,19,1,10R,4,2,11R,6,4,12R,1,2,,,"16,870,705",,10.5,4.4,19.8,10.5,2.5,4.4,2.6,2.6,2.6
203,1,6月26日(木),浦和,第3回4日目,12,2,10R,1,3,11R,2,3,12R,1,2,1,,"140,415",,2.1,5.9,3.6,5.9,2.1,3.6,1.4,1.4,1.4
102,,9月18日(木),門別,第12回3日目,19,2,10R,1,3,11R,8,3,12R,3,1,,,"4,428,890",,2.0,5.5,29.8,5.5,5.5,2.0,2.0,2.0,2.0
103,,9月17日(水),大井,第9回3日目,24,2,10R,8,3,11R,3,1,12R,8,1,,,,"12,270,391",38.5,7.2,7.2,2.5,38.5,2.5,3.0,3.0,3.0
104,,9月17日(水),門別,第12回2日目,19,1,10R,2,1,11R,2,6,12R,2,6,1,,"1,322,140",,3.4,2.0,3.4,15.3,3.4,15.3,2.0,2.0,2.0
105,,9月16日(火),大井,第9回2日目,19,2,10R,1,6,11R,6,3,12R,1,2,,,"227,450",,2.5,19.8,19.8,7.2,2.5,4.4,2.6,2.6,2.6
106,,9月16日(火),門別,第12回1日目,26,0,10R,9,7,11R,2,3,12R,2,3,,,,"5,348,931",42.5,21.2,3.4,5.5,3.4,5.5,2.5,2.5,2.5
107,,9月15日(月),大井,第9回1日目,28,1,10R,1,2,11R,3,11,12R,4,7,,,"14,634,025",,2.5,4.4,7.2,104.5,10.5,27.5,3.3,3.3,3.3
108,,9月12日(金),川崎,第7回5日目,18,3,10R,6,1,11R,1,4,12R,5,1,,,"2,588,245",,18.0,2.3,2.3,9.5,13.0,2.3,2.1,2.1,2.1
109,,9月11日(木),門別,第11回6日目,21,2,10R,7,3,11R,1,7,12R,2,1,,,"899,765",,21.2,5.5,2.0,21.2,3.4,2.0,2.0,2.0,2.0
110,,9月10日(水),川崎,第7回3日目,19,1,10R,3,1,11R,2,4,12R,3,6,,,"1,407,060",,6.5,2.3,4.0,9.5,6.5,18.0,2.4,2.4,2.4
111,,9月10日(水),門別,第11回5日目,17,2,10R,1,5,11R,6,2,12R,1,2,,,"834,265",,2.0,11.0,15.3,3.4,2.0,3.4,1.8,1.8,1.8
112,,9月9日(火),川崎,第7回2日目,21,2,10R,2,7,11R,1,3,12R,7,1,,,"2,788,005",,4.0,25.0,2.3,6.5,25.0,2.3,2.4,2.4,2.4
113,,9月9日(火),門別,第11回4日目,14,3,10R,2,1,11R,1,4,12R,1,5,,,"444,455",,3.4,2.0,2.0,8.1,2.0,11.0,1.5,1.5,1.5
114,,9月8日(月),川崎,第7回1日目,26,2,10R,2,10,11R,1,8,12R,1,4,,,"2,502,045",,4.0,70.0,2.3,35.0,2.3,9.5,3.0,3.0,3.0
115,,9月5日(金),大井,第8回5日目,27,1,10R,3,6,11R,2,6,12R,1,9,,,"3,870,820",,7.2,19.8,4.4,19.8,2.5,55.0,3.3,3.3,3.3
35,3,11月14日(金),大井,第12回5日目,16,3,10R,1,6,11R,1,2,12R,1,5,,,"155,255",,2.5,19.8,2.5,4.4,2.5,14.3,2.3,2.3,2.3
117,6,9月4日(木),門別,第11回3日目,16,1,10R,3,2,11R,1,3,12R,4,3,,,"439,495",,5.5,3.4,2.0,5.5,8.1,5.5,1.8,1.8,1.8
118,,9月3日(水),大井,第8回3日目,23,2,10R,1,3,11R,1,9,12R,6,3,,,,"13,230,462",2.5,7.2,2.5,55.0,19.8,7.2,3.0,3.0,3.0
119,,9月3日(水),門別,第11回2日目,16,2,10R,1,5,11R,2,1,12R,5,2,,,"2,259,185",,2.0,11.0,3.4,2.0,11.0,3.4,1.8,1.8,1.8
120,,9月2日(火),大井,第8回2日目,17,1,10R,2,1,11R,2,3,12R,4,5,,,"641,925",,4.4,2.5,4.4,7.2,10.5,14.3,2.3,2.3,2.3
121,,9月2日(火),門別,第11回1日目,23,0,10R,6,5,11R,3,4,12R,2,3,1,,"9,966,360",,15.3,11.0,5.5,8.1,3.4,5.5,2.3,2.3,2.3
122,,9月1日(月),大井,第8回1日目,15,3,10R,1,3,11R,7,1,12R,1,2,,,"228,825",,2.5,7.2,27.5,2.5,2.5,4.4,2.0,2.0,2.0
123,,8月31日(日),船橋,第6回5日目,12,3,10R,2,1,11R,5,1,12R,2,1,1,,"322,075",,4.0,2.3,13.0,2.3,4.0,2.3,1.5,1.5,1.5
124,,8月29日(金),船橋,第6回3日目,18,2,10R,8,2,11R,1,4,12R,1,2,,,,"12,222,112",35.0,4.0,2.3,9.5,2.3,4.0,2.1,2.1,2.1
125,,8月28日(木),船橋,第6回2日目,17,2,10R,4,1,11R,3,1,12R,6,2,,,"828,640",,9.5,2.3,6.5,2.3,18.0,4.0,2.1,2.1,2.1
126,,8月28日(木),門別,第10回6日目,20,1,10R,2,8,11R,4,2,12R,3,1,,,,"7,446,166",3.4,29.8,8.1,3.4,5.5,2.0,2.0,2.0,2.0
48,1,11月4日(火),船橋,第8回2日目,12,2,10R,1,3,11R,2,3,12R,1,2,,,"157,070",,2.3,6.5,4.0,6.5,2.3,4.0,1.5,1.5,1.5
128,,8月27日(水),門別,第10回5日目,20,2,10R,1,6,11R,7,1,12R,3,2,,,"605,420",,2.0,15.3,21.2,2.0,5.5,3.4,2.0,2.0,2.0
129,,8月26日(火),川崎,第6回4日目,24,0,10R,2,3,11R,3,4,12R,3,9,,,"4,347,640",,4.0,6.5,6.5,9.5,6.5,50.0,2.7,2.7,2.7
130,,8月26日(火),門別,第10回4日目,19,2,10R,6,3,11R,1,2,12R,1,6,,,"823,085",,15.3,5.5,2.0,3.4,2.0,15.3,2.0,2.0,2.0
131,,8月25日(月),川崎,第6回3日目,22,1,10R,2,9,11R,1,2,12R,6,2,1,,"629,215",,4.0,50.0,2.3,4.0,18.0,4.0,2.7,2.7,2.7
132,,8月22日(金),川崎,第6回2日目,28,1,10R,10,3,11R,1,7,12R,5,2,,,,"11,386,011",70.0,6.5,2.3,25.0,13.0,4.0,3.0,3.0,3.0
133,,8月21日(木),川崎,第6回1日目,10,3,10R,1,2,11R,3,1,12R,2,1,,,"71,750",,2.3,4.0,6.5,2.3,4.0,2.3,1.5,1.5,1.5
134,,8月21日(木),門別,第10回3日目,18,2,10R,5,7,11R,2,1,12R,1,2,,,"533,350",,11.0,21.2,3.4,2.0,2.0,3.4,1.8,1.8,1.8
135,,8月20日(水),浦和,第5回4日目,22,1,10R,1,2,11R,3,7,12R,2,7,,,"4,211,745",,2.1,3.6,5.9,22.5,3.6,22.5,2.4,2.4,2.4
136,,8月20日(水),門別,第10回2日目,23,1,10R,9,5,11R,3,2,12R,1,3,,,"2,089,035",,42.5,11.0,5.5,3.4,2.0,5.5,2.3,2.3,2.3
137,,8月19日(火),浦和,第5回3日目,19,1,10R,4,2,11R,2,6,12R,4,1,,,"3,103,290",,8.6,3.6,3.6,16.2,8.6,2.1,2.2,2.2,2.2
12,,12月18日(木),川崎,第10回4日目,20,2,10R,1,3,11R,2,3,12R,1,10,,,"581,445",,2.3,6.5,4.0,6.5,2.3,70.0,2.4,2.4,2.4
139,,8月18日(月)同着あり,浦和,第5回2日目,18,2,10R,2,1,11R同着,5,1,12R,4,5,,,"702,800",,3.6,2.1,11.7,2.1,8.6,11.7,1.9,1.9,1.9
140,,8月18日(月)同着あり,浦和,第5回2日目,20,1,10R,2,1,11R同着,5,3,12R,4,5,,,"2,108,330",,3.6,2.1,11.7,5.9,8.6,11.7,2.2,2.2,2.2
141,,8月15日(金),浦和,第5回1日目,10,3,10R,1,2,11R,1,3,12R,2,1,,,"23,375",,2.1,3.6,2.1,5.9,3.6,2.1,1.4,1.4,1.4
142,,8月15日(金),大井,第7回6日目,14,2,8R,3,1,9R,4,3,10R,1,2,,,"125,385",,7.2,2.5,10.5,7.2,2.5,4.4,2.0,2.0,2.0
91,1,9月29日(月),船橋,第7回1日目,14,2,10R,1,5,11R,3,2,12R,2,1,,,"163,535",,2.3,13.0,6.5,4.0,4.0,2.3,1.8,1.8,1.8
144,,8月14日(木),門別,第9回6日目,11,2,10R,2,3,11R,2,1,12R,2,1,,,"283,505",,3.4,5.5,3.4,2.0,3.4,2.0,1.3,1.3,1.3
145,,8月13日(水),大井,第7回4日目,33,1,10R,1,9,11R,3,5,12R,6,9,,,"11,748,925",,2.5,55.0,7.2,14.3,19.8,55.0,3.9,3.9,3.9
146,,8月13日(水),門別,第9回5日目,13,3,10R,2,1,11R,1,5,12R,1,3,,,"28,125",,3.4,2.0,2.0,11.0,2.0,5.5,1.5,1.5,1.5
147,,8月12日(火),大井,第7回3日目,13,2,8R,2,3,9R,1,3,10R,1,3,,,"51,960",,4.4,7.2,2.5,7.2,2.5,7.2,2.0,2.0,2.0
148,3,8月12日(火),門別,第9回4日目,19,3,10R,1,4,11R,1,5,12R,1,7,,,"79,770",,2.0,8.1,2.0,11.0,2.0,21.2,2.0,2.0,2.0
149,,8月11日(月),大井,第7回2日目,21,3,9R,1,4,10R,1,9,11R,1,5,,,"211,730",,2.5,10.5,2.5,55.0,2.5,14.3,2.6,2.6,2.6
150,,8月10日(日),大井,第7回1日目,14,1,6R,2,3,7R,1,3,8R,3,2,,,"182,035",,4.4,7.2,2.5,7.2,7.2,4.4,2.0,2.0,2.0
151,,8月8日(金),川崎,第5回5日目,16,1,10R,2,4,11R,3,1,12R,4,2,,,"3,051,930",,4.0,9.5,6.5,2.3,9.5,4.0,2.1,2.1,2.1
152,,8月7日(木),川崎,第5回4日目,12,3,10R,1,2,11R,1,5,12R,1,2,,,"43,675",,2.3,4.0,2.3,13.0,2.3,4.0,1.5,1.5,1.5
153,,8月7日(木),門別,第9回3日目,13,3,10R,2,1,11R,1,5,12R,1,3,,,"59,870",,3.4,2.0,2.0,11.0,2.0,5.5,1.5,1.5,1.5
154,,8月6日(水),川崎,第5回3日目,16,2,10R,4,1,11R,5,2,12R,1,3,,,"452,750",,9.5,2.3,13.0,4.0,2.3,6.5,2.1,2.1,2.1
155,,8月6日(水),門別,第9回2日目,19,2,10R,4,5,11R,1,6,12R,1,2,,,"1,247,180",,8.1,11.0,2.0,15.3,2.0,3.4,2.0,2.0,2.0
156,,8月5日(火),川崎,第5回2日目,22,2,10R,1,2,11R,1,7,12R,5,6,,,"222,555",,2.3,4.0,2.3,25.0,13.0,18.0,2.7,2.7,2.7
157,,8月5日(火),門別,第9回1日目,12,3,10R,2,1,11R,3,1,12R,1,4,,,"47,435",,3.4,2.0,5.5,2.0,2.0,8.1,1.3,1.3,1.3
158,,8月4日(月),川崎,第5回1日目,23,1,10R,7,3,11R,1,4,12R,2,6,1,,"56,363,510",,25.0,6.5,2.3,9.5,4.0,18.0,2.7,2.7,2.7
159,,8月1日(金),船橋,第5回5日目,23,2,10R,2,9,11R,1,3,12R,1,7,,,"854,580",,4.0,50.0,2.3,6.5,2.3,25.0,2.7,2.7,2.7
160,,7月31日(木),船橋,第5回4日目,17,2,10R,2,7,11R,1,2,12R,1,4,,,"217,300",,4.0,25.0,2.3,4.0,2.3,9.5,2.1,2.1,2.1
161,,7月31日(木),門別,第8回6日目,16,1,10R,2,6,11R,2,3,12R,1,2,,,"169,830",,3.4,15.3,3.4,5.5,2.0,3.4,1.8,1.8,1.8
15,,12月15日(月),川崎,第10回1日目,22,2,10R,1,3,11R,4,3,12R,1,10,,,"1,116,635",,2.3,6.5,9.5,6.5,2.3,70.0,2.7,2.7,2.7
163,,7月29日(火),船橋,第5回2日目,14,3,10R,1,4,11R,1,3,12R,1,4,,,"57,820",,2.3,9.5,2.3,6.5,2.3,9.5,1.8,1.8,1.8
164,,7月29日(火),門別,第8回4日目,15,2,10R,3,6,11R,2,1,12R,2,1,,,"925,220",,5.5,15.3,3.4,2.0,3.4,2.0,1.5,1.5,1.5
165,,7月28日(月),船橋,第5回1日目,18,2,10R,3,1,11R,7,1,12R,2,4,,,"2,392,970",,6.5,2.3,25.0,2.3,4.0,9.5,2.1,2.1,2.1
166,,7月25日(金),浦和,第4回5日目,20,2,10R,6,7,11R,1,2,12R,1,3,,,"1,336,220",,16.2,22.5,2.1,3.6,2.1,5.9,2.2,2.2,2.2
167,,7月24日(木),浦和,第4回4日目,19,2,10R,2,8,11R,2,1,12R,5,1,,,"4,147,450",,3.6,31.5,3.6,2.1,11.7,2.1,2.2,2.2,2.2
168,,7月24日(木),門別,第8回3日目,11,3,10R,1,2,11R,1,2,12R,1,4,,,"29,620",,2.0,3.4,2.0,3.4,2.0,8.1,1.3,1.3,1.3
169,,7月23日(水),浦和,第4回3日目,20,1,10R,4,7,11R,3,1,12R,3,2,,,"7,476,000",,8.6,22.5,5.9,2.1,5.9,3.6,2.2,2.2,2.2
170,,7月23日(水),門別,第8回2日目,12,3,10R,1,2,11R,1,3,12R,1,4,1,,"27,915",,2.0,3.4,2.0,5.5,2.0,8.1,1.3,1.3,1.3
82,1,10月6日(月),大井,第10回2日目,14,2,8R,1,3,9R,3,2,10R,4,1,,,"180,470",,2.5,7.2,7.2,4.4,10.5,2.5,2.0,2.0,2.0
172,,7月22日(火),門別,第8回1日目,18,1,10R,3,2,11R,4,6,12R,1,2,,,,"6,773,802",5.5,3.4,8.1,15.3,2.0,3.4,1.8,1.8,1.8
173,,7月21日(月),浦和,第4回1日目,18,2,10R,2,1,11R,2,7,12R,1,5,,,"1,433,285",,3.6,2.1,3.6,22.5,2.1,11.7,1.9,1.9,1.9
174,,7月18日(金),大井,第6回5日目,18,3,10R,1,7,11R,4,1,12R,1,4,,,"1,027,350",,2.5,27.5,10.5,2.5,2.5,10.5,2.3,2.3,2.3
175,,7月17日(木),大井,第6回4日目,12,3,10R,2,1,11R,3,1,12R,1,4,1,,"127,445",,4.4,2.5,7.2,2.5,2.5,10.5,1.7,1.7,1.7
305,6,3月12日(水),大井,第18回3日目,19,2,10R,3,5,11R,1,2,12R,1,7,,,"180,645",,7.2,14.3,2.5,4.4,2.5,27.5,2.6,2.6,2.6
177,,7月16日(水),大井,第6回3日目,25,2,10R,1,4,11R,7,3,12R,9,1,,,,"15,325,058",2.5,10.5,27.5,7.2,55.0,2.5,3.3,3.3,3.3
178,,7月16日(水),門別,第7回5日目,16,3,10R,1,4,11R,1,5,12R,1,4,,,"136,590",,2.0,8.1,2.0,11.0,2.0,8.1,1.8,1.8,1.8
58,3,10月27日(月),浦和,第7回1日目,14,3,10R,1,2,11R,1,3,12R,1,6,,,"198,470",,2.1,3.6,2.1,5.9,2.1,16.2,1.6,1.6,1.6
180,,7月15日(火),門別,第7回4日目,19,2,10R,1,5,11R,3,5,12R,1,4,,,"92,870",,2.0,11.0,5.5,11.0,2.0,8.1,2.0,2.0,2.0
181,,7月14日(月),大井,第6回1日目,18,2,10R,2,1,11R,4,3,12R,1,7,,,"2,739,555",,4.4,2.5,10.5,7.2,2.5,27.5,2.3,2.3,2.3
224,3,6月9日(月),大井,第4回1日目,15,3,10R,1,3,11R,1,3,12R,1,6,,,"290,855",,2.5,7.2,2.5,7.2,2.5,19.8,2.0,2.0,2.0
183,,7月10日(木),門別,第7回3日目,11,2,10R,3,2,11R,2,1,12R,1,2,,,"81,165",,5.5,3.4,3.4,2.0,2.0,3.4,1.3,1.3,1.3
184,,7月9日(水),川崎,第4回3日目,14,2,10R,1,3,11R,2,5,12R,2,1,1,,"954,610",,2.3,6.5,4.0,13.0,4.0,2.3,1.8,1.8,1.8
185,,7月9日(水),門別,第7回2日目,20,1,10R,5,4,11R,3,1,12R,3,4,,,"3,831,560",,11.0,8.1,5.5,2.0,5.5,8.1,2.0,2.0,2.0
186,,7月8日(火),川崎,第4回2日目,27,0,10R,4,2,11R,2,4,12R,4,11,,,,"9,437,043",9.5,4.0,4.0,9.5,9.5,95.0,3.0,3.0,3.0
187,,7月8日(火),門別,第7回1日目,25,1,10R,1,4,11R,2,5,12R,6,7,,,"2,485,090",,2.0,8.1,3.4,11.0,15.3,21.2,2.5,2.5,2.5
188,,7月7日(月),川崎,第4回1日目,23,2,10R,1,3,11R,8,3,12R,1,7,,,"6,490,655",,2.3,6.5,35.0,6.5,2.3,25.0,2.7,2.7,2.7
189,,7月6日(日),船橋,第4回5日目,13,2,10R,4,2,11R,1,3,12R,1,2,,,"29,850",,9.5,4.0,2.3,6.5,2.3,4.0,1.8,1.8,1.8
83,6,10月5日(日),大井,第10回1日目,20,2,6R,3,5,7R,2,1,8R,1,8,,,"303,050",,7.2,14.3,4.4,2.5,2.5,38.5,2.6,2.6,2.6
138,,8月19日(火),門別,第10回1日目,15,1,10R,1,2,11R,3,4,12R,2,3,,,"206,950",,2.0,3.4,5.5,8.1,3.4,5.5,1.5,1.5,1.5
192,,7月4日(金),大井,第5回5日目,14,3,10R,5,1,11R,1,2,12R,1,4,,,"200,445",,14.3,2.5,2.5,4.4,2.5,10.5,2.0,2.0,2.0
193,,7月3日(木),船橋,第4回2日目,12,2,10R,2,1,11R,3,1,12R,2,3,,,"112,930",,4.0,2.3,6.5,2.3,4.0,6.5,1.5,1.5,1.5
179,4,7月15日(火),大井,第6回2日目,18,2,10R,1,8,11R,1,3,12R,2,3,,,"337,535",,2.5,38.5,2.5,7.2,4.4,7.2,2.3,2.3,2.3
195,,7月3日(木),門別,第6回6日目,15,2,10R,3,1,11R,5,3,12R,2,1,,,"573,765",,5.5,2.0,11.0,5.5,3.4,2.0,1.5,1.5,1.5
196,,7月2日(水),大井,第5回3日目,11,3,10R,1,2,11R,1,4,12R,1,2,1,,"28,920",,2.5,4.4,2.5,10.5,2.5,4.4,1.7,1.7,1.7
268,,4月25日(金),浦和,第1回5日目,20,1,10R,1,7,11R,4,2,12R,2,4,,,"896,775",,2.1,22.5,8.6,3.6,3.6,8.6,2.2,2.2,2.2
198,,7月1日(火),大井,第5回2日目,23,2,10R,10,1,11R,2,1,12R,7,2,,,,"8,424,206",77.0,2.5,4.4,2.5,27.5,4.4,3.0,3.0,3.0
302,,3月13日(木),船橋,第13回4日目,21,1,10R,1,6,11R,2,3,12R,2,7,,,"308,855",,2.3,18.0,4.0,6.5,4.0,25.0,2.4,2.4,2.4
325,6,2月14日(金),船橋,第12回5日目,17,1,10R,2,3,11R,1,3,12R,2,6,1,,"728,615",,4.0,6.5,2.3,6.5,4.0,18.0,2.1,2.1,2.1
201,,6月30日(月),大井,第5回1日目,22,2,10R,5,1,11R,2,1,12R,3,10,,,"10,045,815",,14.3,2.5,4.4,2.5,7.2,77.0,3.0,3.0,3.0
202,,6月27日(金),浦和,第3回5日目,15,3,10R,1,3,11R,1,5,12R,1,4,,,"92,465",,2.1,5.9,2.1,11.7,2.1,8.6,1.6,1.6,1.6
72,,10月14日(火),川崎,第8回2日目,16,1,10R,1,3,11R,4,3,12R,3,2,,,,"8,976,513",2.3,6.5,9.5,6.5,6.5,4.0,2.1,2.1,2.1
204,,6月26日(木),門別,第6回3日目,14,3,10R,3,1,11R,1,3,12R,1,5,,,"72,900",,5.5,2.0,2.0,5.5,2.0,11.0,1.5,1.5,1.5
205,,6月25日(水),浦和,第3回3日目,20,3,10R,8,1,11R,1,7,12R,2,1,,,,"13,108,466",31.5,2.1,2.1,22.5,3.6,2.1,2.2,2.2,2.2
206,,6月25日(水),門別,第6回2日目,19,1,10R,2,7,11R,4,2,12R,1,3,,,"2,994,425",,3.4,21.2,8.1,3.4,2.0,5.5,2.0,2.0,2.0
207,,6月24日(火),浦和,第3回2日目,24,0,10R,3,4,11R,4,5,12R,2,6,,,"2,069,240",,5.9,8.6,8.6,11.7,3.6,16.2,2.4,2.4,2.4
208,,6月24日(火),門別,第6回1日目,15,2,10R,4,1,11R,2,3,12R,1,4,,,"216,905",,8.1,2.0,3.4,5.5,2.0,8.1,1.5,1.5,1.5
209,,6月23日(月),浦和,第3回1日目,10,3,10R,1,3,11R,2,1,12R,2,1,,,"360,750",,2.1,5.9,3.6,2.1,3.6,2.1,1.4,1.4,1.4
210,,6月20日(金),川崎,第3回5日目,19,2,10R,3,4,11R,1,4,12R,6,1,,,"1,772,115",,6.5,9.5,2.3,9.5,18.0,2.3,2.4,2.4,2.4
211,,6月19日(木),川崎,第3回4日目,13,1,10R,2,3,11R,1,2,12R,2,3,,,"81,485",,4.0,6.5,2.3,4.0,4.0,6.5,1.8,1.8,1.8
212,,6月19日(木),門別,第5回5日目,15,2,10R,4,1,11R,3,4,12R,1,2,,,"102,815",,8.1,2.0,5.5,8.1,2.0,3.4,1.5,1.5,1.5
213,,6月18日(水),川崎,第3回3日目,24,3,10R,1,4,11R,1,7,12R,1,10,,,"563,310",,2.3,9.5,2.3,25.0,2.3,70.0,2.7,2.7,2.7
214,,6月18日(水),門別,第5回4日目,16,2,10R,3,5,11R,4,1,12R,2,1,,,"4,498,665",,5.5,11.0,8.1,2.0,3.4,2.0,1.8,1.8,1.8
127,6,8月27日(水),船橋,第6回1日目,19,1,10R,3,5,11R,2,1,12R,2,6,,,"868,760",,6.5,13.0,4.0,2.3,4.0,18.0,2.4,2.4,2.4
216,,6月16日(月),川崎,第3回1日目,23,2,10R,12,4,11R,3,1,12R,1,2,,,,"9,988,685",130.0,9.5,6.5,2.3,2.3,4.0,2.7,2.7,2.7
217,,6月13日(金),大井,第4回5日目,13,2,10R,1,2,11R,2,5,12R,2,1,,,"174,715",,2.5,4.4,4.4,14.3,4.4,2.5,2.0,2.0,2.0
215,3,6月17日(火),川崎,第3回2日目,21,3,10R,1,2,11R,1,5,12R,1,11,1,,"917,850",,2.3,4.0,2.3,13.0,2.3,95.0,2.4,2.4,2.4
219,2,6月12日(木),門別,第5回3日目,12,3,10R,1,2,11R,2,1,12R,1,5,,,"26,055",,2.0,3.4,3.4,2.0,2.0,11.0,1.3,1.3,1.3
292,4,3月27日(木),大井,第19回4日目,17,2,10R,1,2,11R,1,6,12R,2,5,,,"1,053,165",,2.5,4.4,2.5,19.8,4.4,14.3,2.3,2.3,2.3
221,,6月11日(水),門別,第5回2日目,15,3,10R,1,7,11R,2,1,12R,3,1,,,"250,440",,2.0,21.2,3.4,2.0,5.5,2.0,1.5,1.5,1.5
222,,6月10日(火),大井,第4回2日目,21,1,10R,1,5,11R,7,3,12R,2,3,,,,"12,700,226",2.5,14.3,27.5,7.2,4.4,7.2,2.6,2.6,2.6
223,,6月10日(火),門別,第5回1日目,11,3,10R,1,2,11R,1,2,12R,4,1,,,"50,375",,2.0,3.4,2.0,3.4,8.1,2.0,1.3,1.3,1.3
162,1,7月30日(水),船橋,第5回3日目,15,2,10R,1,6,11R,3,2,12R,2,1,,,"1,074,555",,2.3,18.0,6.5,4.0,4.0,2.3,1.8,1.8,1.8
225,,6月6日(金),船橋,第3回5日目,12,2,10R,3,1,11R,2,1,12R,2,3,1,,"156,435",,6.5,2.3,4.0,2.3,4.0,6.5,1.5,1.5,1.5
226,,6月5日(木),船橋,第3回4日目,27,1,10R,3,4,11R,3,1,12R,3,13,,,,"9,827,237",6.5,9.5,6.5,2.3,6.5,170.0,3.0,3.0,3.0
227,,6月5日(木),門別,第4回5日目,17,2,10R,5,4,11R,1,4,12R,1,2,,,"142,165",,11.0,8.1,2.0,8.1,2.0,3.4,1.8,1.8,1.8
228,,6月4日(水),船橋,第3回3日目,26,2,10R,1,2,11R,1,3,12R,7,12,,,"2,833,035",,2.3,4.0,2.3,6.5,25.0,130.0,3.0,3.0,3.0
229,,6月4日(水),門別,第4回4日目,9,3,10R,1,2,11R,2,1,12R,2,1,,,"30,035",,2.0,3.4,3.4,2.0,3.4,2.0,1.3,1.3,1.3
296,2,3月21日(金),浦和,第12回5日目,15,3,10R,1,2,11R,2,1,12R,1,8,,,"1,470,430",,2.1,3.6,3.6,2.1,2.1,31.5,1.6,1.6,1.6
231,,6月2日(月),船橋,第3回1日目,21,2,10R,4,8,11R,2,1,12R,5,1,,,"5,710,060",,9.5,35.0,4.0,2.3,13.0,2.3,2.4,2.4,2.4
232,,5月30日(金),浦和,第2回5日目,19,2,10R,3,1,11R,3,6,12R,5,1,,,"2,703,170",,5.9,2.1,5.9,16.2,11.7,2.1,2.2,2.2,2.2
233,,5月29日(木),浦和,第2回4日目,15,2,10R,5,4,11R,2,1,12R,2,1,1,,"1,335,845",,11.7,8.6,3.6,2.1,3.6,2.1,1.6,1.6,1.6
234,,5月29日(木),門別,第4回3日目,21,1,10R,3,5,11R,1,5,12R,4,3,,,"5,320,600",,5.5,11.0,2.0,11.0,8.1,5.5,2.0,2.0,2.0
235,,5月28日(水),浦和,第2回3日目,27,0,10R,4,6,11R,5,7,12R,2,3,1,,,"43,072,260",8.6,16.2,11.7,22.5,3.6,5.9,2.7,2.7,2.7
236,,5月28日(水),門別,第4回2日目,10,3,9R,1,2,10R,1,3,11R,1,2,,,"9,370",,2.0,3.4,2.0,5.5,2.0,3.4,1.3,1.3,1.3
237,,5月27日(火),浦和,第2回2日目,28,1,10R,8,3,11R,4,6,12R,6,1,,,,"8,176,805",31.5,5.9,8.6,16.2,16.2,2.1,2.7,2.7,2.7
238,4,5月27日(火),門別,第4回1日目,13,2,10R,1,4,11R,1,2,12R,2,3,,,"30,570",,2.0,8.1,2.0,3.4,3.4,5.5,1.5,1.5,1.5
239,,5月26日(月),浦和,第2回1日目,16,2,10R,2,1,11R,2,8,12R,2,1,,,"4,624,175",,3.6,2.1,3.6,31.5,3.6,2.1,1.9,1.9,1.9
240,,5月23日(金),大井,第3回5日目,16,2,10R,5,2,11R,1,4,12R,3,1,,,"2,505,335",,14.3,4.4,2.5,10.5,7.2,2.5,2.3,2.3,2.3
241,,5月22日(木),大井,第3回4日目,18,2,10R,1,3,11R,3,7,12R,1,3,,,"1,371,985",,2.5,7.2,7.2,27.5,2.5,7.2,2.3,2.3,2.3
242,,5月22日(木),門別,第3回4日目,15,3,10R,1,2,11R,5,1,12R,1,5,,,"210,575",,2.0,3.4,11.0,2.0,2.0,11.0,1.5,1.5,1.5
243,,5月21日(水),大井,第3回3日目,13,2,10R,4,2,11R,3,1,12R,1,2,,,"881,555",,10.5,4.4,7.2,2.5,2.5,4.4,2.0,2.0,2.0
244,4,5月21日(水),門別,第3回3日目,15,2,10R,1,5,11R,1,3,12R,3,2,,,"337,505",,2.0,11.0,2.0,5.5,5.5,3.4,1.5,1.5,1.5
245,,5月20日(火),大井,第3回2日目,14,2,10R,2,1,11R,5,1,12R,2,3,,,"468,185",,4.4,2.5,14.3,2.5,4.4,7.2,2.0,2.0,2.0
246,,5月19日(月),大井,第3回1日目,17,3,10R,1,2,11R,1,9,12R,3,1,,,"11,212,045",,2.5,4.4,2.5,55.0,7.2,2.5,2.3,2.3,2.3
247,,5月16日(金),川崎,第2回5日目,19,1,10R,4,5,11R,4,3,12R,2,1,,,"12,205,455",,9.5,13.0,9.5,6.5,4.0,2.3,2.4,2.4,2.4
248,,5月15日(木),川崎,第2回4日目,13,3,10R,4,1,11R,4,1,12R,2,1,,,"668,040",,9.5,2.3,9.5,2.3,4.0,2.3,1.8,1.8,1.8
249,,5月15日(木),門別,第3回2日目,17,2,10R,5,3,11R,1,3,12R,1,4,1,,"1,766,780",,11.0,5.5,2.0,5.5,2.0,8.1,1.8,1.8,1.8
250,,5月14日(水),川崎,第2回3日目,18,2,10R,2,6,11R,2,1,12R,6,1,,,"7,405,490",,4.0,18.0,4.0,2.3,18.0,2.3,2.1,2.1,2.1
251,,5月14日(水),門別,第3回1日目,27,2,10R,4,5,11R,1,7,12R,1,9,,,,"4,163,957",8.1,11.0,2.0,21.2,2.0,42.5,2.5,2.5,2.5
252,,5月13日(火),川崎,第2回2日目,21,1,10R,4,5,11R,1,3,12R,5,3,,,"1,042,140",,9.5,13.0,2.3,6.5,13.0,6.5,2.4,2.4,2.4
220,4,6月11日(水),大井,第4回3日目,19,2,10R,1,6,11R,1,2,12R,5,4,1,,"1,676,885",,2.5,19.8,2.5,4.4,14.3,10.5,2.6,2.6,2.6
254,,5月9日(金),船橋,第2回5日目,19,2,10R,1,5,11R,3,6,12R,1,3,,,"913,825",,2.3,13.0,6.5,18.0,2.3,6.5,2.4,2.4,2.4
255,,5月8日(木),船橋,第2回4日目,21,2,10R,3,1,11R,3,5,12R,1,8,,,"4,382,800",,6.5,2.3,6.5,13.0,2.3,35.0,2.4,2.4,2.4
256,,5月8日(木),門別,第2回4日目,11,3,10R,1,2,11R,1,3,12R,1,3,1,,"21,305",,2.0,3.4,2.0,5.5,2.0,5.5,1.3,1.3,1.3
257,,5月7日(水),船橋,第2回3日目,15,1,10R,1,4,11R,3,2,12R,3,2,,,"463,335",,2.3,9.5,6.5,4.0,6.5,4.0,1.8,1.8,1.8
258,,5月7日(水),門別,第2回3日目,24,2,10R,8,4,11R,1,7,12R,1,3,,,,"5,232,108",29.8,8.1,2.0,21.2,2.0,5.5,2.3,2.3,2.3
259,,5月6日(火),船橋,第2回2日目,29,1,10R,1,7,11R,9,6,12R,2,4,,,"17,784,165",,2.3,25.0,50.0,18.0,4.0,9.5,3.0,3.0,3.0
260,,5月5日(月),船橋,第2回1日目,26,1,10R,1,2,11R,2,5,12R,4,12,,,"6,533,935",,2.3,4.0,4.0,13.0,9.5,130.0,3.0,3.0,3.0
261,,5月2日(金),大井,第2回5日目,29,1,10R,3,5,11R,1,8,12R,7,5,,,"15,194,955",,7.2,14.3,2.5,38.5,27.5,14.3,3.3,3.3,3.3
191,,7月4日(金),船橋,第4回3日目,24,1,10R,1,5,11R,2,4,12R,3,9,,,"578,085",,2.3,13.0,4.0,9.5,6.5,50.0,2.7,2.7,2.7
263,,5月1日(木),門別,第2回2日目,14,3,10R,7,1,11R,1,2,12R,1,2,,,"82,425",,21.2,2.0,2.0,3.4,2.0,3.4,1.5,1.5,1.5
264,,4月30日(水),大井,第2回3日目,29,1,10R,5,4,11R,4,13,12R,1,2,,,,"14,256,046",14.3,10.5,10.5,187.0,2.5,4.4,3.3,3.3,3.3
265,3,4月30日(水),門別,第2回1日目,12,3,9R,1,2,10R,1,2,11R,1,5,,,"15,245",,2.0,3.4,2.0,3.4,2.0,11.0,1.3,1.3,1.3
266,,4月29日(火),大井,第2回2日目,18,1,10R,3,4,11R,1,4,12R,2,4,,,"382,805",,7.2,10.5,2.5,10.5,4.4,10.5,2.3,2.3,2.3
267,,4月28日(月),大井,第2回1日目,23,1,10R,5,3,11R,8,4,12R,2,1,,,"14,440,870",,14.3,7.2,38.5,10.5,4.4,2.5,3.0,3.0,3.0
26,5,11月28日(金),浦和,第8回4日目,20,1,10R,2,5,11R,2,3,12R,1,7,,,"1,871,680",,3.6,11.7,3.6,5.9,2.1,22.5,2.2,2.2,2.2
269,,4月24日(木),浦和,第1回4日目,21,2,10R,1,2,11R,1,10,12R,2,5,,,"7,449,140",,2.1,3.6,2.1,63.0,3.6,11.7,2.2,2.2,2.2
270,,4月24日(木),門別,第1回4日目,15,2,10R,2,1,11R,6,1,12R,2,3,1,,"3,343,995",,3.4,2.0,15.3,2.0,3.4,5.5,1.5,1.5,1.5
271,,4月23日(水),浦和,第1回3日目,14,2,10R,2,1,11R,1,3,12R,3,4,,,"161,125",,3.6,2.1,2.1,5.9,5.9,8.6,1.6,1.6,1.6
272,,4月23日(水),門別,第1回3日目,23,2,10R,4,11,11R,3,1,12R,3,1,,,,"8,265,726",8.1,80.8,5.5,2.0,5.5,2.0,2.3,2.3,2.3
273,,4月22日(火),浦和,第1回2日目,12,2,10R,4,2,11R,1,2,12R,1,2,1,,"205,785",,8.6,3.6,2.1,3.6,2.1,3.6,1.4,1.4,1.4
274,,4月21日(月),浦和,第1回1日目,35,0,10R,5,9,11R,5,6,12R,3,7,,,,"6,889,491",11.7,45.0,11.7,16.2,5.9,22.5,3.1,3.1,3.1
275,,4月18日(金),大井,第1回5日目,24,3,10R,1,7,11R,1,3,12R,11,1,,,"15,993,990",,2.5,27.5,2.5,7.2,104.5,2.5,3.0,3.0,3.0
276,,4月17日(木),大井,第1回4日目,17,2,10R,1,2,11R,1,5,12R,6,2,,,"2,247,875",,2.5,4.4,2.5,14.3,19.8,4.4,2.3,2.3,2.3
197,,7月2日(水),門別,第6回5日目,19,1,10R,1,7,11R,2,3,12R,4,2,,,"96,400",,2.0,21.2,3.4,5.5,8.1,3.4,2.0,2.0,2.0
278,,4月16日(水),大井,第1回3日目,12,2,10R,2,1,11R,4,2,12R,1,2,,,"179,635",,4.4,2.5,10.5,4.4,2.5,4.4,1.7,1.7,1.7
279,,4月16日(水),門別,第1回1日目,17,1,10R,2,6,11R,2,3,12R,1,3,,,"410,080",,3.4,15.3,3.4,5.5,2.0,5.5,1.8,1.8,1.8
101,6,9月18日(木),大井,第9回4日目,18,2,10R,2,6,11R,2,1,12R,1,6,1,,"1,874,315",,4.4,19.8,4.4,2.5,2.5,19.8,2.3,2.3,2.3
281,,4月14日(月),大井,第1回1日目,32,1,10R,1,2,11R,10,8,12R,5,6,,,,"14,928,333",2.5,4.4,77.0,38.5,14.3,19.8,3.9,3.9,3.9
282,,4月10日(木),川崎,第1回4日目,21,2,10R,1,2,11R,1,2,12R,4,11,,,,"12,754,406",2.3,4.0,2.3,4.0,9.5,95.0,2.4,2.4,2.4
283,,4月9日(水),川崎,第1回3日目,22,1,10R,3,1,11R,3,6,12R,6,3,1,,"45,191,915",,6.5,2.3,6.5,18.0,18.0,6.5,2.7,2.7,2.7
284,,4月8日(火),川崎,第1回2日目,32,1,10R,1,6,11R,7,4,12R,3,11,1,,,"57,646,904",2.3,18.0,25.0,9.5,6.5,95.0,3.5,3.5,3.5
285,,4月7日(月),川崎,第1回1日目,24,2,10R,1,2,11R,6,10,12R,4,1,,,,"14,575,218",2.3,4.0,18.0,70.0,9.5,2.3,2.7,2.7,2.7
286,,4月4日(金),船橋,第1回4日目,22,1,10R,7,1,11R,3,6,12R,3,2,1,,"15,628,975",,25.0,2.3,6.5,18.0,6.5,4.0,2.7,2.7,2.7
287,,4月3日(木),船橋,第1回3日目,34,1,10R,5,9,11R,2,1,12R,7,10,,,,"12,823,167",13.0,50.0,4.0,2.3,25.0,70.0,3.5,3.5,3.5
288,,4月2日(水),船橋,第1回2日目,13,3,10R,1,3,11R,1,5,12R,2,1,,,"25,510",,2.3,6.5,2.3,13.0,4.0,2.3,1.8,1.8,1.8
289,,4月1日(火),船橋,第1回1日目,13,2,10R,2,3,11R,1,4,12R,1,2,,,"44,480",,4.0,6.5,2.3,9.5,2.3,4.0,1.8,1.8,1.8
290,,3月31日(月),船橋,第14回1日目,18,2,10R,4,6,11R,3,1,12R,1,3,1,,"11,583,805",,9.5,18.0,6.5,2.3,2.3,6.5,2.1,2.1,2.1
291,,3月28日(金),大井,第19回5日目,18,2,10R,2,4,11R,8,1,12R,2,1,,,"1,261,085",,4.4,10.5,38.5,2.5,4.4,2.5,2.3,2.3,2.3
293,3,3月26日(水),大井,第19回3日目,22,3,10R,1,8,11R,1,6,12R,1,5,1,,"2,334,505",,2.5,38.5,2.5,19.8,2.5,14.3,3.0,3.0,3.0
218,6,6月12日(木),大井,第4回4日目,17,1,10R,2,3,11R,3,1,12R,2,6,,,"2,704,355",,4.4,7.2,7.2,2.5,4.4,19.8,2.3,2.3,2.3
294,,3月25日(火),大井,第19回2日目,43,1,10R,9,7,11R,1,5,12R,8,13,,,,"15,242,269",55.0,27.5,2.5,14.3,38.5,187.0,3.9,3.9,3.9
295,,3月24日(月),大井,第19回1日目,15,2,10R,1,3,11R,3,1,12R,3,4,,,"199,635",,2.5,7.2,7.2,2.5,7.2,10.5,2.0,2.0,2.0
143,6,8月14日(木),大井,第7回5日目,18,1,10R,2,4,11R,1,3,12R,2,6,,,"2,818,515",,4.4,10.5,2.5,7.2,4.4,19.8,2.3,2.3,2.3
297,,3月20日(木),浦和,第12回4日目,11,3,10R,2,1,11R,1,3,12R,1,3,1,,"57,190",,3.6,2.1,2.1,5.9,2.1,5.9,1.4,1.4,1.4
298,,3月18日(火),浦和,第12回2日目,32,0,10R,3,5,11R,3,6,12R,12,3,1,,,"35,482,643",5.9,11.7,5.9,16.2,117.0,5.9,3.1,3.1,3.1
299,,3月17日(月),浦和,第12回1日目,25,2,10R,8,5,11R,6,1,12R,1,4,,,,"8,154,678",31.5,11.7,16.2,2.1,2.1,8.6,2.7,2.7,2.7
300,,3月14日(金),船橋,第13回5日目,24,0,10R,4,9,11R,4,2,12R,2,3,,,,"9,289,329",9.5,50.0,9.5,4.0,4.0,6.5,2.7,2.7,2.7
301,,3月14日(金),大井,第18回5日目,16,2,10R,2,5,11R,1,5,12R,1,2,,,"201,040",,4.4,14.3,2.5,14.3,2.5,4.4,2.3,2.3,2.3
340,,1月24日(金),船橋,第11回5日目,16,1,10R,1,3,11R,4,2,12R,4,2,1,,"807,995",,2.3,6.5,9.5,4.0,9.5,4.0,2.1,2.1,2.1
303,,3月13日(木),大井,第18回4日目,34,2,10R,4,2,11R,1,15,12R,1,11,,,"8,070,150",,10.5,4.4,2.5,308.0,2.5,104.5,3.9,3.9,3.9
304,,3月12日(水),船橋,第13回3日目,12,2,10R,2,1,11R,2,3,12R,1,3,,,"70,575",,4.0,2.3,4.0,6.5,2.3,6.5,1.5,1.5,1.5
171,6,7月22日(火),浦和,第4回2日目,22,1,10R,3,6,11R,1,3,12R,4,5,,,"4,352,495",,5.9,16.2,2.1,5.9,8.6,11.7,2.4,2.4,2.4
306,,3月11日(火),船橋,第13回2日目,24,2,10R,1,10,11R,2,1,12R,6,4,,,"12,190,210",,2.3,70.0,4.0,2.3,18.0,9.5,2.7,2.7,2.7
307,,3月11日(火),大井,第18回2日目,22,3,10R,9,1,11R,1,5,12R,5,1,,,"10,449,530",,55.0,2.5,2.5,14.3,14.3,2.5,3.0,3.0,3.0
308,,3月10日(月),船橋,第13回1日目,18,2,10R,6,2,11R,1,6,12R,2,1,,,"2,766,835",,18.0,4.0,2.3,18.0,4.0,2.3,2.1,2.1,2.1
309,,3月10日(月),大井,第18回1日目,23,1,10R,3,5,11R,1,5,12R,2,7,1,,"825,120",,7.2,14.3,2.5,14.3,4.4,27.5,3.0,3.0,3.0
310,,3月7日(金),川崎,第13回5日目,13,2,10R,3,2,11R,1,4,12R,1,2,1,,"55,785",,6.5,4.0,2.3,9.5,2.3,4.0,1.8,1.8,1.8
311,,3月6日(木),川崎,第13回4日目,29,1,10R,3,1,11R,10,4,12R,3,8,,,,"8,979,299",6.5,2.3,70.0,9.5,6.5,35.0,3.0,3.0,3.0
312,,3月5日(水),川崎,第13回3日目,17,3,10R,1,9,11R,1,2,12R,1,3,,,"809,355",,2.3,50.0,2.3,4.0,2.3,6.5,2.1,2.1,2.1
313,,3月4日(火),川崎,第13回2日目,22,0,10R,7,3,11R,2,3,12R,3,4,1,,"11,579,160",,25.0,6.5,4.0,6.5,6.5,9.5,2.7,2.7,2.7
314,,3月3日(月),川崎,第13回1日目,39,0,10R,9,5,11R,8,10,12R,2,5,,,,"10,757,957",50.0,13.0,35.0,70.0,4.0,13.0,3.5,3.5,3.5
315,,2月28日(金),浦和,第11回5日目,26,1,10R,5,4,11R,1,2,12R,12,2,1,,"55,193,735",,11.7,8.6,2.1,3.6,117.0,3.6,2.7,2.7,2.7
316,,2月27日(木),浦和,第11回4日目,28,0,10R,7,2,11R,3,5,12R,5,6,1,,,"51,428,202",22.5,3.6,5.9,11.7,11.7,16.2,2.7,2.7,2.7
317,,2月26日(水),浦和,第11回3日目,23,1,10R,2,9,11R,2,6,12R,1,3,,,,"11,356,506",3.6,45.0,3.6,16.2,2.1,5.9,2.4,2.4,2.4
318,,2月25日(火),浦和,第11回2日目,14,2,10R,1,2,11R,2,1,12R,5,3,,,"307,720",,2.1,3.6,3.6,2.1,11.7,5.9,1.6,1.6,1.6
319,,2月24日(月),浦和,第11回1日目,12,3,10R,1,5,11R,2,1,12R,2,1,,,"140,230",,2.1,11.7,3.6,2.1,3.6,2.1,1.4,1.4,1.4
320,,2月21日(金),大井,第17回5日目,27,1,10R,9,3,11R,6,3,12R,1,5,,,,"11,804,653",55.0,7.2,19.8,7.2,2.5,14.3,3.3,3.3,3.3
321,,2月20日(木),大井,第17回4日目,20,3,10R,1,10,11R,1,3,12R,1,4,,,"703,260",,2.5,77.0,2.5,7.2,2.5,10.5,2.6,2.6,2.6
322,,2月19日(水),大井,第17回3日目,28,1,10R,4,10,11R,1,2,12R,4,7,1,,"19,094,415",,10.5,77.0,2.5,4.4,10.5,27.5,3.3,3.3,3.3
323,,2月18日(火),大井,第17回2日目,34,0,10R,6,4,11R,3,14,12R,4,3,,,,"11,890,949",19.8,10.5,7.2,242.0,10.5,7.2,3.9,3.9,3.9
324,,2月17日(月),大井,第17回1日目,30,2,10R,1,8,11R,1,5,12R,6,9,,,"4,073,830",,2.5,38.5,2.5,14.3,19.8,55.0,3.3,3.3,3.3
253,5,5月12日(月),川崎,第2回1日目,24,1,10R,2,6,11R,2,3,12R,1,10,1,,"8,914,680",,4.0,18.0,4.0,6.5,2.3,70.0,2.7,2.7,2.7
326,,2月13日(木),船橋,第12回4日目,25,1,10R,1,5,11R,2,6,12R,7,4,,,,"12,937,470",2.3,13.0,4.0,18.0,25.0,9.5,3.0,3.0,3.0
327,,2月12日(水),船橋,第12回3日目,19,1,10R,7,3,11R,2,4,12R,2,1,,,"16,437,235",,25.0,6.5,4.0,9.5,4.0,2.3,2.4,2.4,2.4
328,,2月11日(火),船橋,第12回2日目,10,3,10R,1,2,11R,1,3,12R,1,2,,,"16,755",,2.3,4.0,2.3,6.5,2.3,4.0,1.5,1.5,1.5
329,,2月10日(月),船橋,第12回1日目,12,3,10R,1,5,11R,1,2,12R,1,2,,,"32,745",,2.3,13.0,2.3,4.0,2.3,4.0,1.5,1.5,1.5
330,,2月8日(土),川崎,第12回5日目,22,1,10R,5,3,11R,1,4,12R,6,3,1,,"5,991,930",,13.0,6.5,2.3,9.5,18.0,6.5,2.7,2.7,2.7
331,,2月7日(金),川崎,第12回4日目,19,1,10R,3,4,11R,5,2,12R,1,4,,,,"8,372,791",6.5,9.5,13.0,4.0,2.3,9.5,2.4,2.4,2.4
332,,2月6日(木),川崎,第12回3日目,16,3,10R,8,1,11R,1,2,12R,1,3,,,"97,275",,35.0,2.3,2.3,4.0,2.3,6.5,2.1,2.1,2.1
333,,2月5日(水),川崎,第12回2日目,11,3,10R,1,3,11R,3,1,12R,1,2,,,"144,160",,2.3,6.5,6.5,2.3,2.3,4.0,1.5,1.5,1.5
334,,2月4日(火),川崎,第12回1日目,22,1,10R,1,11,11R,3,2,12R,3,2,,,"4,799,150",,2.3,95.0,6.5,4.0,6.5,4.0,2.7,2.7,2.7
335,,1月31日(金),大井,第16回5日目,11,3,10R,1,2,11R,2,1,12R,1,4,,,"61,745",,2.5,4.4,4.4,2.5,2.5,10.5,1.7,1.7,1.7
336,,1月30日(木),大井,第16回4日目,11,2,10R,3,2,11R,2,1,12R,1,2,1,,"79,480",,7.2,4.4,4.4,2.5,2.5,4.4,1.7,1.7,1.7
337,,1月29日(水),大井,第16回3日目,26,3,10R,1,5,11R,1,8,12R,1,10,,,,"14,676,760",2.5,14.3,2.5,38.5,2.5,77.0,3.3,3.3,3.3
338,,1月28日(火),大井,第16回2日目,18,1,10R,2,7,11R,2,1,12R,2,4,,,"1,524,250",,4.4,27.5,4.4,2.5,4.4,10.5,2.3,2.3,2.3
182,3,7月11日(金),川崎,第4回5日目,25,3,10R,1,7,11R,1,5,12R,1,10,,,,"11,551,526",2.3,25.0,2.3,13.0,2.3,70.0,3.0,3.0,3.0
262,,5月1日(木),大井,第2回4日目,18,1,10R,1,2,11R,2,4,12R,4,5,1,,"813,175",,2.5,4.4,4.4,10.5,10.5,14.3,2.3,2.3,2.3
341,,1月23日(木),船橋,第11回4日目,32,2,10R,12,1,11R,1,3,12R,3,12,,,,"10,691,345",130.0,2.3,2.3,6.5,6.5,130.0,3.5,3.5,3.5
342,,1月22日(水),船橋,第11回3日目,13,2,10R,4,1,11R,2,1,12R,2,3,,,"352,525",,9.5,2.3,4.0,2.3,4.0,6.5,1.8,1.8,1.8
343,,1月21日(火),船橋,第11回2日目,20,1,10R,2,4,11R,1,5,12R,5,3,1,,"4,074,260",,4.0,9.5,2.3,13.0,13.0,6.5,2.4,2.4,2.4
344,,1月20日(月),船橋,第11回1日目,32,2,10R,7,1,11R,8,1,12R,13,2,,,,"11,300,891",25.0,2.3,35.0,2.3,170.0,4.0,3.5,3.5,3.5
345,,1月17日(金),大井,第15回5日目,26,1,10R,4,8,11R,2,4,12R,1,7,,,,"11,709,397",10.5,38.5,4.4,10.5,2.5,27.5,3.3,3.3,3.3
346,,1月16日(木),大井,第15回4日目,17,1,10R,2,5,11R,1,2,12R,5,2,1,,"1,574,990",,4.4,14.3,2.5,4.4,14.3,4.4,2.3,2.3,2.3
347,,1月15日(水),大井,第15回3日目,29,0,10R,11,5,11R,3,5,12R,3,2,1,,,"44,988,433",104.5,14.3,7.2,14.3,7.2,4.4,3.3,3.3,3.3
348,,1月14日(火),大井,第15回2日目,20,1,10R,2,7,11R,5,3,12R,2,1,,,,"9,451,442",4.4,27.5,14.3,7.2,4.4,2.5,2.6,2.6,2.6
349,,1月13日(月),大井,第15回1日目,17,1,10R,4,2,11R,5,2,12R,1,3,,,"11,888,780",,10.5,4.4,14.3,4.4,2.5,7.2,2.3,2.3,2.3
350,,1月10日(金),浦和,第10回4日目,21,1,10R,6,2,11R,7,1,12R,2,3,,,"9,859,685",,16.2,3.6,22.5,2.1,3.6,5.9,2.2,2.2,2.2
351,,1月9日(木),浦和,第10回3日目,21,3,10R,1,7,11R,1,3,12R,8,1,,,"6,073,210",,2.1,22.5,2.1,5.9,31.5,2.1,2.2,2.2,2.2
352,,1月8日(水),浦和,第10回2日目,16,2,10R,1,5,11R,2,1,12R,2,5,,,"454,640",,2.1,11.7,3.6,2.1,3.6,11.7,1.9,1.9,1.9
353,,1月7日(火),浦和,第10回1日目,16,2,10R,3,1,11R,1,2,12R,3,6,,,"310,295",,5.9,2.1,2.1,3.6,5.9,16.2,1.9,1.9,1.9
354,,1月4日(土),川崎,第11回4日目,19,2,10R,8,1,11R,3,4,12R,1,2,,,"4,304,225",,35.0,2.3,6.5,9.5,2.3,4.0,2.4,2.4,2.4
1,,12月31日(水),大井,第14回6日目,24,1,9R,1,6,10R,2,3,11R,8,4,,,"3,330,875",,2.5,19.8,4.4,7.2,38.5,10.5,3.0,3.0,3.0
356,,1月2日(木),川崎,第11回2日目,29,1,10R,1,8,11R,6,5,12R,3,6,,,,"13,064,156",2.3,35.0,18.0,13.0,6.5,18.0,3.0,3.0,3.0
357,,1月1日(水),川崎,第11回1日目,30,1,10R,8,2,11R,7,10,12R,1,2,,,"12,109,755",,35.0,4.0,25.0,70.0,2.3,4.0,3.0,3.0,3.0
