No,母馬優先対象,募集馬名,母馬名,母馬の馬齢,経過年数t,産駒数,入厩,父,母の父,性別,生月,提供牧場,募集総額_万円,1口円,厩舎,馬体重,年内平均からの馬体重差,スコア
1,0,ブランノワールの25,ブランノワール,10,9,3,関東,イクイノックス,ロードカナロア,牡馬,4,ノーザンF,8000万,200000,武井亮,420.0,-22.2,4
2,0,カリプソIIの25,カリプソII,8,7,1,関東,イクイノックス,Brody's Cause,めす,3,ノーザンF,7000万,175000,宮田敬介,468.0,25.8,3
3,0,ジェイウォークの25,ジェイウォーク,10,9,3,関東,イクイノックス,Cross Traffic,めす,3,ノーザンF,8000万,200000,木村哲也,424.0,-18.2,3
4,1,ミリッサの25,ミリッサ,12,11,4,関東,エフフォーリア,ダイワメジャー,牡馬,2,ノーザンF,7000万,175000,木村哲也,430.0,-12.2,4
5,1,エールデュレーヴの25,エールデュレーヴ,13,12,6,関東,エフフォーリア,ディープインパクト,牡馬,4,ノーザンF,5000万,125000,鹿戸雄一,430.0,-12.2,5
6,1,フィリアプーラの25,フィリアプーラ,10,9,3,関東,エフフォーリア,ハービンジャー,めす,1,ノーザンF,6000万,150000,森一誠,440.0,-2.2,3
7,0,トレジャーステイトの25,トレジャーステイト,14,13,7,関東,キタサンブラック,Oasis Dream,牡馬,2,ノーザンF,10000万,250000,宮田敬介,454.0,11.8,3
8,1,スルーセブンシーズの25,スルーセブンシーズ,8,7,1,関東,キタサンブラック,ドリームジャーニー,めす,1,ノーザンF,7000万,175000,尾関知人,473.0,30.8,2
9,0,ライラックスアンドレースの25,ライラックスアンドレース,18,17,10,関東,キズナ,Flower Alley,牡馬,3,ノーザンF*,6800万,170000,加藤士津八,415.0,-27.2,3
10,1,アールブリュットの25,アールブリュット,14,13,5,関東,キズナ,マクフィ,牡馬,5,ノーザンF,12000万,300000,田中博康,444.0,1.8,3
11,1,シーリアの25,シーリア,11,10,4,関東,キズナ,キングカメハメハ,牡馬,5,ノーザンF,8000万,200000,辻哲英,402.0,-40.2,3
12,0,プレシャライジングの25,プレシャライジング,16,15,7,関東,キズナ,Henrythenavigator,めす,2,ノーザンF,5000万,125000,鹿戸雄一,452.0,9.8,3
13,1,ハープスターの25,ハープスター,15,14,4,関東,エピファネイア,ディープインパクト,牡馬,3,ノーザンF,8000万,200000,田中博康,443.0,0.8,4
14,1,コルコバードの25,コルコバード,13,12,5,関東,エピファネイア,ステイゴールド,めす,1,ノーザンF,7000万,175000,木村哲也,479.0,36.8,2
15,1,ファーストフォリオの25,ファーストフォリオ,9,8,2,関東,コントレイル,キングカメハメハ,牡馬,3,ノーザンF,8000万,200000,堀宣行,415.0,-27.2,4
16,0,アトミカオロの25,アトミカオロ,12,11,6,関東,コントレイル,Orpen,めす,2,ノーザンF,5000万,125000,上原佑紀,467.0,24.8,4
17,0,レッドティーの25,レッドティー,13,12,5,関東,スワーヴリチャード,Sakhee,牡馬,3,ノーザンF,6000万,150000,斎藤誠,438.0,-4.2,4
18,1,エルカスティージョの25,エルカスティージョ,8,7,2,関東,スワーヴリチャード,ロードカナロア,めす,1,ノーザンF,4600万,115000,加藤征弘,471.0,28.8,3
19,1,プルメリアスターの25,プルメリアスター,14,13,7,関東,ロードカナロア,ゼンノロブロイ,牡馬,3,ノーザンF,6000万,150000,千葉直人,436.0,-6.2,4
20,0,マハーバーラタの25,マハーバーラタ,18,17,10,関東,ロードカナロア,ディープインパクト,めす,3,ノーザンF,4000万,100000,青木孝文,423.0,-19.2,3
21,0,アーデルハイトの25,アーデルハイト,19,18,11,関東,サートゥルナーリア,アグネスタキオン,牡馬,4,ノーザンF,5600万,140000,高柳瑞樹,431.0,-11.2,5
22,1,リカビトスの25,リカビトス,12,11,5,関東,シュネルマイスター,ディープブリランテ,牡馬,3,ノーザンF,5000万,125000,奥村武,410.0,-32.2,5
23,1,ゴールドティアの25,ゴールドティア,9,8,2,関東,アドマイヤマーズ,キングカメハメハ,めす,1,ノーザンF,3200万,80000,松尾卓哉,442.0,-0.2,4
24,1,パドゥヴァルスの25,パドゥヴァルス,9,8,4,関東,アドマイヤマーズ,エピファネイア,めす,1,ノーザンF,3000万,75000,勢司和浩,442.0,-0.2,4
25,1,アンフィトリテの25,アンフィトリテ,11,10,5,関東,モーリス,ロードカナロア,牡馬,4,ノーザンF,5000万,125000,林徹,447.0,4.8,6
26,0,ショウナンパンドラの25,ショウナンパンドラ,15,14,8,関東,モーリス,ディープインパクト,めす,2,ノーザンF,5000万,125000,中舘英二,426.0,-16.2,2
27,1,ブロンディーヴァの25,ブロンディーヴァ,9,8,2,関東,ニューイヤーズデイ,スマートファルコン,牡馬,1,ノーザンF,3200万,80000,高木登,474.0,31.8,5
28,1,グリューヴァインの25,グリューヴァイン,14,13,7,関東,ニューイヤーズデイ,ゴールドアリュール,めす,3,ノーザンF,3000万,75000,戸田博文,432.0,-10.2,4
29,0,モンペルデュの25,モンペルデュ,10,9,4,関東,リアルスティール,Cairo Prince,牡馬,3,ノーザンF,6000万,150000,栗田徹,421.0,-21.2,4
30,0,ゴールデンプルーフの25,ゴールデンプルーフ,8,7,2,関東,リアルスティール,トーセンジョーダン,めす,2,ノーザンF,3600万,90000,蛯名正義,429.0,-13.2,2
31,1,サンクテュエールの25,サンクテュエール,9,8,2,関東,ドレフォン,ディープインパクト,牡馬,1,ノーザンF,6000万,150000,西田雄一郎,422.0,-20.2,3
32,0,デイトユアドリームの25,デイトユアドリーム,20,19,11,関東,ルヴァンスレーヴ,トワイニング,牡馬,3,ノーザンF,2800万,70000,金成貴史,407.0,-35.2,4
33,1,クルミナルの25,クルミナル,14,13,7,関東,ウエストオーバー,ディープインパクト,牡馬,2,ノーザンF,6000万,150000,森一誠,487.0,44.8,3
34,1,メルヴィルの25,メルヴィル,7,6,1,関東,クリソベリル,ミッキーアイル,めす,3,ノーザンF,2400万,60000,高橋文雅,420.0,-22.2,2
35,0,ナンシーフロムナイロビの25,ナンシーフロムナイロビ,15,14,5,関東,パレスマリス,Sixties Icon,めす,2,ビッグレッドF*,3000万,75000,嘉藤貴行,425.0,-17.2,1
36,1,シーズンズギフトの25,シーズンズギフト,9,8,2,関東,ピクシーナイト,エピファネイア,めす,1,ノーザンF,3600万,90000,黒岩陽一,489.0,46.8,4
37,1,バイラオーラの25,バイラオーラ,20,19,9,関東,ホットロッドチャーリー,トワイニング,めす,4,ノーザンF,2000万,50000,竹内正洋,400.0,-42.2,2
38,0,シャトンアンジュの25,シャトンアンジュ,7,6,1,関東,ルーラーシップ,ディープインパクト,めす,3,ノーザンF,2000万,50000,柄崎将寿,414.0,-28.2,2
39,1,セレナズヴォイスの25,セレナズヴォイス,9,8,5,関東,チュウワウィザード,オナーコード,めす,1,白老F,1800万,45000,柄崎将寿,457.0,14.8,2
40,1,ジェムフェザーの25,ジェムフェザー,8,7,1,関東,マジェスティックウォリアー,ディープインパクト,牡馬,1,ノーザンF,3200万,80000,伊藤大士,456.0,13.8,4
41,1,シャイントレイルの25,シャイントレイル,12,11,3,関東,ミッキーアイル,ヴィクトワールピサ,めす,3,ノーザンF,2800万,70000,矢野英一,440.0,-2.2,5
42,0,パストフォリアの25,パストフォリア,17,16,7,関東,リオンディーズ,シンボリクリスエス,牡馬,4,ノーザンF,6000万,150000,宮田敬介,438.0,-4.2,4
43,0,○外ビディデュークの25,○外ビディデューク,9,8,,関東,Forte,Bayern,牡馬,4,白老F,3600万,90000,加藤征弘,412.0,-30.2,4
44,0,プロスペラスヴォヤージの25,プロスペラスヴォヤージ,7,6,1,関東,Kingman,Zoffany,牡馬,2,ノーザンF,10000万,250000,手塚貴久,445.0,2.8,3
45,0,フォトコールの25,フォトコール,15,14,6,関西,イクイノックス,Galileo,牡馬,5,ノーザンF,8000万,200000,中内田充正,410.0,-32.2,2
46,1,レシステンシアの25,レシステンシア,9,8,2,関西,イクイノックス,ダイワメジャー,めす,3,ノーザンF,8000万,200000,松下武士,393.0,-49.2,3
47,1,リスグラシューの25,リスグラシュー,12,11,4,関西,イクイノックス,ハーツクライ,めす,4,ノーザンF,8000万,200000,矢作芳人,452.0,9.8,4
48,1,カイゼリンの25,カイゼリン,21,20,12,関西,ヴェラアズール,アドマイヤベガ,牡馬,2,ノーザンF,2000万,50000,西園翔太,475.0,32.8,3
49,1,ライティアの25,ライティア,9,8,1,関西,エフフォーリア,ディープインパクト,牡馬,1,ノーザンF,6000万,150000,武幸四郎,445.0,2.8,4
50,1,シンハライトの25,シンハライト,13,12,7,関西,エフフォーリア,ディープインパクト,めす,2,ノーザンF,7000万,175000,斉藤崇史,442.0,-0.2,2
51,1,エスティタートの25,エスティタート,13,12,6,関西,キタサンブラック,ドリームジャーニー,牡馬,2,白老F,8000万,200000,上村洋行,480.0,37.8,2
52,0,スウィッチインタイムの25,スウィッチインタイム,12,11,5,関西,キタサンブラック,Galileo,牡馬,3,ノーザンF,9000万,225000,池添学,466.0,23.8,5
53,0,ファハンムーラの25,ファハンムーラ,12,11,4,関西,キタサンブラック,English Channel,牡馬,4,パカパカF*,9000万,225000,斉藤崇史,480.0,37.8,4
54,1,ストゥーティの25,ストゥーティ,8,7,1,関西,キタサンブラック,モーリス,めす,2,ノーザンF,6000万,150000,福永祐一,463.0,20.8,2
55,0,ウィンターパワーの25,ウィンターパワー,8,7,1,関西,キズナ,Bungle Inthejungle,牡馬,1,ノーザンF,8000万,200000,友道康夫,452.0,9.8,3
56,1,マルシュロレーヌの25,マルシュロレーヌ,10,9,3,関西,キズナ,オルフェーヴル,牡馬,5,ノーザンF,12000万,300000,矢作芳人,430.0,-12.2,4
57,1,レイパパレの25,レイパパレ,9,8,2,関西,エピファネイア,ディープインパクト,牡馬,4,ノーザンF,10000万,250000,高野友和,414.0,-28.2,4
58,1,ククナの25,ククナ,8,7,1,関西,エピファネイア,キングカメハメハ,めす,4,ノーザンF,6000万,150000,四位洋文,414.0,-28.2,2
59,0,コンセッションズの25,コンセッションズ,11,10,3,関西,コントレイル,ダイワメジャー,牡馬,4,チャンピオンズF*,3600万,90000,寺島良,426.0,-16.2,4
60,0,マラコスタムブラダの25,マラコスタムブラダ,16,15,8,関西,スワーヴリチャード,Lizard Island,めす,4,ノーザンF,6000万,150000,池添学,421.0,-21.2,2
61,0,エクシードリミッツの25,エクシードリミッツ,14,13,7,関西,ロードカナロア,Exceed And Excel,めす,3,ノーザンF,4600万,115000,池添学,446.0,3.8,4
62,0,ドナウエレンの25,ドナウエレン,8,7,1,関西,サートゥルナーリア,モーリス,牡馬,2,ノーザンF,5000万,125000,池江泰寿,457.0,14.8,4
63,0,イリュミナンスの25,イリュミナンス,16,15,4,関西,サートゥルナーリア,マンハッタンカフェ,めす,2,白老F,3200万,80000,松永幹夫,410.0,-32.2,1
64,1,アヴェンチュラの25,アヴェンチュラ,18,17,9,関西,サートゥルナーリア,ジャングルポケット,めす,5,ノーザンF,4000万,100000,武英智,413.0,-29.2,2
65,1,ブルーメンクローネの25,ブルーメンクローネ,11,10,4,関西,シュネルマイスター,キングカメハメハ,牡馬,2,ノーザンF,5000万,125000,小林真也,506.0,63.8,5
66,0,ブリンクの25,ブリンク,8,7,1,関西,シュネルマイスター,エピファネイア,めす,3,ノーザンF,3000万,75000,坂口智康,447.0,4.8,4
67,1,メサルティムの25,メサルティム,11,10,3,関西,アドマイヤマーズ,ディープブリランテ,牡馬,3,ノーザンF,4000万,100000,杉山佳明,447.0,4.8,6
68,1,コンダクトレスの25,コンダクトレス,11,10,3,関西,アドマイヤマーズ,ホワイトマズル,めす,2,ノーザンF,3000万,75000,橋口慎介,447.0,4.8,4
69,1,ラクスバラディーの25,ラクスバラディー,7,6,1,関西,アドマイヤマーズ,ドゥラメンテ,めす,2,ノーザンF,3200万,80000,長谷川浩大,447.0,4.8,3
70,1,フィニフティの25,フィニフティ,11,10,4,関西,ナダル,ディープインパクト,めす,3,ノーザンF,4000万,100000,藤原英昭,492.0,49.8,5
71,1,リュラの25,リュラ,13,12,7,関西,モーリス,ステイゴールド,牡馬,4,ノーザンF,4000万,100000,佐藤悠太,458.0,15.8,5
72,1,サンブルエミューズの25,サンブルエミューズ,16,15,7,関西,モーリス,ダイワメジャー,めす,1,ノーザンF,6000万,150000,高野友和,454.0,11.8,2
73,1,ヴィルデローゼの25,ヴィルデローゼ,12,11,3,関西,ニューイヤーズデイ,エンパイアメーカー,牡馬,4,ノーザンF,4000万,100000,松永幹夫,448.0,5.8,6
74,1,ダイアナブライトの25,ダイアナブライト,10,9,3,関西,ニューイヤーズデイ,ディープインパクト,めす,2,ノーザンF,4000万,100000,石坂公一,440.0,-2.2,4
75,1,クロワドフェールの25,クロワドフェール,9,8,2,関西,リアルスティール,ハービンジャー,牡馬,1,ノーザンF,4600万,115000,清水久詞,455.0,12.8,5
76,1,ヴァルキュリアの25,ヴァルキュリア,9,8,2,関西,リアルスティール,Tapit,牡馬,3,ノーザンF,6000万,150000,高柳大輔,458.0,15.8,5
77,0,スピードリッパーの25,スピードリッパー,18,17,9,関西,リアルスティール,ファルブラヴ,めす,3,ノーザンF,3600万,90000,辻野泰之,430.0,-12.2,4
78,0,キズナIIの25,キズナII,16,15,8,関西,タイトルホルダー,Hurricane Run,めす,2,北洋牧場*,3200万,80000,上村洋行,449.0,6.8,2
79,0,ベデザンジュの25,ベデザンジュ,9,8,1,関西,ドレフォン,エピファネイア,牡馬,1,ノーザンF,4000万,100000,田中克典,432.0,-10.2,5
80,1,エリスライトの25,エリスライト,11,10,4,関西,ドレフォン,ディープインパクト,めす,4,ノーザンF,4000万,100000,藤岡健一,403.0,-39.2,4
81,1,クルークハイトの25,クルークハイト,12,11,4,関西,ルヴァンスレーヴ,クロフネ,牡馬,2,ノーザンF,5000万,125000,斉藤崇史,470.0,27.8,5
82,0,チカレンヌの25,チカレンヌ,7,6,2,関西,ルヴァンスレーヴ,Kingman,めす,1,チャンピオンズF*,1600万,40000,小椋研介,435.0,-7.2,1
83,1,リラヴァティの25,リラヴァティ,15,14,8,関西,ウエストオーバー,ゼンノロブロイ,牡馬,1,ノーザンF,8000万,200000,安田翔伍,470.0,27.8,3
84,1,ローズノーブルの25,ローズノーブル,17,16,9,関西,ピクシーナイト,ディープインパクト,牡馬,4,ノーザンF,4600万,115000,杉山晴紀,429.0,-13.2,4
85,1,バウンスシャッセの25,バウンスシャッセ,15,14,8,関西,ルーラーシップ,ゼンノロブロイ,牡馬,5,ノーザンF,5000万,125000,吉岡辰弥,442.0,-0.2,4
86,1,ヴィータアレグリアの25,ヴィータアレグリア,15,14,8,関西,カフェファラオ,ネオユニヴァース,めす,3,ノーザンF,4000万,100000,高野友和,436.0,-6.2,4
87,1,アドヴェントスの25,アドヴェントス,13,12,6,関西,グレナディアガーズ,ジャングルポケット,めす,2,ノーザンF,2400万,60000,小栗実,429.0,-13.2,1
88,1,アーズローヴァーの25,アーズローヴァー,10,9,3,関西,サトノアラジン,キンシャサノキセキ,牡馬,2,ノーザンF,2400万,60000,西村真幸,460.0,17.8,4
89,0,ターシャズスターの25,ターシャズスター,20,19,10,地方,クリソベリル,Spanish Steps,めす,3,ノーザンF,2000万,200000,門別・田中淳司厩舎or大井・渡邉和雄厩舎（外厩）,472.0,29.8,3
90,1,ブランシェクールの25,ブランシェクール,13,12,4,地方,ジュンライトボルト,ダイワメジャー,めす,1,ノーザンF,2800万,280000,門別・田中淳司厩舎or川崎・内田勝義厩舎（外厩）,490.0,47.8,3
91,0,ジュールヒートの25,ジュールヒート,6,5,1,地方,ナダル,ロードカナロア,牡馬,2,ノーザンF,2500万,250000,門別・田中淳司厩舎or船橋・川島正一厩舎（外厩）,437.0,-5.2,4
92,1,ペルレンケッテの25,ペルレンケッテ,18,17,9,地方,ホットロッドチャーリー,ディープインパクト,めす,5,ノーザンF,1800万,180000,門別・田中淳司厩舎or大井・荒山勝徳厩舎,417.0,-25.2,1
93,0,グラッブユアコートの25,グラッブユアコート,14,13,5,地方,マインドユアビスケッツ,ゴールドアリュール,めす,3,ノーザンF,1800万,180000,門別・田中淳司厩舎or大井・荒山勝徳厩舎,412.0,-30.2,2
94,0,エレガントマナーの25,エレガントマナー,20,19,12,地方,モーニン,シンボリクリスエス,牡馬,3,ノーザンF,2000万,200000,門別・田中淳司厩舎or大井・藤田輝信厩舎（外厩）,476.0,33.8,4
