ページ番号,使用するコマ割りテンプレ,漫画作成のプロンプト,コマ別テキストJSON,outfit_id
1,テキストページ,"◆【テキストページ】このページは画像生成不要。EPUB製本時にテキストとして直接レンダリングする。
◆【目次】
ソマチッドとは何か 漫画版 第2巻 ソマチッド論の歴史

【目次】
　第1話 発見者の物語
　第2話 ソマトスコープという装置
　第3話 714-Xと安全な読み方
　巻末まとめ 歴史と検証を分ける",[],
2,テキストページ,"◆【テキストページ】このページは画像生成不要。EPUB製本時にテキストとして直接レンダリングする。
◆【読む前に】
この漫画は健康情報リテラシーを学ぶための作品です。ソマチッドを診断法・治療法として推奨しません。体調や治療に関する判断は、医師などの専門家に相談してください。",[],
3,テンプレ5,"◆【注意】【】で囲まれた語は感情や状況の指示であり、画像内に文字として描画しないでください
◆【絶対最優先】必ずフルカラーにしてください
◆【絶対最優先】必ず日本のアニメ・マンガ調のイラストで描いてください。実写風・フォトリアル風は禁止です。
◆【医療安全】ソマチッドを診断法・治療法として推奨しない。標準医療の中止や受診遅れを促さない。健康行動は専門家相談を前提に描く。
◆【出力サイズ】2:3
◆【補足情報】上下左右に50ピクセルの余白。吹き出しと文字枠は読みやすく、文字量を詰め込みすぎない。
◆【絶対最優先】キャラクター外見: 美奈は添付の美奈.pngと100%同一の外見で描画（35歳女性、肩につく黒髪、淡いブルーのブラウス、ネイビーのロングスカート。健康情報に不安と好奇心を持つ読者代表。） / 佐伯は添付の佐伯.pngと100%同一の外見で描画（48歳男性、短い黒髪に少し白髪、薄い縁の眼鏡、白シャツと深緑のカーディガン。科学コミュニケーター。） / 陽斗は添付の陽斗.pngと100%同一の外見で描画（18歳男性、短めの黒髪、ライトグレーのパーカー、黒いパンツ。SNSや動画に詳しい若者。）
◆【コマ構成】テンプレ5: 上中下3段
◆【作画】ジャンル: 教養漫画に最適化した統一スタイル / 作画スタイル: 落ち着いた日本のアニメ・マンガ調、清潔な線画、フルカラー / 色調: 白・淡い青・深緑・暖かい橙をバランスよく使う / 演出: 不安を煽らず、図解・ノート・ホワイトボードを活用する
◆【ストーリー】
1コマ目 (上段): 美奈の紹介。 セリフ: なし ナレーション: ［四角枠］美奈 35歳 健康情報に揺れる読者代表 オノマトペ: なし
2コマ目 (中段): 佐伯の紹介。 セリフ: なし ナレーション: ［四角枠］佐伯 48歳 情報を整理する案内役 オノマトペ: なし
3コマ目 (下段): 陽斗の紹介。 セリフ: なし ナレーション: ［四角枠］陽斗 18歳 SNS世代の視点 オノマトペ: なし","[{""panel_id"": 1, ""type"": ""narration"", ""speaker"": null, ""text"": ""美奈 35歳 健康情報に揺れる読者代表""}, {""panel_id"": 2, ""type"": ""narration"", ""speaker"": null, ""text"": ""佐伯 48歳 情報を整理する案内役""}, {""panel_id"": 3, ""type"": ""narration"", ""speaker"": null, ""text"": ""陽斗 18歳 SNS世代の視点""}]",mina_casual
4,テンプレ1,"◆【注意】【】で囲まれた語は感情や状況の指示であり、画像内に文字として描画しないでください
◆【絶対最優先】必ずフルカラーにしてください
◆【絶対最優先】必ず日本のアニメ・マンガ調のイラストで描いてください。実写風・フォトリアル風は禁止です。
◆【医療安全】ソマチッドを診断法・治療法として推奨しない。標準医療の中止や受診遅れを促さない。健康行動は専門家相談を前提に描く。
◆【出力サイズ】2:3
◆【補足情報】上下左右に50ピクセルの余白。吹き出しと文字枠は読みやすく、文字量を詰め込みすぎない。
◆【コマ構成】テンプレ1: 全面1コマ
◆【作画】ジャンル: 教養漫画に最適化した統一スタイル / 作画スタイル: 落ち着いた日本のアニメ・マンガ調、清潔な線画、フルカラー / 色調: 白・淡い青・深緑・暖かい橙をバランスよく使う / 演出: 不安を煽らず、図解・ノート・ホワイトボードを活用する
◆【ストーリー】
1コマ目 (全面): 扉ページ。タイトル「第2巻 ソマチッド論の歴史」を中央に大きく配置。背景は図書館、ノート、顕微鏡風の小さな光を落ち着いた教養漫画の雰囲気で描く。 セリフ: なし ナレーション: なし オノマトペ: なし",[],
5,テンプレ3,"◆【注意】【】で囲まれた語は感情や状況の指示であり、画像内に文字として描画しないでください
◆【絶対最優先】必ずフルカラーにしてください
◆【絶対最優先】必ず日本のアニメ・マンガ調のイラストで描いてください。実写風・フォトリアル風は禁止です。
◆【医療安全】ソマチッドを診断法・治療法として推奨しない。標準医療の中止や受診遅れを促さない。健康行動は専門家相談を前提に描く。
◆【出力サイズ】2:3
◆【補足情報】上下左右に50ピクセルの余白。吹き出しと文字枠は読みやすく、文字量を詰め込みすぎない。
◆【絶対最優先】キャラクター外見: 佐伯は添付の佐伯.pngと100%同一の外見で描画（48歳男性、短い黒髪に少し白髪、薄い縁の眼鏡、白シャツと深緑のカーディガン。科学コミュニケーター。）
◆【補足情報】服装: saeki_default
◆【コマ構成】テンプレ3: 上・小 / 下・大
◆【作画】ジャンル: 教養漫画に最適化した統一スタイル / 作画スタイル: 落ち着いた日本のアニメ・マンガ調、清潔な線画、フルカラー / 色調: 白・淡い青・深緑・暖かい橙をバランスよく使う / 演出: 不安を煽らず、図解・ノート・ホワイトボードを活用する
◆【ストーリー】
1コマ目 (上・小): 古い資料室の全景。佐伯がガストン・ネサンに関する資料を開く。 セリフ: なし ナレーション: ［四角枠］魅力的な発見者像だけで判断しない。 オノマトペ: なし
2コマ目 (下・大): 佐伯の表情を大きく描く。 セリフ: 佐伯「人物の物語と主張の検証を分けます。」 ナレーション: なし オノマトペ: なし","[{""panel_id"": 1, ""type"": ""narration"", ""speaker"": null, ""text"": ""魅力的な発見者像だけで判断しない。""}, {""panel_id"": 2, ""type"": ""dialogue"", ""speaker"": ""佐伯"", ""text"": ""人物の物語と主張の検証を分けます。""}]",saeki_default
6,テンプレ5,"◆【注意】【】で囲まれた語は感情や状況の指示であり、画像内に文字として描画しないでください
◆【絶対最優先】必ずフルカラーにしてください
◆【絶対最優先】必ず日本のアニメ・マンガ調のイラストで描いてください。実写風・フォトリアル風は禁止です。
◆【医療安全】ソマチッドを診断法・治療法として推奨しない。標準医療の中止や受診遅れを促さない。健康行動は専門家相談を前提に描く。
◆【出力サイズ】2:3
◆【補足情報】上下左右に50ピクセルの余白。吹き出しと文字枠は読みやすく、文字量を詰め込みすぎない。
◆【絶対最優先】キャラクター外見: 陽斗は添付の陽斗.pngと100%同一の外見で描画（18歳男性、短めの黒髪、ライトグレーのパーカー、黒いパンツ。SNSや動画に詳しい若者。）
◆【補足情報】服装: haruto_casual
◆【コマ構成】テンプレ5: 上段 / 中段 / 下段
◆【作画】ジャンル: 教養漫画に最適化した統一スタイル / 作画スタイル: 落ち着いた日本のアニメ・マンガ調、清潔な線画、フルカラー / 色調: 白・淡い青・深緑・暖かい橙をバランスよく使う / 演出: 不安を煽らず、図解・ノート・ホワイトボードを活用する
◆【ストーリー】
1コマ目 (上段): 資料机。状況が伝わる引きの絵。 セリフ: なし ナレーション: ［四角枠］物語の力と根拠の強さは別。 オノマトペ: なし
2コマ目 (中段): 陽斗が発見者ストーリーに惹かれる。 セリフ: 陽斗「ひとりの研究者が見つけたって、物語として強いね。」 ナレーション: なし オノマトペ: なし
3コマ目 (下段): ノートや図解で要点を整理する。 セリフ: なし ナレーション: ［四角枠］主張・根拠・行動を分けて読む。 オノマトペ: なし","[{""panel_id"": 1, ""type"": ""narration"", ""speaker"": null, ""text"": ""物語の力と根拠の強さは別。""}, {""panel_id"": 2, ""type"": ""dialogue"", ""speaker"": ""陽斗"", ""text"": ""ひとりの研究者が見つけたって、物語として強いね。""}, {""panel_id"": 3, ""type"": ""narration"", ""speaker"": null, ""text"": ""主張・根拠・行動を分けて読む。""}]",haruto_casual
7,テンプレ2,"◆【注意】【】で囲まれた語は感情や状況の指示であり、画像内に文字として描画しないでください
◆【絶対最優先】必ずフルカラーにしてください
◆【絶対最優先】必ず日本のアニメ・マンガ調のイラストで描いてください。実写風・フォトリアル風は禁止です。
◆【医療安全】ソマチッドを診断法・治療法として推奨しない。標準医療の中止や受診遅れを促さない。健康行動は専門家相談を前提に描く。
◆【出力サイズ】2:3
◆【補足情報】上下左右に50ピクセルの余白。吹き出しと文字枠は読みやすく、文字量を詰め込みすぎない。
◆【絶対最優先】キャラクター外見: 美奈は添付の美奈.pngと100%同一の外見で描画（35歳女性、肩につく黒髪、淡いブルーのブラウス、ネイビーのロングスカート。健康情報に不安と好奇心を持つ読者代表。）
◆【補足情報】服装: mina_casual
◆【コマ構成】テンプレ2: 右上 / 左上 / 下段
◆【作画】ジャンル: 教養漫画に最適化した統一スタイル / 作画スタイル: 落ち着いた日本のアニメ・マンガ調、清潔な線画、フルカラー / 色調: 白・淡い青・深緑・暖かい橙をバランスよく使う / 演出: 不安を煽らず、図解・ノート・ホワイトボードを活用する
◆【ストーリー】
1コマ目 (右上): 年表ページ。状況が伝わる引きの絵。 セリフ: なし ナレーション: ［四角枠］混ざった情報を年表でほどく。 オノマトペ: なし
2コマ目 (左上): 三人が年表を作る。 セリフ: 美奈「人生、支持者、批判を別の色にします。」 ナレーション: なし オノマトペ: なし
3コマ目 (下段): ノートや図解で要点を整理する。 セリフ: なし ナレーション: ［四角枠］主張・根拠・行動を分けて読む。 オノマトペ: なし","[{""panel_id"": 1, ""type"": ""narration"", ""speaker"": null, ""text"": ""混ざった情報を年表でほどく。""}, {""panel_id"": 2, ""type"": ""dialogue"", ""speaker"": ""美奈"", ""text"": ""人生、支持者、批判を別の色にします。""}, {""panel_id"": 3, ""type"": ""narration"", ""speaker"": null, ""text"": ""主張・根拠・行動を分けて読む。""}]",mina_casual
8,テンプレ4,"◆【注意】【】で囲まれた語は感情や状況の指示であり、画像内に文字として描画しないでください
◆【絶対最優先】必ずフルカラーにしてください
◆【絶対最優先】必ず日本のアニメ・マンガ調のイラストで描いてください。実写風・フォトリアル風は禁止です。
◆【医療安全】ソマチッドを診断法・治療法として推奨しない。標準医療の中止や受診遅れを促さない。健康行動は専門家相談を前提に描く。
◆【出力サイズ】2:3
◆【補足情報】上下左右に50ピクセルの余白。吹き出しと文字枠は読みやすく、文字量を詰め込みすぎない。
◆【絶対最優先】キャラクター外見: 佐伯は添付の佐伯.pngと100%同一の外見で描画（48歳男性、短い黒髪に少し白髪、薄い縁の眼鏡、白シャツと深緑のカーディガン。科学コミュニケーター。）
◆【補足情報】服装: saeki_default
◆【コマ構成】テンプレ4: 上段 / 中段 / 下段
◆【作画】ジャンル: 教養漫画に最適化した統一スタイル / 作画スタイル: 落ち着いた日本のアニメ・マンガ調、清潔な線画、フルカラー / 色調: 白・淡い青・深緑・暖かい橙をバランスよく使う / 演出: 不安を煽らず、図解・ノート・ホワイトボードを活用する
◆【ストーリー】
1コマ目 (上段): 研究室イメージ。状況が伝わる引きの絵。 セリフ: なし ナレーション: ［四角枠］装置・倍率・光・試料を確認する。 オノマトペ: なし
2コマ目 (中段): ソマトスコープの説明を聞く。 セリフ: 佐伯「特殊な装置ほど、再現条件が重要です。」 ナレーション: なし オノマトペ: なし
3コマ目 (下段): ノートや図解で要点を整理する。 セリフ: なし ナレーション: ［四角枠］主張・根拠・行動を分けて読む。 オノマトペ: なし","[{""panel_id"": 1, ""type"": ""narration"", ""speaker"": null, ""text"": ""装置・倍率・光・試料を確認する。""}, {""panel_id"": 2, ""type"": ""dialogue"", ""speaker"": ""佐伯"", ""text"": ""特殊な装置ほど、再現条件が重要です。""}, {""panel_id"": 3, ""type"": ""narration"", ""speaker"": null, ""text"": ""主張・根拠・行動を分けて読む。""}]",saeki_default
9,テンプレ6,"◆【注意】【】で囲まれた語は感情や状況の指示であり、画像内に文字として描画しないでください
◆【絶対最優先】必ずフルカラーにしてください
◆【絶対最優先】必ず日本のアニメ・マンガ調のイラストで描いてください。実写風・フォトリアル風は禁止です。
◆【医療安全】ソマチッドを診断法・治療法として推奨しない。標準医療の中止や受診遅れを促さない。健康行動は専門家相談を前提に描く。
◆【出力サイズ】2:3
◆【補足情報】上下左右に50ピクセルの余白。吹き出しと文字枠は読みやすく、文字量を詰め込みすぎない。
◆【絶対最優先】キャラクター外見: 美奈は添付の美奈.pngと100%同一の外見で描画（35歳女性、肩につく黒髪、淡いブルーのブラウス、ネイビーのロングスカート。健康情報に不安と好奇心を持つ読者代表。）
◆【補足情報】服装: mina_casual
◆【コマ構成】テンプレ6: 右上 / 左上 / 右下 / 左下
◆【作画】ジャンル: 教養漫画に最適化した統一スタイル / 作画スタイル: 落ち着いた日本のアニメ・マンガ調、清潔な線画、フルカラー / 色調: 白・淡い青・深緑・暖かい橙をバランスよく使う / 演出: 不安を煽らず、図解・ノート・ホワイトボードを活用する
◆【ストーリー】
1コマ目 (右上): 顕微鏡台。状況が伝わる引きの絵。 セリフ: なし ナレーション: ［四角枠］特殊さは検証の難しさでもある。 オノマトペ: なし
2コマ目 (左上): 美奈が特殊装置への期待を口にする。 セリフ: 美奈「特殊だからこそ本物に見えてしまいます。」 ナレーション: なし オノマトペ: なし
3コマ目 (右下): ノートや図解で要点を整理する。 セリフ: なし ナレーション: ［四角枠］主張・根拠・行動を分けて読む。 オノマトペ: なし","[{""panel_id"": 1, ""type"": ""narration"", ""speaker"": null, ""text"": ""特殊さは検証の難しさでもある。""}, {""panel_id"": 2, ""type"": ""dialogue"", ""speaker"": ""美奈"", ""text"": ""特殊だからこそ本物に見えてしまいます。""}, {""panel_id"": 3, ""type"": ""narration"", ""speaker"": null, ""text"": ""主張・根拠・行動を分けて読む。""}]",mina_casual
10,テンプレ5,"◆【注意】【】で囲まれた語は感情や状況の指示であり、画像内に文字として描画しないでください
◆【絶対最優先】必ずフルカラーにしてください
◆【絶対最優先】必ず日本のアニメ・マンガ調のイラストで描いてください。実写風・フォトリアル風は禁止です。
◆【医療安全】ソマチッドを診断法・治療法として推奨しない。標準医療の中止や受診遅れを促さない。健康行動は専門家相談を前提に描く。
◆【出力サイズ】2:3
◆【補足情報】上下左右に50ピクセルの余白。吹き出しと文字枠は読みやすく、文字量を詰め込みすぎない。
◆【絶対最優先】キャラクター外見: 佐伯は添付の佐伯.pngと100%同一の外見で描画（48歳男性、短い黒髪に少し白髪、薄い縁の眼鏡、白シャツと深緑のカーディガン。科学コミュニケーター。）
◆【補足情報】服装: saeki_default
◆【コマ構成】テンプレ5: 上段 / 中段 / 下段
◆【作画】ジャンル: 教養漫画に最適化した統一スタイル / 作画スタイル: 落ち着いた日本のアニメ・マンガ調、清潔な線画、フルカラー / 色調: 白・淡い青・深緑・暖かい橙をバランスよく使う / 演出: 不安を煽らず、図解・ノート・ホワイトボードを活用する
◆【ストーリー】
1コマ目 (上段): ホワイトボード。状況が伝わる引きの絵。 セリフ: なし ナレーション: ［四角枠］同じ条件で他者が確認できるか。 オノマトペ: なし
2コマ目 (中段): 観察条件の違いを並べる。 セリフ: 佐伯「条件が変われば、見え方も変わります。」 ナレーション: なし オノマトペ: なし
3コマ目 (下段): ノートや図解で要点を整理する。 セリフ: なし ナレーション: ［四角枠］主張・根拠・行動を分けて読む。 オノマトペ: なし","[{""panel_id"": 1, ""type"": ""narration"", ""speaker"": null, ""text"": ""同じ条件で他者が確認できるか。""}, {""panel_id"": 2, ""type"": ""dialogue"", ""speaker"": ""佐伯"", ""text"": ""条件が変われば、見え方も変わります。""}, {""panel_id"": 3, ""type"": ""narration"", ""speaker"": null, ""text"": ""主張・根拠・行動を分けて読む。""}]",saeki_default
11,テンプレ3,"◆【注意】【】で囲まれた語は感情や状況の指示であり、画像内に文字として描画しないでください
◆【絶対最優先】必ずフルカラーにしてください
◆【絶対最優先】必ず日本のアニメ・マンガ調のイラストで描いてください。実写風・フォトリアル風は禁止です。
◆【医療安全】ソマチッドを診断法・治療法として推奨しない。標準医療の中止や受診遅れを促さない。健康行動は専門家相談を前提に描く。
◆【出力サイズ】2:3
◆【補足情報】上下左右に50ピクセルの余白。吹き出しと文字枠は読みやすく、文字量を詰め込みすぎない。
◆【絶対最優先】キャラクター外見: 陽斗は添付の陽斗.pngと100%同一の外見で描画（18歳男性、短めの黒髪、ライトグレーのパーカー、黒いパンツ。SNSや動画に詳しい若者。）
◆【補足情報】服装: haruto_casual
◆【コマ構成】テンプレ3: 上・小 / 下・大
◆【作画】ジャンル: 教養漫画に最適化した統一スタイル / 作画スタイル: 落ち着いた日本のアニメ・マンガ調、清潔な線画、フルカラー / 色調: 白・淡い青・深緑・暖かい橙をバランスよく使う / 演出: 不安を煽らず、図解・ノート・ホワイトボードを活用する
◆【ストーリー】
1コマ目 (上・小): 動画比較の全景。陽斗が別々の映像を比較する。 セリフ: なし ナレーション: ［四角枠］映像は条件つきで読む。 オノマトペ: なし
2コマ目 (下・大): 陽斗の表情を大きく描く。 セリフ: 陽斗「似てるけど、撮り方が全部違う。」 ナレーション: なし オノマトペ: なし","[{""panel_id"": 1, ""type"": ""narration"", ""speaker"": null, ""text"": ""映像は条件つきで読む。""}, {""panel_id"": 2, ""type"": ""dialogue"", ""speaker"": ""陽斗"", ""text"": ""似てるけど、撮り方が全部違う。""}]",haruto_casual
12,テンプレ3,"◆【注意】【】で囲まれた語は感情や状況の指示であり、画像内に文字として描画しないでください
◆【絶対最優先】必ずフルカラーにしてください
◆【絶対最優先】必ず日本のアニメ・マンガ調のイラストで描いてください。実写風・フォトリアル風は禁止です。
◆【医療安全】ソマチッドを診断法・治療法として推奨しない。標準医療の中止や受診遅れを促さない。健康行動は専門家相談を前提に描く。
◆【出力サイズ】2:3
◆【補足情報】上下左右に50ピクセルの余白。吹き出しと文字枠は読みやすく、文字量を詰め込みすぎない。
◆【絶対最優先】キャラクター外見: 佐伯は添付の佐伯.pngと100%同一の外見で描画（48歳男性、短い黒髪に少し白髪、薄い縁の眼鏡、白シャツと深緑のカーディガン。科学コミュニケーター。）
◆【補足情報】服装: saeki_default
◆【コマ構成】テンプレ3: 上・小 / 下・大
◆【作画】ジャンル: 教養漫画に最適化した統一スタイル / 作画スタイル: 落ち着いた日本のアニメ・マンガ調、清潔な線画、フルカラー / 色調: 白・淡い青・深緑・暖かい橙をバランスよく使う / 演出: 不安を煽らず、図解・ノート・ホワイトボードを活用する
◆【ストーリー】
1コマ目 (上・小): 資料室の全景。714-Xの話題に入る前に佐伯が注意を置く。 セリフ: なし ナレーション: ［四角枠］断定と行動誘導に注意する。 オノマトペ: なし
2コマ目 (下・大): 佐伯の表情を大きく描く。 セリフ: 佐伯「ここからは医療判断に近い話です。」 ナレーション: なし オノマトペ: なし","[{""panel_id"": 1, ""type"": ""narration"", ""speaker"": null, ""text"": ""断定と行動誘導に注意する。""}, {""panel_id"": 2, ""type"": ""dialogue"", ""speaker"": ""佐伯"", ""text"": ""ここからは医療判断に近い話です。""}]",saeki_default
13,テンプレ5,"◆【注意】【】で囲まれた語は感情や状況の指示であり、画像内に文字として描画しないでください
◆【絶対最優先】必ずフルカラーにしてください
◆【絶対最優先】必ず日本のアニメ・マンガ調のイラストで描いてください。実写風・フォトリアル風は禁止です。
◆【医療安全】ソマチッドを診断法・治療法として推奨しない。標準医療の中止や受診遅れを促さない。健康行動は専門家相談を前提に描く。
◆【出力サイズ】2:3
◆【補足情報】上下左右に50ピクセルの余白。吹き出しと文字枠は読みやすく、文字量を詰め込みすぎない。
◆【絶対最優先】キャラクター外見: 美奈は添付の美奈.pngと100%同一の外見で描画（35歳女性、肩につく黒髪、淡いブルーのブラウス、ネイビーのロングスカート。健康情報に不安と好奇心を持つ読者代表。） / 佐伯は添付の佐伯.pngと100%同一の外見で描画（48歳男性、短い黒髪に少し白髪、薄い縁の眼鏡、白シャツと深緑のカーディガン。科学コミュニケーター。）
◆【補足情報】服装: mina_casual
◆【コマ構成】テンプレ5: 上段 / 中段 / 下段
◆【作画】ジャンル: 教養漫画に最適化した統一スタイル / 作画スタイル: 落ち着いた日本のアニメ・マンガ調、清潔な線画、フルカラー / 色調: 白・淡い青・深緑・暖かい橙をバランスよく使う / 演出: 不安を煽らず、図解・ノート・ホワイトボードを活用する
◆【ストーリー】
1コマ目 (上段): 講座室。状況が伝わる引きの絵。 セリフ: なし ナレーション: ［四角枠］怖さが判断を急がせる。 オノマトペ: なし
2コマ目 (中段): 美奈ががんや治療の言葉に緊張する。 セリフ: 美奈「この言葉が出ると、急に怖くなります。」 ナレーション: なし オノマトペ: なし
3コマ目 (下段): ノートや図解で要点を整理する。 セリフ: なし ナレーション: ［四角枠］主張・根拠・行動を分けて読む。 オノマトペ: なし","[{""panel_id"": 1, ""type"": ""narration"", ""speaker"": null, ""text"": ""怖さが判断を急がせる。""}, {""panel_id"": 2, ""type"": ""dialogue"", ""speaker"": ""美奈"", ""text"": ""この言葉が出ると、急に怖くなります。""}, {""panel_id"": 3, ""type"": ""narration"", ""speaker"": null, ""text"": ""主張・根拠・行動を分けて読む。""}]",mina_casual
14,テンプレ2,"◆【注意】【】で囲まれた語は感情や状況の指示であり、画像内に文字として描画しないでください
◆【絶対最優先】必ずフルカラーにしてください
◆【絶対最優先】必ず日本のアニメ・マンガ調のイラストで描いてください。実写風・フォトリアル風は禁止です。
◆【医療安全】ソマチッドを診断法・治療法として推奨しない。標準医療の中止や受診遅れを促さない。健康行動は専門家相談を前提に描く。
◆【出力サイズ】2:3
◆【補足情報】上下左右に50ピクセルの余白。吹き出しと文字枠は読みやすく、文字量を詰め込みすぎない。
◆【絶対最優先】キャラクター外見: 佐伯は添付の佐伯.pngと100%同一の外見で描画（48歳男性、短い黒髪に少し白髪、薄い縁の眼鏡、白シャツと深緑のカーディガン。科学コミュニケーター。）
◆【補足情報】服装: saeki_default
◆【コマ構成】テンプレ2: 右上 / 左上 / 下段
◆【作画】ジャンル: 教養漫画に最適化した統一スタイル / 作画スタイル: 落ち着いた日本のアニメ・マンガ調、清潔な線画、フルカラー / 色調: 白・淡い青・深緑・暖かい橙をバランスよく使う / 演出: 不安を煽らず、図解・ノート・ホワイトボードを活用する
◆【ストーリー】
1コマ目 (右上): 講座室。状況が伝わる引きの絵。 セリフ: なし ナレーション: ［四角枠］相談先は医師などの専門家。 オノマトペ: なし
2コマ目 (左上): 佐伯が標準医療を中止しない原則を伝える。 セリフ: 佐伯「未確立な理論で受診を遅らせないでください。」 ナレーション: なし オノマトペ: なし
3コマ目 (下段): ノートや図解で要点を整理する。 セリフ: なし ナレーション: ［四角枠］主張・根拠・行動を分けて読む。 オノマトペ: なし","[{""panel_id"": 1, ""type"": ""narration"", ""speaker"": null, ""text"": ""相談先は医師などの専門家。""}, {""panel_id"": 2, ""type"": ""dialogue"", ""speaker"": ""佐伯"", ""text"": ""未確立な理論で受診を遅らせないでください。""}, {""panel_id"": 3, ""type"": ""narration"", ""speaker"": null, ""text"": ""主張・根拠・行動を分けて読む。""}]",saeki_default
15,テンプレ4,"◆【注意】【】で囲まれた語は感情や状況の指示であり、画像内に文字として描画しないでください
◆【絶対最優先】必ずフルカラーにしてください
◆【絶対最優先】必ず日本のアニメ・マンガ調のイラストで描いてください。実写風・フォトリアル風は禁止です。
◆【医療安全】ソマチッドを診断法・治療法として推奨しない。標準医療の中止や受診遅れを促さない。健康行動は専門家相談を前提に描く。
◆【出力サイズ】2:3
◆【補足情報】上下左右に50ピクセルの余白。吹き出しと文字枠は読みやすく、文字量を詰め込みすぎない。
◆【絶対最優先】キャラクター外見: 佐伯は添付の佐伯.pngと100%同一の外見で描画（48歳男性、短い黒髪に少し白髪、薄い縁の眼鏡、白シャツと深緑のカーディガン。科学コミュニケーター。）
◆【補足情報】服装: saeki_default
◆【コマ構成】テンプレ4: 上段 / 中段 / 下段
◆【作画】ジャンル: 教養漫画に最適化した統一スタイル / 作画スタイル: 落ち着いた日本のアニメ・マンガ調、清潔な線画、フルカラー / 色調: 白・淡い青・深緑・暖かい橙をバランスよく使う / 演出: 不安を煽らず、図解・ノート・ホワイトボードを活用する
◆【ストーリー】
1コマ目 (上段): 公的情報ページ。状況が伝わる引きの絵。 セリフ: なし ナレーション: ［四角枠］低い温度は断定を避けるため。 オノマトペ: なし
2コマ目 (中段): 公的機関の情報を見る。 セリフ: 佐伯「公的情報は熱が低く見えても重要です。」 ナレーション: なし オノマトペ: なし
3コマ目 (下段): ノートや図解で要点を整理する。 セリフ: なし ナレーション: ［四角枠］主張・根拠・行動を分けて読む。 オノマトペ: なし","[{""panel_id"": 1, ""type"": ""narration"", ""speaker"": null, ""text"": ""低い温度は断定を避けるため。""}, {""panel_id"": 2, ""type"": ""dialogue"", ""speaker"": ""佐伯"", ""text"": ""公的情報は熱が低く見えても重要です。""}, {""panel_id"": 3, ""type"": ""narration"", ""speaker"": null, ""text"": ""主張・根拠・行動を分けて読む。""}]",saeki_default
16,テンプレ6,"◆【注意】【】で囲まれた語は感情や状況の指示であり、画像内に文字として描画しないでください
◆【絶対最優先】必ずフルカラーにしてください
◆【絶対最優先】必ず日本のアニメ・マンガ調のイラストで描いてください。実写風・フォトリアル風は禁止です。
◆【医療安全】ソマチッドを診断法・治療法として推奨しない。標準医療の中止や受診遅れを促さない。健康行動は専門家相談を前提に描く。
◆【出力サイズ】2:3
◆【補足情報】上下左右に50ピクセルの余白。吹き出しと文字枠は読みやすく、文字量を詰め込みすぎない。
◆【絶対最優先】キャラクター外見: 陽斗は添付の陽斗.pngと100%同一の外見で描画（18歳男性、短めの黒髪、ライトグレーのパーカー、黒いパンツ。SNSや動画に詳しい若者。） / 佐伯は添付の佐伯.pngと100%同一の外見で描画（48歳男性、短い黒髪に少し白髪、薄い縁の眼鏡、白シャツと深緑のカーディガン。科学コミュニケーター。）
◆【補足情報】服装: haruto_casual
◆【コマ構成】テンプレ6: 右上 / 左上 / 右下 / 左下
◆【作画】ジャンル: 教養漫画に最適化した統一スタイル / 作画スタイル: 落ち着いた日本のアニメ・マンガ調、清潔な線画、フルカラー / 色調: 白・淡い青・深緑・暖かい橙をバランスよく使う / 演出: 不安を煽らず、図解・ノート・ホワイトボードを活用する
◆【ストーリー】
1コマ目 (右上): 図書館。状況が伝わる引きの絵。 セリフ: なし ナレーション: ［四角枠］希望は尊重し、根拠は別に見る。 オノマトペ: なし
2コマ目 (左上): 陽斗が希望を持つ人の気持ちを問う。 セリフ: 陽斗「希望を持った人の気持ちはどう扱うの？」 ナレーション: なし オノマトペ: なし
3コマ目 (右下): ノートや図解で要点を整理する。 セリフ: なし ナレーション: ［四角枠］主張・根拠・行動を分けて読む。 オノマトペ: なし","[{""panel_id"": 1, ""type"": ""narration"", ""speaker"": null, ""text"": ""希望は尊重し、根拠は別に見る。""}, {""panel_id"": 2, ""type"": ""dialogue"", ""speaker"": ""陽斗"", ""text"": ""希望を持った人の気持ちはどう扱うの？""}, {""panel_id"": 3, ""type"": ""narration"", ""speaker"": null, ""text"": ""主張・根拠・行動を分けて読む。""}]",haruto_casual
17,テンプレ5,"◆【注意】【】で囲まれた語は感情や状況の指示であり、画像内に文字として描画しないでください
◆【絶対最優先】必ずフルカラーにしてください
◆【絶対最優先】必ず日本のアニメ・マンガ調のイラストで描いてください。実写風・フォトリアル風は禁止です。
◆【医療安全】ソマチッドを診断法・治療法として推奨しない。標準医療の中止や受診遅れを促さない。健康行動は専門家相談を前提に描く。
◆【出力サイズ】2:3
◆【補足情報】上下左右に50ピクセルの余白。吹き出しと文字枠は読みやすく、文字量を詰め込みすぎない。
◆【絶対最優先】キャラクター外見: 美奈は添付の美奈.pngと100%同一の外見で描画（35歳女性、肩につく黒髪、淡いブルーのブラウス、ネイビーのロングスカート。健康情報に不安と好奇心を持つ読者代表。）
◆【補足情報】服装: mina_casual
◆【コマ構成】テンプレ5: 上段 / 中段 / 下段
◆【作画】ジャンル: 教養漫画に最適化した統一スタイル / 作画スタイル: 落ち着いた日本のアニメ・マンガ調、清潔な線画、フルカラー / 色調: 白・淡い青・深緑・暖かい橙をバランスよく使う / 演出: 不安を煽らず、図解・ノート・ホワイトボードを活用する
◆【ストーリー】
1コマ目 (上段): 相談机。状況が伝わる引きの絵。 セリフ: なし ナレーション: ［四角枠］人への共感と主張の検証を分ける。 オノマトペ: なし
2コマ目 (中段): 美奈が体験談に心を動かされる。 セリフ: 美奈「信じた人を否定したいわけじゃない。」 ナレーション: なし オノマトペ: なし
3コマ目 (下段): ノートや図解で要点を整理する。 セリフ: なし ナレーション: ［四角枠］主張・根拠・行動を分けて読む。 オノマトペ: なし","[{""panel_id"": 1, ""type"": ""narration"", ""speaker"": null, ""text"": ""人への共感と主張の検証を分ける。""}, {""panel_id"": 2, ""type"": ""dialogue"", ""speaker"": ""美奈"", ""text"": ""信じた人を否定したいわけじゃない。""}, {""panel_id"": 3, ""type"": ""narration"", ""speaker"": null, ""text"": ""主張・根拠・行動を分けて読む。""}]",mina_casual
18,テンプレ3,"◆【注意】【】で囲まれた語は感情や状況の指示であり、画像内に文字として描画しないでください
◆【絶対最優先】必ずフルカラーにしてください
◆【絶対最優先】必ず日本のアニメ・マンガ調のイラストで描いてください。実写風・フォトリアル風は禁止です。
◆【医療安全】ソマチッドを診断法・治療法として推奨しない。標準医療の中止や受診遅れを促さない。健康行動は専門家相談を前提に描く。
◆【出力サイズ】2:3
◆【補足情報】上下左右に50ピクセルの余白。吹き出しと文字枠は読みやすく、文字量を詰め込みすぎない。
◆【絶対最優先】キャラクター外見: 佐伯は添付の佐伯.pngと100%同一の外見で描画（48歳男性、短い黒髪に少し白髪、薄い縁の眼鏡、白シャツと深緑のカーディガン。科学コミュニケーター。）
◆【補足情報】服装: saeki_default
◆【コマ構成】テンプレ3: 上・小 / 下・大
◆【作画】ジャンル: 教養漫画に最適化した統一スタイル / 作画スタイル: 落ち着いた日本のアニメ・マンガ調、清潔な線画、フルカラー / 色調: 白・淡い青・深緑・暖かい橙をバランスよく使う / 演出: 不安を煽らず、図解・ノート・ホワイトボードを活用する
◆【ストーリー】
1コマ目 (上・小): ホワイトボードの全景。迫害された発見者という物語を整理する。 セリフ: なし ナレーション: ［四角枠］権威の抵抗か、根拠不足か。 オノマトペ: なし
2コマ目 (下・大): 佐伯の表情を大きく描く。 セリフ: 佐伯「認められない理由を一つに決めない。」 ナレーション: なし オノマトペ: なし","[{""panel_id"": 1, ""type"": ""narration"", ""speaker"": null, ""text"": ""権威の抵抗か、根拠不足か。""}, {""panel_id"": 2, ""type"": ""dialogue"", ""speaker"": ""佐伯"", ""text"": ""認められない理由を一つに決めない。""}]",saeki_default
19,テンプレ3,"◆【注意】【】で囲まれた語は感情や状況の指示であり、画像内に文字として描画しないでください
◆【絶対最優先】必ずフルカラーにしてください
◆【絶対最優先】必ず日本のアニメ・マンガ調のイラストで描いてください。実写風・フォトリアル風は禁止です。
◆【医療安全】ソマチッドを診断法・治療法として推奨しない。標準医療の中止や受診遅れを促さない。健康行動は専門家相談を前提に描く。
◆【出力サイズ】2:3
◆【補足情報】上下左右に50ピクセルの余白。吹き出しと文字枠は読みやすく、文字量を詰め込みすぎない。
◆【絶対最優先】キャラクター外見: 美奈は添付の美奈.pngと100%同一の外見で描画（35歳女性、肩につく黒髪、淡いブルーのブラウス、ネイビーのロングスカート。健康情報に不安と好奇心を持つ読者代表。）
◆【補足情報】服装: mina_casual
◆【コマ構成】テンプレ3: 上・小 / 下・大
◆【作画】ジャンル: 教養漫画に最適化した統一スタイル / 作画スタイル: 落ち着いた日本のアニメ・マンガ調、清潔な線画、フルカラー / 色調: 白・淡い青・深緑・暖かい橙をバランスよく使う / 演出: 不安を煽らず、図解・ノート・ホワイトボードを活用する
◆【ストーリー】
1コマ目 (上・小): 資料カードの全景。支持者の語りと批判者の論点をカード化する。 セリフ: なし ナレーション: ［四角枠］文脈を分けると熱が下がる。 オノマトペ: なし
2コマ目 (下・大): 美奈の表情を大きく描く。 セリフ: 美奈「同じ話でも、置く場所で見え方が変わる。」 ナレーション: なし オノマトペ: なし","[{""panel_id"": 1, ""type"": ""narration"", ""speaker"": null, ""text"": ""文脈を分けると熱が下がる。""}, {""panel_id"": 2, ""type"": ""dialogue"", ""speaker"": ""美奈"", ""text"": ""同じ話でも、置く場所で見え方が変わる。""}]",mina_casual
20,テンプレ5,"◆【注意】【】で囲まれた語は感情や状況の指示であり、画像内に文字として描画しないでください
◆【絶対最優先】必ずフルカラーにしてください
◆【絶対最優先】必ず日本のアニメ・マンガ調のイラストで描いてください。実写風・フォトリアル風は禁止です。
◆【医療安全】ソマチッドを診断法・治療法として推奨しない。標準医療の中止や受診遅れを促さない。健康行動は専門家相談を前提に描く。
◆【出力サイズ】2:3
◆【補足情報】上下左右に50ピクセルの余白。吹き出しと文字枠は読みやすく、文字量を詰め込みすぎない。
◆【絶対最優先】キャラクター外見: 陽斗は添付の陽斗.pngと100%同一の外見で描画（18歳男性、短めの黒髪、ライトグレーのパーカー、黒いパンツ。SNSや動画に詳しい若者。）
◆【補足情報】服装: haruto_casual
◆【コマ構成】テンプレ5: 上段 / 中段 / 下段
◆【作画】ジャンル: 教養漫画に最適化した統一スタイル / 作画スタイル: 落ち着いた日本のアニメ・マンガ調、清潔な線画、フルカラー / 色調: 白・淡い青・深緑・暖かい橙をバランスよく使う / 演出: 不安を煽らず、図解・ノート・ホワイトボードを活用する
◆【ストーリー】
1コマ目 (上段): 窓際。状況が伝わる引きの絵。 セリフ: なし ナレーション: ［四角枠］敵の物語より検証の道筋を見る。 オノマトペ: なし
2コマ目 (中段): 陽斗が陰謀論的な展開への警戒を覚える。 セリフ: 陽斗「敵がいる話は、すごく拡散しやすい。」 ナレーション: なし オノマトペ: なし
3コマ目 (下段): ノートや図解で要点を整理する。 セリフ: なし ナレーション: ［四角枠］主張・根拠・行動を分けて読む。 オノマトペ: なし","[{""panel_id"": 1, ""type"": ""narration"", ""speaker"": null, ""text"": ""敵の物語より検証の道筋を見る。""}, {""panel_id"": 2, ""type"": ""dialogue"", ""speaker"": ""陽斗"", ""text"": ""敵がいる話は、すごく拡散しやすい。""}, {""panel_id"": 3, ""type"": ""narration"", ""speaker"": null, ""text"": ""主張・根拠・行動を分けて読む。""}]",haruto_casual
21,テンプレ2,"◆【注意】【】で囲まれた語は感情や状況の指示であり、画像内に文字として描画しないでください
◆【絶対最優先】必ずフルカラーにしてください
◆【絶対最優先】必ず日本のアニメ・マンガ調のイラストで描いてください。実写風・フォトリアル風は禁止です。
◆【医療安全】ソマチッドを診断法・治療法として推奨しない。標準医療の中止や受診遅れを促さない。健康行動は専門家相談を前提に描く。
◆【出力サイズ】2:3
◆【補足情報】上下左右に50ピクセルの余白。吹き出しと文字枠は読みやすく、文字量を詰め込みすぎない。
◆【絶対最優先】キャラクター外見: 佐伯は添付の佐伯.pngと100%同一の外見で描画（48歳男性、短い黒髪に少し白髪、薄い縁の眼鏡、白シャツと深緑のカーディガン。科学コミュニケーター。）
◆【補足情報】服装: saeki_default
◆【コマ構成】テンプレ2: 右上 / 左上 / 下段
◆【作画】ジャンル: 教養漫画に最適化した統一スタイル / 作画スタイル: 落ち着いた日本のアニメ・マンガ調、清潔な線画、フルカラー / 色調: 白・淡い青・深緑・暖かい橙をバランスよく使う / 演出: 不安を煽らず、図解・ノート・ホワイトボードを活用する
◆【ストーリー】
1コマ目 (右上): 講座室。状況が伝わる引きの絵。 セリフ: なし ナレーション: ［四角枠］賛成か反対かだけにしない。 オノマトペ: なし
2コマ目 (左上): 三人が歴史を賛否でなく文脈として読む。 セリフ: 佐伯「歴史は判定ではなく、読み方を教えます。」 ナレーション: なし オノマトペ: なし
3コマ目 (下段): ノートや図解で要点を整理する。 セリフ: なし ナレーション: ［四角枠］主張・根拠・行動を分けて読む。 オノマトペ: なし","[{""panel_id"": 1, ""type"": ""narration"", ""speaker"": null, ""text"": ""賛成か反対かだけにしない。""}, {""panel_id"": 2, ""type"": ""dialogue"", ""speaker"": ""佐伯"", ""text"": ""歴史は判定ではなく、読み方を教えます。""}, {""panel_id"": 3, ""type"": ""narration"", ""speaker"": null, ""text"": ""主張・根拠・行動を分けて読む。""}]",saeki_default
22,テンプレ4,"◆【注意】【】で囲まれた語は感情や状況の指示であり、画像内に文字として描画しないでください
◆【絶対最優先】必ずフルカラーにしてください
◆【絶対最優先】必ず日本のアニメ・マンガ調のイラストで描いてください。実写風・フォトリアル風は禁止です。
◆【医療安全】ソマチッドを診断法・治療法として推奨しない。標準医療の中止や受診遅れを促さない。健康行動は専門家相談を前提に描く。
◆【出力サイズ】2:3
◆【補足情報】上下左右に50ピクセルの余白。吹き出しと文字枠は読みやすく、文字量を詰め込みすぎない。
◆【絶対最優先】キャラクター外見: 美奈は添付の美奈.pngと100%同一の外見で描画（35歳女性、肩につく黒髪、淡いブルーのブラウス、ネイビーのロングスカート。健康情報に不安と好奇心を持つ読者代表。）
◆【補足情報】服装: mina_casual
◆【コマ構成】テンプレ4: 上段 / 中段 / 下段
◆【作画】ジャンル: 教養漫画に最適化した統一スタイル / 作画スタイル: 落ち着いた日本のアニメ・マンガ調、清潔な線画、フルカラー / 色調: 白・淡い青・深緑・暖かい橙をバランスよく使う / 演出: 不安を煽らず、図解・ノート・ホワイトボードを活用する
◆【ストーリー】
1コマ目 (上段): まとめ図。状況が伝わる引きの絵。 セリフ: なし ナレーション: ［四角枠］歴史を分類して読む。 オノマトペ: なし
2コマ目 (中段): 発見者・装置・療法・公的評価を4分類する。 セリフ: 美奈「別々に置くと、急がなくてよくなる。」 ナレーション: なし オノマトペ: なし
3コマ目 (下段): ノートや図解で要点を整理する。 セリフ: なし ナレーション: ［四角枠］主張・根拠・行動を分けて読む。 オノマトペ: なし","[{""panel_id"": 1, ""type"": ""narration"", ""speaker"": null, ""text"": ""歴史を分類して読む。""}, {""panel_id"": 2, ""type"": ""dialogue"", ""speaker"": ""美奈"", ""text"": ""別々に置くと、急がなくてよくなる。""}, {""panel_id"": 3, ""type"": ""narration"", ""speaker"": null, ""text"": ""主張・根拠・行動を分けて読む。""}]",mina_casual
23,テンプレ6,"◆【注意】【】で囲まれた語は感情や状況の指示であり、画像内に文字として描画しないでください
◆【絶対最優先】必ずフルカラーにしてください
◆【絶対最優先】必ず日本のアニメ・マンガ調のイラストで描いてください。実写風・フォトリアル風は禁止です。
◆【医療安全】ソマチッドを診断法・治療法として推奨しない。標準医療の中止や受診遅れを促さない。健康行動は専門家相談を前提に描く。
◆【出力サイズ】2:3
◆【補足情報】上下左右に50ピクセルの余白。吹き出しと文字枠は読みやすく、文字量を詰め込みすぎない。
◆【絶対最優先】キャラクター外見: 佐伯は添付の佐伯.pngと100%同一の外見で描画（48歳男性、短い黒髪に少し白髪、薄い縁の眼鏡、白シャツと深緑のカーディガン。科学コミュニケーター。）
◆【補足情報】服装: saeki_default
◆【コマ構成】テンプレ6: 右上 / 左上 / 右下 / 左下
◆【作画】ジャンル: 教養漫画に最適化した統一スタイル / 作画スタイル: 落ち着いた日本のアニメ・マンガ調、清潔な線画、フルカラー / 色調: 白・淡い青・深緑・暖かい橙をバランスよく使う / 演出: 不安を煽らず、図解・ノート・ホワイトボードを活用する
◆【ストーリー】
1コマ目 (右上): 資料室出口。状況が伝わる引きの絵。 セリフ: なし ナレーション: ［四角枠］歴史の次は主張の地図。 オノマトペ: なし
2コマ目 (左上): 次巻の主張分類へ進む。 セリフ: 佐伯「次は、何が主張されてきたのかを地図にします。」 ナレーション: なし オノマトペ: なし
3コマ目 (右下): ノートや図解で要点を整理する。 セリフ: なし ナレーション: ［四角枠］主張・根拠・行動を分けて読む。 オノマトペ: なし","[{""panel_id"": 1, ""type"": ""narration"", ""speaker"": null, ""text"": ""歴史の次は主張の地図。""}, {""panel_id"": 2, ""type"": ""dialogue"", ""speaker"": ""佐伯"", ""text"": ""次は、何が主張されてきたのかを地図にします。""}, {""panel_id"": 3, ""type"": ""narration"", ""speaker"": null, ""text"": ""主張・根拠・行動を分けて読む。""}]",saeki_default
24,テンプレ5,"◆【注意】【】で囲まれた語は感情や状況の指示であり、画像内に文字として描画しないでください
◆【絶対最優先】必ずフルカラーにしてください
◆【絶対最優先】必ず日本のアニメ・マンガ調のイラストで描いてください。実写風・フォトリアル風は禁止です。
◆【医療安全】ソマチッドを診断法・治療法として推奨しない。標準医療の中止や受診遅れを促さない。健康行動は専門家相談を前提に描く。
◆【出力サイズ】2:3
◆【補足情報】上下左右に50ピクセルの余白。吹き出しと文字枠は読みやすく、文字量を詰め込みすぎない。
◆【絶対最優先】キャラクター外見: 佐伯は添付の佐伯.pngと100%同一の外見で描画（48歳男性、短い黒髪に少し白髪、薄い縁の眼鏡、白シャツと深緑のカーディガン。科学コミュニケーター。）
◆【補足情報】服装: saeki_default
◆【コマ構成】テンプレ5: 上段 / 中段 / 下段
◆【作画】ジャンル: 教養漫画に最適化した統一スタイル / 作画スタイル: 落ち着いた日本のアニメ・マンガ調、清潔な線画、フルカラー / 色調: 白・淡い青・深緑・暖かい橙をバランスよく使う / 演出: 不安を煽らず、図解・ノート・ホワイトボードを活用する
◆【ストーリー】
1コマ目 (上段): 古い資料室。状況が伝わる引きの絵。 セリフ: なし ナレーション: ［四角枠］魅力的な発見者像だけで判断しない。 オノマトペ: なし
2コマ目 (中段): 佐伯がガストン・ネサンに関する資料を開く。 三人は前の場面の気づきをノートに追加する。 セリフ: 佐伯「人物の物語と主張の検証を分けます。」 ナレーション: なし オノマトペ: なし
3コマ目 (下段): ノートや図解で要点を整理する。 セリフ: なし ナレーション: ［四角枠］主張・根拠・行動を分けて読む。 オノマトペ: なし","[{""panel_id"": 1, ""type"": ""narration"", ""speaker"": null, ""text"": ""魅力的な発見者像だけで判断しない。""}, {""panel_id"": 2, ""type"": ""dialogue"", ""speaker"": ""佐伯"", ""text"": ""人物の物語と主張の検証を分けます。""}, {""panel_id"": 3, ""type"": ""narration"", ""speaker"": null, ""text"": ""主張・根拠・行動を分けて読む。""}]",saeki_default
25,テンプレ3,"◆【注意】【】で囲まれた語は感情や状況の指示であり、画像内に文字として描画しないでください
◆【絶対最優先】必ずフルカラーにしてください
◆【絶対最優先】必ず日本のアニメ・マンガ調のイラストで描いてください。実写風・フォトリアル風は禁止です。
◆【医療安全】ソマチッドを診断法・治療法として推奨しない。標準医療の中止や受診遅れを促さない。健康行動は専門家相談を前提に描く。
◆【出力サイズ】2:3
◆【補足情報】上下左右に50ピクセルの余白。吹き出しと文字枠は読みやすく、文字量を詰め込みすぎない。
◆【絶対最優先】キャラクター外見: 陽斗は添付の陽斗.pngと100%同一の外見で描画（18歳男性、短めの黒髪、ライトグレーのパーカー、黒いパンツ。SNSや動画に詳しい若者。）
◆【補足情報】服装: haruto_casual
◆【コマ構成】テンプレ3: 上・小 / 下・大
◆【作画】ジャンル: 教養漫画に最適化した統一スタイル / 作画スタイル: 落ち着いた日本のアニメ・マンガ調、清潔な線画、フルカラー / 色調: 白・淡い青・深緑・暖かい橙をバランスよく使う / 演出: 不安を煽らず、図解・ノート・ホワイトボードを活用する
◆【ストーリー】
1コマ目 (上・小): 資料机の全景。陽斗が発見者ストーリーに惹かれる。 三人は前の場面の気づきをノートに追加する。 セリフ: なし ナレーション: ［四角枠］物語の力と根拠の強さは別。 オノマトペ: なし
2コマ目 (下・大): 陽斗の表情を大きく描く。 セリフ: 陽斗「ひとりの研究者が見つけたって、物語として強いね。」 ナレーション: なし オノマトペ: なし","[{""panel_id"": 1, ""type"": ""narration"", ""speaker"": null, ""text"": ""物語の力と根拠の強さは別。""}, {""panel_id"": 2, ""type"": ""dialogue"", ""speaker"": ""陽斗"", ""text"": ""ひとりの研究者が見つけたって、物語として強いね。""}]",haruto_casual
26,テンプレ3,"◆【注意】【】で囲まれた語は感情や状況の指示であり、画像内に文字として描画しないでください
◆【絶対最優先】必ずフルカラーにしてください
◆【絶対最優先】必ず日本のアニメ・マンガ調のイラストで描いてください。実写風・フォトリアル風は禁止です。
◆【医療安全】ソマチッドを診断法・治療法として推奨しない。標準医療の中止や受診遅れを促さない。健康行動は専門家相談を前提に描く。
◆【出力サイズ】2:3
◆【補足情報】上下左右に50ピクセルの余白。吹き出しと文字枠は読みやすく、文字量を詰め込みすぎない。
◆【絶対最優先】キャラクター外見: 美奈は添付の美奈.pngと100%同一の外見で描画（35歳女性、肩につく黒髪、淡いブルーのブラウス、ネイビーのロングスカート。健康情報に不安と好奇心を持つ読者代表。）
◆【補足情報】服装: mina_casual
◆【コマ構成】テンプレ3: 上・小 / 下・大
◆【作画】ジャンル: 教養漫画に最適化した統一スタイル / 作画スタイル: 落ち着いた日本のアニメ・マンガ調、清潔な線画、フルカラー / 色調: 白・淡い青・深緑・暖かい橙をバランスよく使う / 演出: 不安を煽らず、図解・ノート・ホワイトボードを活用する
◆【ストーリー】
1コマ目 (上・小): 年表ページの全景。三人が年表を作る。 三人は前の場面の気づきをノートに追加する。 セリフ: なし ナレーション: ［四角枠］混ざった情報を年表でほどく。 オノマトペ: なし
2コマ目 (下・大): 美奈の表情を大きく描く。 セリフ: 美奈「人生、支持者、批判を別の色にします。」 ナレーション: なし オノマトペ: なし","[{""panel_id"": 1, ""type"": ""narration"", ""speaker"": null, ""text"": ""混ざった情報を年表でほどく。""}, {""panel_id"": 2, ""type"": ""dialogue"", ""speaker"": ""美奈"", ""text"": ""人生、支持者、批判を別の色にします。""}]",mina_casual
27,テンプレ5,"◆【注意】【】で囲まれた語は感情や状況の指示であり、画像内に文字として描画しないでください
◆【絶対最優先】必ずフルカラーにしてください
◆【絶対最優先】必ず日本のアニメ・マンガ調のイラストで描いてください。実写風・フォトリアル風は禁止です。
◆【医療安全】ソマチッドを診断法・治療法として推奨しない。標準医療の中止や受診遅れを促さない。健康行動は専門家相談を前提に描く。
◆【出力サイズ】2:3
◆【補足情報】上下左右に50ピクセルの余白。吹き出しと文字枠は読みやすく、文字量を詰め込みすぎない。
◆【絶対最優先】キャラクター外見: 佐伯は添付の佐伯.pngと100%同一の外見で描画（48歳男性、短い黒髪に少し白髪、薄い縁の眼鏡、白シャツと深緑のカーディガン。科学コミュニケーター。）
◆【補足情報】服装: saeki_default
◆【コマ構成】テンプレ5: 上段 / 中段 / 下段
◆【作画】ジャンル: 教養漫画に最適化した統一スタイル / 作画スタイル: 落ち着いた日本のアニメ・マンガ調、清潔な線画、フルカラー / 色調: 白・淡い青・深緑・暖かい橙をバランスよく使う / 演出: 不安を煽らず、図解・ノート・ホワイトボードを活用する
◆【ストーリー】
1コマ目 (上段): 研究室イメージ。状況が伝わる引きの絵。 セリフ: なし ナレーション: ［四角枠］装置・倍率・光・試料を確認する。 オノマトペ: なし
2コマ目 (中段): ソマトスコープの説明を聞く。 三人は前の場面の気づきをノートに追加する。 セリフ: 佐伯「特殊な装置ほど、再現条件が重要です。」 ナレーション: なし オノマトペ: なし
3コマ目 (下段): ノートや図解で要点を整理する。 セリフ: なし ナレーション: ［四角枠］主張・根拠・行動を分けて読む。 オノマトペ: なし","[{""panel_id"": 1, ""type"": ""narration"", ""speaker"": null, ""text"": ""装置・倍率・光・試料を確認する。""}, {""panel_id"": 2, ""type"": ""dialogue"", ""speaker"": ""佐伯"", ""text"": ""特殊な装置ほど、再現条件が重要です。""}, {""panel_id"": 3, ""type"": ""narration"", ""speaker"": null, ""text"": ""主張・根拠・行動を分けて読む。""}]",saeki_default
28,テンプレ2,"◆【注意】【】で囲まれた語は感情や状況の指示であり、画像内に文字として描画しないでください
◆【絶対最優先】必ずフルカラーにしてください
◆【絶対最優先】必ず日本のアニメ・マンガ調のイラストで描いてください。実写風・フォトリアル風は禁止です。
◆【医療安全】ソマチッドを診断法・治療法として推奨しない。標準医療の中止や受診遅れを促さない。健康行動は専門家相談を前提に描く。
◆【出力サイズ】2:3
◆【補足情報】上下左右に50ピクセルの余白。吹き出しと文字枠は読みやすく、文字量を詰め込みすぎない。
◆【絶対最優先】キャラクター外見: 美奈は添付の美奈.pngと100%同一の外見で描画（35歳女性、肩につく黒髪、淡いブルーのブラウス、ネイビーのロングスカート。健康情報に不安と好奇心を持つ読者代表。）
◆【補足情報】服装: mina_casual
◆【コマ構成】テンプレ2: 右上 / 左上 / 下段
◆【作画】ジャンル: 教養漫画に最適化した統一スタイル / 作画スタイル: 落ち着いた日本のアニメ・マンガ調、清潔な線画、フルカラー / 色調: 白・淡い青・深緑・暖かい橙をバランスよく使う / 演出: 不安を煽らず、図解・ノート・ホワイトボードを活用する
◆【ストーリー】
1コマ目 (右上): 顕微鏡台。状況が伝わる引きの絵。 セリフ: なし ナレーション: ［四角枠］特殊さは検証の難しさでもある。 オノマトペ: なし
2コマ目 (左上): 美奈が特殊装置への期待を口にする。 三人は前の場面の気づきをノートに追加する。 セリフ: 美奈「特殊だからこそ本物に見えてしまいます。」 ナレーション: なし オノマトペ: なし
3コマ目 (下段): ノートや図解で要点を整理する。 セリフ: なし ナレーション: ［四角枠］主張・根拠・行動を分けて読む。 オノマトペ: なし","[{""panel_id"": 1, ""type"": ""narration"", ""speaker"": null, ""text"": ""特殊さは検証の難しさでもある。""}, {""panel_id"": 2, ""type"": ""dialogue"", ""speaker"": ""美奈"", ""text"": ""特殊だからこそ本物に見えてしまいます。""}, {""panel_id"": 3, ""type"": ""narration"", ""speaker"": null, ""text"": ""主張・根拠・行動を分けて読む。""}]",mina_casual
29,テンプレ4,"◆【注意】【】で囲まれた語は感情や状況の指示であり、画像内に文字として描画しないでください
◆【絶対最優先】必ずフルカラーにしてください
◆【絶対最優先】必ず日本のアニメ・マンガ調のイラストで描いてください。実写風・フォトリアル風は禁止です。
◆【医療安全】ソマチッドを診断法・治療法として推奨しない。標準医療の中止や受診遅れを促さない。健康行動は専門家相談を前提に描く。
◆【出力サイズ】2:3
◆【補足情報】上下左右に50ピクセルの余白。吹き出しと文字枠は読みやすく、文字量を詰め込みすぎない。
◆【絶対最優先】キャラクター外見: 佐伯は添付の佐伯.pngと100%同一の外見で描画（48歳男性、短い黒髪に少し白髪、薄い縁の眼鏡、白シャツと深緑のカーディガン。科学コミュニケーター。）
◆【補足情報】服装: saeki_default
◆【コマ構成】テンプレ4: 上段 / 中段 / 下段
◆【作画】ジャンル: 教養漫画に最適化した統一スタイル / 作画スタイル: 落ち着いた日本のアニメ・マンガ調、清潔な線画、フルカラー / 色調: 白・淡い青・深緑・暖かい橙をバランスよく使う / 演出: 不安を煽らず、図解・ノート・ホワイトボードを活用する
◆【ストーリー】
1コマ目 (上段): ホワイトボード。状況が伝わる引きの絵。 セリフ: なし ナレーション: ［四角枠］同じ条件で他者が確認できるか。 オノマトペ: なし
2コマ目 (中段): 観察条件の違いを並べる。 三人は前の場面の気づきをノートに追加する。 セリフ: 佐伯「条件が変われば、見え方も変わります。」 ナレーション: なし オノマトペ: なし
3コマ目 (下段): ノートや図解で要点を整理する。 セリフ: なし ナレーション: ［四角枠］主張・根拠・行動を分けて読む。 オノマトペ: なし","[{""panel_id"": 1, ""type"": ""narration"", ""speaker"": null, ""text"": ""同じ条件で他者が確認できるか。""}, {""panel_id"": 2, ""type"": ""dialogue"", ""speaker"": ""佐伯"", ""text"": ""条件が変われば、見え方も変わります。""}, {""panel_id"": 3, ""type"": ""narration"", ""speaker"": null, ""text"": ""主張・根拠・行動を分けて読む。""}]",saeki_default
30,テンプレ6,"◆【注意】【】で囲まれた語は感情や状況の指示であり、画像内に文字として描画しないでください
◆【絶対最優先】必ずフルカラーにしてください
◆【絶対最優先】必ず日本のアニメ・マンガ調のイラストで描いてください。実写風・フォトリアル風は禁止です。
◆【医療安全】ソマチッドを診断法・治療法として推奨しない。標準医療の中止や受診遅れを促さない。健康行動は専門家相談を前提に描く。
◆【出力サイズ】2:3
◆【補足情報】上下左右に50ピクセルの余白。吹き出しと文字枠は読みやすく、文字量を詰め込みすぎない。
◆【絶対最優先】キャラクター外見: 陽斗は添付の陽斗.pngと100%同一の外見で描画（18歳男性、短めの黒髪、ライトグレーのパーカー、黒いパンツ。SNSや動画に詳しい若者。）
◆【補足情報】服装: haruto_casual
◆【コマ構成】テンプレ6: 右上 / 左上 / 右下 / 左下
◆【作画】ジャンル: 教養漫画に最適化した統一スタイル / 作画スタイル: 落ち着いた日本のアニメ・マンガ調、清潔な線画、フルカラー / 色調: 白・淡い青・深緑・暖かい橙をバランスよく使う / 演出: 不安を煽らず、図解・ノート・ホワイトボードを活用する
◆【ストーリー】
1コマ目 (右上): 動画比較。状況が伝わる引きの絵。 セリフ: なし ナレーション: ［四角枠］映像は条件つきで読む。 オノマトペ: なし
2コマ目 (左上): 陽斗が別々の映像を比較する。 三人は前の場面の気づきをノートに追加する。 セリフ: 陽斗「似てるけど、撮り方が全部違う。」 ナレーション: なし オノマトペ: なし
3コマ目 (右下): ノートや図解で要点を整理する。 セリフ: なし ナレーション: ［四角枠］主張・根拠・行動を分けて読む。 オノマトペ: なし","[{""panel_id"": 1, ""type"": ""narration"", ""speaker"": null, ""text"": ""映像は条件つきで読む。""}, {""panel_id"": 2, ""type"": ""dialogue"", ""speaker"": ""陽斗"", ""text"": ""似てるけど、撮り方が全部違う。""}, {""panel_id"": 3, ""type"": ""narration"", ""speaker"": null, ""text"": ""主張・根拠・行動を分けて読む。""}]",haruto_casual
31,テンプレ5,"◆【注意】【】で囲まれた語は感情や状況の指示であり、画像内に文字として描画しないでください
◆【絶対最優先】必ずフルカラーにしてください
◆【絶対最優先】必ず日本のアニメ・マンガ調のイラストで描いてください。実写風・フォトリアル風は禁止です。
◆【医療安全】ソマチッドを診断法・治療法として推奨しない。標準医療の中止や受診遅れを促さない。健康行動は専門家相談を前提に描く。
◆【出力サイズ】2:3
◆【補足情報】上下左右に50ピクセルの余白。吹き出しと文字枠は読みやすく、文字量を詰め込みすぎない。
◆【絶対最優先】キャラクター外見: 佐伯は添付の佐伯.pngと100%同一の外見で描画（48歳男性、短い黒髪に少し白髪、薄い縁の眼鏡、白シャツと深緑のカーディガン。科学コミュニケーター。）
◆【補足情報】服装: saeki_default
◆【コマ構成】テンプレ5: 上段 / 中段 / 下段
◆【作画】ジャンル: 教養漫画に最適化した統一スタイル / 作画スタイル: 落ち着いた日本のアニメ・マンガ調、清潔な線画、フルカラー / 色調: 白・淡い青・深緑・暖かい橙をバランスよく使う / 演出: 不安を煽らず、図解・ノート・ホワイトボードを活用する
◆【ストーリー】
1コマ目 (上段): 資料室。状況が伝わる引きの絵。 セリフ: なし ナレーション: ［四角枠］断定と行動誘導に注意する。 オノマトペ: なし
2コマ目 (中段): 714-Xの話題に入る前に佐伯が注意を置く。 三人は前の場面の気づきをノートに追加する。 セリフ: 佐伯「ここからは医療判断に近い話です。」 ナレーション: なし オノマトペ: なし
3コマ目 (下段): ノートや図解で要点を整理する。 セリフ: なし ナレーション: ［四角枠］主張・根拠・行動を分けて読む。 オノマトペ: なし","[{""panel_id"": 1, ""type"": ""narration"", ""speaker"": null, ""text"": ""断定と行動誘導に注意する。""}, {""panel_id"": 2, ""type"": ""dialogue"", ""speaker"": ""佐伯"", ""text"": ""ここからは医療判断に近い話です。""}, {""panel_id"": 3, ""type"": ""narration"", ""speaker"": null, ""text"": ""主張・根拠・行動を分けて読む。""}]",saeki_default
32,テンプレ3,"◆【注意】【】で囲まれた語は感情や状況の指示であり、画像内に文字として描画しないでください
◆【絶対最優先】必ずフルカラーにしてください
◆【絶対最優先】必ず日本のアニメ・マンガ調のイラストで描いてください。実写風・フォトリアル風は禁止です。
◆【医療安全】ソマチッドを診断法・治療法として推奨しない。標準医療の中止や受診遅れを促さない。健康行動は専門家相談を前提に描く。
◆【出力サイズ】2:3
◆【補足情報】上下左右に50ピクセルの余白。吹き出しと文字枠は読みやすく、文字量を詰め込みすぎない。
◆【絶対最優先】キャラクター外見: 美奈は添付の美奈.pngと100%同一の外見で描画（35歳女性、肩につく黒髪、淡いブルーのブラウス、ネイビーのロングスカート。健康情報に不安と好奇心を持つ読者代表。） / 佐伯は添付の佐伯.pngと100%同一の外見で描画（48歳男性、短い黒髪に少し白髪、薄い縁の眼鏡、白シャツと深緑のカーディガン。科学コミュニケーター。）
◆【補足情報】服装: mina_casual
◆【コマ構成】テンプレ3: 上・小 / 下・大
◆【作画】ジャンル: 教養漫画に最適化した統一スタイル / 作画スタイル: 落ち着いた日本のアニメ・マンガ調、清潔な線画、フルカラー / 色調: 白・淡い青・深緑・暖かい橙をバランスよく使う / 演出: 不安を煽らず、図解・ノート・ホワイトボードを活用する
◆【ストーリー】
1コマ目 (上・小): 講座室の全景。美奈ががんや治療の言葉に緊張する。 三人は前の場面の気づきをノートに追加する。 セリフ: なし ナレーション: ［四角枠］怖さが判断を急がせる。 オノマトペ: なし
2コマ目 (下・大): 美奈の表情を大きく描く。 セリフ: 美奈「この言葉が出ると、急に怖くなります。」 ナレーション: なし オノマトペ: なし","[{""panel_id"": 1, ""type"": ""narration"", ""speaker"": null, ""text"": ""怖さが判断を急がせる。""}, {""panel_id"": 2, ""type"": ""dialogue"", ""speaker"": ""美奈"", ""text"": ""この言葉が出ると、急に怖くなります。""}]",mina_casual
33,テンプレ3,"◆【注意】【】で囲まれた語は感情や状況の指示であり、画像内に文字として描画しないでください
◆【絶対最優先】必ずフルカラーにしてください
◆【絶対最優先】必ず日本のアニメ・マンガ調のイラストで描いてください。実写風・フォトリアル風は禁止です。
◆【医療安全】ソマチッドを診断法・治療法として推奨しない。標準医療の中止や受診遅れを促さない。健康行動は専門家相談を前提に描く。
◆【出力サイズ】2:3
◆【補足情報】上下左右に50ピクセルの余白。吹き出しと文字枠は読みやすく、文字量を詰め込みすぎない。
◆【絶対最優先】キャラクター外見: 佐伯は添付の佐伯.pngと100%同一の外見で描画（48歳男性、短い黒髪に少し白髪、薄い縁の眼鏡、白シャツと深緑のカーディガン。科学コミュニケーター。）
◆【補足情報】服装: saeki_default
◆【コマ構成】テンプレ3: 上・小 / 下・大
◆【作画】ジャンル: 教養漫画に最適化した統一スタイル / 作画スタイル: 落ち着いた日本のアニメ・マンガ調、清潔な線画、フルカラー / 色調: 白・淡い青・深緑・暖かい橙をバランスよく使う / 演出: 不安を煽らず、図解・ノート・ホワイトボードを活用する
◆【ストーリー】
1コマ目 (上・小): 講座室の全景。佐伯が標準医療を中止しない原則を伝える。 三人は前の場面の気づきをノートに追加する。 セリフ: なし ナレーション: ［四角枠］相談先は医師などの専門家。 オノマトペ: なし
2コマ目 (下・大): 佐伯の表情を大きく描く。 セリフ: 佐伯「未確立な理論で受診を遅らせないでください。」 ナレーション: なし オノマトペ: なし","[{""panel_id"": 1, ""type"": ""narration"", ""speaker"": null, ""text"": ""相談先は医師などの専門家。""}, {""panel_id"": 2, ""type"": ""dialogue"", ""speaker"": ""佐伯"", ""text"": ""未確立な理論で受診を遅らせないでください。""}]",saeki_default
34,テンプレ5,"◆【注意】【】で囲まれた語は感情や状況の指示であり、画像内に文字として描画しないでください
◆【絶対最優先】必ずフルカラーにしてください
◆【絶対最優先】必ず日本のアニメ・マンガ調のイラストで描いてください。実写風・フォトリアル風は禁止です。
◆【医療安全】ソマチッドを診断法・治療法として推奨しない。標準医療の中止や受診遅れを促さない。健康行動は専門家相談を前提に描く。
◆【出力サイズ】2:3
◆【補足情報】上下左右に50ピクセルの余白。吹き出しと文字枠は読みやすく、文字量を詰め込みすぎない。
◆【絶対最優先】キャラクター外見: 佐伯は添付の佐伯.pngと100%同一の外見で描画（48歳男性、短い黒髪に少し白髪、薄い縁の眼鏡、白シャツと深緑のカーディガン。科学コミュニケーター。）
◆【補足情報】服装: saeki_default
◆【コマ構成】テンプレ5: 上段 / 中段 / 下段
◆【作画】ジャンル: 教養漫画に最適化した統一スタイル / 作画スタイル: 落ち着いた日本のアニメ・マンガ調、清潔な線画、フルカラー / 色調: 白・淡い青・深緑・暖かい橙をバランスよく使う / 演出: 不安を煽らず、図解・ノート・ホワイトボードを活用する
◆【ストーリー】
1コマ目 (上段): 公的情報ページ。状況が伝わる引きの絵。 セリフ: なし ナレーション: ［四角枠］低い温度は断定を避けるため。 オノマトペ: なし
2コマ目 (中段): 公的機関の情報を見る。 三人は前の場面の気づきをノートに追加する。 セリフ: 佐伯「公的情報は熱が低く見えても重要です。」 ナレーション: なし オノマトペ: なし
3コマ目 (下段): ノートや図解で要点を整理する。 セリフ: なし ナレーション: ［四角枠］主張・根拠・行動を分けて読む。 オノマトペ: なし","[{""panel_id"": 1, ""type"": ""narration"", ""speaker"": null, ""text"": ""低い温度は断定を避けるため。""}, {""panel_id"": 2, ""type"": ""dialogue"", ""speaker"": ""佐伯"", ""text"": ""公的情報は熱が低く見えても重要です。""}, {""panel_id"": 3, ""type"": ""narration"", ""speaker"": null, ""text"": ""主張・根拠・行動を分けて読む。""}]",saeki_default
35,テンプレ2,"◆【注意】【】で囲まれた語は感情や状況の指示であり、画像内に文字として描画しないでください
◆【絶対最優先】必ずフルカラーにしてください
◆【絶対最優先】必ず日本のアニメ・マンガ調のイラストで描いてください。実写風・フォトリアル風は禁止です。
◆【医療安全】ソマチッドを診断法・治療法として推奨しない。標準医療の中止や受診遅れを促さない。健康行動は専門家相談を前提に描く。
◆【出力サイズ】2:3
◆【補足情報】上下左右に50ピクセルの余白。吹き出しと文字枠は読みやすく、文字量を詰め込みすぎない。
◆【絶対最優先】キャラクター外見: 陽斗は添付の陽斗.pngと100%同一の外見で描画（18歳男性、短めの黒髪、ライトグレーのパーカー、黒いパンツ。SNSや動画に詳しい若者。） / 佐伯は添付の佐伯.pngと100%同一の外見で描画（48歳男性、短い黒髪に少し白髪、薄い縁の眼鏡、白シャツと深緑のカーディガン。科学コミュニケーター。）
◆【補足情報】服装: haruto_casual
◆【コマ構成】テンプレ2: 右上 / 左上 / 下段
◆【作画】ジャンル: 教養漫画に最適化した統一スタイル / 作画スタイル: 落ち着いた日本のアニメ・マンガ調、清潔な線画、フルカラー / 色調: 白・淡い青・深緑・暖かい橙をバランスよく使う / 演出: 不安を煽らず、図解・ノート・ホワイトボードを活用する
◆【ストーリー】
1コマ目 (右上): 図書館。状況が伝わる引きの絵。 セリフ: なし ナレーション: ［四角枠］希望は尊重し、根拠は別に見る。 オノマトペ: なし
2コマ目 (左上): 陽斗が希望を持つ人の気持ちを問う。 三人は前の場面の気づきをノートに追加する。 セリフ: 陽斗「希望を持った人の気持ちはどう扱うの？」 ナレーション: なし オノマトペ: なし
3コマ目 (下段): ノートや図解で要点を整理する。 セリフ: なし ナレーション: ［四角枠］主張・根拠・行動を分けて読む。 オノマトペ: なし","[{""panel_id"": 1, ""type"": ""narration"", ""speaker"": null, ""text"": ""希望は尊重し、根拠は別に見る。""}, {""panel_id"": 2, ""type"": ""dialogue"", ""speaker"": ""陽斗"", ""text"": ""希望を持った人の気持ちはどう扱うの？""}, {""panel_id"": 3, ""type"": ""narration"", ""speaker"": null, ""text"": ""主張・根拠・行動を分けて読む。""}]",haruto_casual
36,テンプレ4,"◆【注意】【】で囲まれた語は感情や状況の指示であり、画像内に文字として描画しないでください
◆【絶対最優先】必ずフルカラーにしてください
◆【絶対最優先】必ず日本のアニメ・マンガ調のイラストで描いてください。実写風・フォトリアル風は禁止です。
◆【医療安全】ソマチッドを診断法・治療法として推奨しない。標準医療の中止や受診遅れを促さない。健康行動は専門家相談を前提に描く。
◆【出力サイズ】2:3
◆【補足情報】上下左右に50ピクセルの余白。吹き出しと文字枠は読みやすく、文字量を詰め込みすぎない。
◆【絶対最優先】キャラクター外見: 美奈は添付の美奈.pngと100%同一の外見で描画（35歳女性、肩につく黒髪、淡いブルーのブラウス、ネイビーのロングスカート。健康情報に不安と好奇心を持つ読者代表。）
◆【補足情報】服装: mina_casual
◆【コマ構成】テンプレ4: 上段 / 中段 / 下段
◆【作画】ジャンル: 教養漫画に最適化した統一スタイル / 作画スタイル: 落ち着いた日本のアニメ・マンガ調、清潔な線画、フルカラー / 色調: 白・淡い青・深緑・暖かい橙をバランスよく使う / 演出: 不安を煽らず、図解・ノート・ホワイトボードを活用する
◆【ストーリー】
1コマ目 (上段): 相談机。状況が伝わる引きの絵。 セリフ: なし ナレーション: ［四角枠］人への共感と主張の検証を分ける。 オノマトペ: なし
2コマ目 (中段): 美奈が体験談に心を動かされる。 三人は前の場面の気づきをノートに追加する。 セリフ: 美奈「信じた人を否定したいわけじゃない。」 ナレーション: なし オノマトペ: なし
3コマ目 (下段): ノートや図解で要点を整理する。 セリフ: なし ナレーション: ［四角枠］主張・根拠・行動を分けて読む。 オノマトペ: なし","[{""panel_id"": 1, ""type"": ""narration"", ""speaker"": null, ""text"": ""人への共感と主張の検証を分ける。""}, {""panel_id"": 2, ""type"": ""dialogue"", ""speaker"": ""美奈"", ""text"": ""信じた人を否定したいわけじゃない。""}, {""panel_id"": 3, ""type"": ""narration"", ""speaker"": null, ""text"": ""主張・根拠・行動を分けて読む。""}]",mina_casual
37,テンプレ6,"◆【注意】【】で囲まれた語は感情や状況の指示であり、画像内に文字として描画しないでください
◆【絶対最優先】必ずフルカラーにしてください
◆【絶対最優先】必ず日本のアニメ・マンガ調のイラストで描いてください。実写風・フォトリアル風は禁止です。
◆【医療安全】ソマチッドを診断法・治療法として推奨しない。標準医療の中止や受診遅れを促さない。健康行動は専門家相談を前提に描く。
◆【出力サイズ】2:3
◆【補足情報】上下左右に50ピクセルの余白。吹き出しと文字枠は読みやすく、文字量を詰め込みすぎない。
◆【絶対最優先】キャラクター外見: 佐伯は添付の佐伯.pngと100%同一の外見で描画（48歳男性、短い黒髪に少し白髪、薄い縁の眼鏡、白シャツと深緑のカーディガン。科学コミュニケーター。）
◆【補足情報】服装: saeki_default
◆【コマ構成】テンプレ6: 右上 / 左上 / 右下 / 左下
◆【作画】ジャンル: 教養漫画に最適化した統一スタイル / 作画スタイル: 落ち着いた日本のアニメ・マンガ調、清潔な線画、フルカラー / 色調: 白・淡い青・深緑・暖かい橙をバランスよく使う / 演出: 不安を煽らず、図解・ノート・ホワイトボードを活用する
◆【ストーリー】
1コマ目 (右上): ホワイトボード。状況が伝わる引きの絵。 セリフ: なし ナレーション: ［四角枠］権威の抵抗か、根拠不足か。 オノマトペ: なし
2コマ目 (左上): 迫害された発見者という物語を整理する。 三人は前の場面の気づきをノートに追加する。 セリフ: 佐伯「認められない理由を一つに決めない。」 ナレーション: なし オノマトペ: なし
3コマ目 (右下): ノートや図解で要点を整理する。 セリフ: なし ナレーション: ［四角枠］主張・根拠・行動を分けて読む。 オノマトペ: なし","[{""panel_id"": 1, ""type"": ""narration"", ""speaker"": null, ""text"": ""権威の抵抗か、根拠不足か。""}, {""panel_id"": 2, ""type"": ""dialogue"", ""speaker"": ""佐伯"", ""text"": ""認められない理由を一つに決めない。""}, {""panel_id"": 3, ""type"": ""narration"", ""speaker"": null, ""text"": ""主張・根拠・行動を分けて読む。""}]",saeki_default
38,テンプレ5,"◆【注意】【】で囲まれた語は感情や状況の指示であり、画像内に文字として描画しないでください
◆【絶対最優先】必ずフルカラーにしてください
◆【絶対最優先】必ず日本のアニメ・マンガ調のイラストで描いてください。実写風・フォトリアル風は禁止です。
◆【医療安全】ソマチッドを診断法・治療法として推奨しない。標準医療の中止や受診遅れを促さない。健康行動は専門家相談を前提に描く。
◆【出力サイズ】2:3
◆【補足情報】上下左右に50ピクセルの余白。吹き出しと文字枠は読みやすく、文字量を詰め込みすぎない。
◆【絶対最優先】キャラクター外見: 美奈は添付の美奈.pngと100%同一の外見で描画（35歳女性、肩につく黒髪、淡いブルーのブラウス、ネイビーのロングスカート。健康情報に不安と好奇心を持つ読者代表。）
◆【補足情報】服装: mina_casual
◆【コマ構成】テンプレ5: 上段 / 中段 / 下段
◆【作画】ジャンル: 教養漫画に最適化した統一スタイル / 作画スタイル: 落ち着いた日本のアニメ・マンガ調、清潔な線画、フルカラー / 色調: 白・淡い青・深緑・暖かい橙をバランスよく使う / 演出: 不安を煽らず、図解・ノート・ホワイトボードを活用する
◆【ストーリー】
1コマ目 (上段): 資料カード。状況が伝わる引きの絵。 セリフ: なし ナレーション: ［四角枠］文脈を分けると熱が下がる。 オノマトペ: なし
2コマ目 (中段): 支持者の語りと批判者の論点をカード化する。 三人は前の場面の気づきをノートに追加する。 セリフ: 美奈「同じ話でも、置く場所で見え方が変わる。」 ナレーション: なし オノマトペ: なし
3コマ目 (下段): ノートや図解で要点を整理する。 セリフ: なし ナレーション: ［四角枠］主張・根拠・行動を分けて読む。 オノマトペ: なし","[{""panel_id"": 1, ""type"": ""narration"", ""speaker"": null, ""text"": ""文脈を分けると熱が下がる。""}, {""panel_id"": 2, ""type"": ""dialogue"", ""speaker"": ""美奈"", ""text"": ""同じ話でも、置く場所で見え方が変わる。""}, {""panel_id"": 3, ""type"": ""narration"", ""speaker"": null, ""text"": ""主張・根拠・行動を分けて読む。""}]",mina_casual
39,テンプレ3,"◆【注意】【】で囲まれた語は感情や状況の指示であり、画像内に文字として描画しないでください
◆【絶対最優先】必ずフルカラーにしてください
◆【絶対最優先】必ず日本のアニメ・マンガ調のイラストで描いてください。実写風・フォトリアル風は禁止です。
◆【医療安全】ソマチッドを診断法・治療法として推奨しない。標準医療の中止や受診遅れを促さない。健康行動は専門家相談を前提に描く。
◆【出力サイズ】2:3
◆【補足情報】上下左右に50ピクセルの余白。吹き出しと文字枠は読みやすく、文字量を詰め込みすぎない。
◆【絶対最優先】キャラクター外見: 陽斗は添付の陽斗.pngと100%同一の外見で描画（18歳男性、短めの黒髪、ライトグレーのパーカー、黒いパンツ。SNSや動画に詳しい若者。）
◆【補足情報】服装: haruto_casual
◆【コマ構成】テンプレ3: 上・小 / 下・大
◆【作画】ジャンル: 教養漫画に最適化した統一スタイル / 作画スタイル: 落ち着いた日本のアニメ・マンガ調、清潔な線画、フルカラー / 色調: 白・淡い青・深緑・暖かい橙をバランスよく使う / 演出: 不安を煽らず、図解・ノート・ホワイトボードを活用する
◆【ストーリー】
1コマ目 (上・小): 窓際の全景。陽斗が陰謀論的な展開への警戒を覚える。 三人は前の場面の気づきをノートに追加する。 セリフ: なし ナレーション: ［四角枠］敵の物語より検証の道筋を見る。 オノマトペ: なし
2コマ目 (下・大): 陽斗の表情を大きく描く。 セリフ: 陽斗「敵がいる話は、すごく拡散しやすい。」 ナレーション: なし オノマトペ: なし","[{""panel_id"": 1, ""type"": ""narration"", ""speaker"": null, ""text"": ""敵の物語より検証の道筋を見る。""}, {""panel_id"": 2, ""type"": ""dialogue"", ""speaker"": ""陽斗"", ""text"": ""敵がいる話は、すごく拡散しやすい。""}]",haruto_casual
40,テンプレ3,"◆【注意】【】で囲まれた語は感情や状況の指示であり、画像内に文字として描画しないでください
◆【絶対最優先】必ずフルカラーにしてください
◆【絶対最優先】必ず日本のアニメ・マンガ調のイラストで描いてください。実写風・フォトリアル風は禁止です。
◆【医療安全】ソマチッドを診断法・治療法として推奨しない。標準医療の中止や受診遅れを促さない。健康行動は専門家相談を前提に描く。
◆【出力サイズ】2:3
◆【補足情報】上下左右に50ピクセルの余白。吹き出しと文字枠は読みやすく、文字量を詰め込みすぎない。
◆【絶対最優先】キャラクター外見: 佐伯は添付の佐伯.pngと100%同一の外見で描画（48歳男性、短い黒髪に少し白髪、薄い縁の眼鏡、白シャツと深緑のカーディガン。科学コミュニケーター。）
◆【補足情報】服装: saeki_default
◆【コマ構成】テンプレ3: 上・小 / 下・大
◆【作画】ジャンル: 教養漫画に最適化した統一スタイル / 作画スタイル: 落ち着いた日本のアニメ・マンガ調、清潔な線画、フルカラー / 色調: 白・淡い青・深緑・暖かい橙をバランスよく使う / 演出: 不安を煽らず、図解・ノート・ホワイトボードを活用する
◆【ストーリー】
1コマ目 (上・小): 講座室の全景。三人が歴史を賛否でなく文脈として読む。 三人は前の場面の気づきをノートに追加する。 セリフ: なし ナレーション: ［四角枠］賛成か反対かだけにしない。 オノマトペ: なし
2コマ目 (下・大): 佐伯の表情を大きく描く。 セリフ: 佐伯「歴史は判定ではなく、読み方を教えます。」 ナレーション: なし オノマトペ: なし","[{""panel_id"": 1, ""type"": ""narration"", ""speaker"": null, ""text"": ""賛成か反対かだけにしない。""}, {""panel_id"": 2, ""type"": ""dialogue"", ""speaker"": ""佐伯"", ""text"": ""歴史は判定ではなく、読み方を教えます。""}]",saeki_default
41,テンプレ5,"◆【注意】【】で囲まれた語は感情や状況の指示であり、画像内に文字として描画しないでください
◆【絶対最優先】必ずフルカラーにしてください
◆【絶対最優先】必ず日本のアニメ・マンガ調のイラストで描いてください。実写風・フォトリアル風は禁止です。
◆【医療安全】ソマチッドを診断法・治療法として推奨しない。標準医療の中止や受診遅れを促さない。健康行動は専門家相談を前提に描く。
◆【出力サイズ】2:3
◆【補足情報】上下左右に50ピクセルの余白。吹き出しと文字枠は読みやすく、文字量を詰め込みすぎない。
◆【絶対最優先】キャラクター外見: 美奈は添付の美奈.pngと100%同一の外見で描画（35歳女性、肩につく黒髪、淡いブルーのブラウス、ネイビーのロングスカート。健康情報に不安と好奇心を持つ読者代表。）
◆【補足情報】服装: mina_casual
◆【コマ構成】テンプレ5: 上段 / 中段 / 下段
◆【作画】ジャンル: 教養漫画に最適化した統一スタイル / 作画スタイル: 落ち着いた日本のアニメ・マンガ調、清潔な線画、フルカラー / 色調: 白・淡い青・深緑・暖かい橙をバランスよく使う / 演出: 不安を煽らず、図解・ノート・ホワイトボードを活用する
◆【ストーリー】
1コマ目 (上段): まとめ図。状況が伝わる引きの絵。 セリフ: なし ナレーション: ［四角枠］歴史を分類して読む。 オノマトペ: なし
2コマ目 (中段): 発見者・装置・療法・公的評価を4分類する。 三人は前の場面の気づきをノートに追加する。 セリフ: 美奈「別々に置くと、急がなくてよくなる。」 ナレーション: なし オノマトペ: なし
3コマ目 (下段): ノートや図解で要点を整理する。 セリフ: なし ナレーション: ［四角枠］主張・根拠・行動を分けて読む。 オノマトペ: なし","[{""panel_id"": 1, ""type"": ""narration"", ""speaker"": null, ""text"": ""歴史を分類して読む。""}, {""panel_id"": 2, ""type"": ""dialogue"", ""speaker"": ""美奈"", ""text"": ""別々に置くと、急がなくてよくなる。""}, {""panel_id"": 3, ""type"": ""narration"", ""speaker"": null, ""text"": ""主張・根拠・行動を分けて読む。""}]",mina_casual
42,テンプレ2,"◆【注意】【】で囲まれた語は感情や状況の指示であり、画像内に文字として描画しないでください
◆【絶対最優先】必ずフルカラーにしてください
◆【絶対最優先】必ず日本のアニメ・マンガ調のイラストで描いてください。実写風・フォトリアル風は禁止です。
◆【医療安全】ソマチッドを診断法・治療法として推奨しない。標準医療の中止や受診遅れを促さない。健康行動は専門家相談を前提に描く。
◆【出力サイズ】2:3
◆【補足情報】上下左右に50ピクセルの余白。吹き出しと文字枠は読みやすく、文字量を詰め込みすぎない。
◆【絶対最優先】キャラクター外見: 佐伯は添付の佐伯.pngと100%同一の外見で描画（48歳男性、短い黒髪に少し白髪、薄い縁の眼鏡、白シャツと深緑のカーディガン。科学コミュニケーター。）
◆【補足情報】服装: saeki_default
◆【コマ構成】テンプレ2: 右上 / 左上 / 下段
◆【作画】ジャンル: 教養漫画に最適化した統一スタイル / 作画スタイル: 落ち着いた日本のアニメ・マンガ調、清潔な線画、フルカラー / 色調: 白・淡い青・深緑・暖かい橙をバランスよく使う / 演出: 不安を煽らず、図解・ノート・ホワイトボードを活用する
◆【ストーリー】
1コマ目 (右上): 資料室出口。状況が伝わる引きの絵。 セリフ: なし ナレーション: ［四角枠］歴史の次は主張の地図。 オノマトペ: なし
2コマ目 (左上): 次巻の主張分類へ進む。 三人は前の場面の気づきをノートに追加する。 セリフ: 佐伯「次は、何が主張されてきたのかを地図にします。」 ナレーション: なし オノマトペ: なし
3コマ目 (下段): ノートや図解で要点を整理する。 セリフ: なし ナレーション: ［四角枠］主張・根拠・行動を分けて読む。 オノマトペ: なし","[{""panel_id"": 1, ""type"": ""narration"", ""speaker"": null, ""text"": ""歴史の次は主張の地図。""}, {""panel_id"": 2, ""type"": ""dialogue"", ""speaker"": ""佐伯"", ""text"": ""次は、何が主張されてきたのかを地図にします。""}, {""panel_id"": 3, ""type"": ""narration"", ""speaker"": null, ""text"": ""主張・根拠・行動を分けて読む。""}]",saeki_default
43,テンプレ4,"◆【注意】【】で囲まれた語は感情や状況の指示であり、画像内に文字として描画しないでください
◆【絶対最優先】必ずフルカラーにしてください
◆【絶対最優先】必ず日本のアニメ・マンガ調のイラストで描いてください。実写風・フォトリアル風は禁止です。
◆【医療安全】ソマチッドを診断法・治療法として推奨しない。標準医療の中止や受診遅れを促さない。健康行動は専門家相談を前提に描く。
◆【出力サイズ】2:3
◆【補足情報】上下左右に50ピクセルの余白。吹き出しと文字枠は読みやすく、文字量を詰め込みすぎない。
◆【絶対最優先】キャラクター外見: 佐伯は添付の佐伯.pngと100%同一の外見で描画（48歳男性、短い黒髪に少し白髪、薄い縁の眼鏡、白シャツと深緑のカーディガン。科学コミュニケーター。）
◆【補足情報】服装: saeki_default
◆【コマ構成】テンプレ4: 上段 / 中段 / 下段
◆【作画】ジャンル: 教養漫画に最適化した統一スタイル / 作画スタイル: 落ち着いた日本のアニメ・マンガ調、清潔な線画、フルカラー / 色調: 白・淡い青・深緑・暖かい橙をバランスよく使う / 演出: 不安を煽らず、図解・ノート・ホワイトボードを活用する
◆【ストーリー】
1コマ目 (上段): 古い資料室。状況が伝わる引きの絵。 セリフ: なし ナレーション: ［四角枠］魅力的な発見者像だけで判断しない。 オノマトペ: なし
2コマ目 (中段): 佐伯がガストン・ネサンに関する資料を開く。 巻のまとめに向けて、読者にも使える形へ整理する。 セリフ: 佐伯「人物の物語と主張の検証を分けます。」 ナレーション: なし オノマトペ: なし
3コマ目 (下段): ノートや図解で要点を整理する。 セリフ: なし ナレーション: ［四角枠］主張・根拠・行動を分けて読む。 オノマトペ: なし","[{""panel_id"": 1, ""type"": ""narration"", ""speaker"": null, ""text"": ""魅力的な発見者像だけで判断しない。""}, {""panel_id"": 2, ""type"": ""dialogue"", ""speaker"": ""佐伯"", ""text"": ""人物の物語と主張の検証を分けます。""}, {""panel_id"": 3, ""type"": ""narration"", ""speaker"": null, ""text"": ""主張・根拠・行動を分けて読む。""}]",saeki_default
44,テンプレ6,"◆【注意】【】で囲まれた語は感情や状況の指示であり、画像内に文字として描画しないでください
◆【絶対最優先】必ずフルカラーにしてください
◆【絶対最優先】必ず日本のアニメ・マンガ調のイラストで描いてください。実写風・フォトリアル風は禁止です。
◆【医療安全】ソマチッドを診断法・治療法として推奨しない。標準医療の中止や受診遅れを促さない。健康行動は専門家相談を前提に描く。
◆【出力サイズ】2:3
◆【補足情報】上下左右に50ピクセルの余白。吹き出しと文字枠は読みやすく、文字量を詰め込みすぎない。
◆【絶対最優先】キャラクター外見: 陽斗は添付の陽斗.pngと100%同一の外見で描画（18歳男性、短めの黒髪、ライトグレーのパーカー、黒いパンツ。SNSや動画に詳しい若者。）
◆【補足情報】服装: haruto_casual
◆【コマ構成】テンプレ6: 右上 / 左上 / 右下 / 左下
◆【作画】ジャンル: 教養漫画に最適化した統一スタイル / 作画スタイル: 落ち着いた日本のアニメ・マンガ調、清潔な線画、フルカラー / 色調: 白・淡い青・深緑・暖かい橙をバランスよく使う / 演出: 不安を煽らず、図解・ノート・ホワイトボードを活用する
◆【ストーリー】
1コマ目 (右上): 資料机。状況が伝わる引きの絵。 セリフ: なし ナレーション: ［四角枠］物語の力と根拠の強さは別。 オノマトペ: なし
2コマ目 (左上): 陽斗が発見者ストーリーに惹かれる。 巻のまとめに向けて、読者にも使える形へ整理する。 セリフ: 陽斗「ひとりの研究者が見つけたって、物語として強いね。」 ナレーション: なし オノマトペ: なし
3コマ目 (右下): ノートや図解で要点を整理する。 セリフ: なし ナレーション: ［四角枠］主張・根拠・行動を分けて読む。 オノマトペ: なし","[{""panel_id"": 1, ""type"": ""narration"", ""speaker"": null, ""text"": ""物語の力と根拠の強さは別。""}, {""panel_id"": 2, ""type"": ""dialogue"", ""speaker"": ""陽斗"", ""text"": ""ひとりの研究者が見つけたって、物語として強いね。""}, {""panel_id"": 3, ""type"": ""narration"", ""speaker"": null, ""text"": ""主張・根拠・行動を分けて読む。""}]",haruto_casual
45,テンプレ5,"◆【注意】【】で囲まれた語は感情や状況の指示であり、画像内に文字として描画しないでください
◆【絶対最優先】必ずフルカラーにしてください
◆【絶対最優先】必ず日本のアニメ・マンガ調のイラストで描いてください。実写風・フォトリアル風は禁止です。
◆【医療安全】ソマチッドを診断法・治療法として推奨しない。標準医療の中止や受診遅れを促さない。健康行動は専門家相談を前提に描く。
◆【出力サイズ】2:3
◆【補足情報】上下左右に50ピクセルの余白。吹き出しと文字枠は読みやすく、文字量を詰め込みすぎない。
◆【絶対最優先】キャラクター外見: 美奈は添付の美奈.pngと100%同一の外見で描画（35歳女性、肩につく黒髪、淡いブルーのブラウス、ネイビーのロングスカート。健康情報に不安と好奇心を持つ読者代表。）
◆【補足情報】服装: mina_casual
◆【コマ構成】テンプレ5: 上段 / 中段 / 下段
◆【作画】ジャンル: 教養漫画に最適化した統一スタイル / 作画スタイル: 落ち着いた日本のアニメ・マンガ調、清潔な線画、フルカラー / 色調: 白・淡い青・深緑・暖かい橙をバランスよく使う / 演出: 不安を煽らず、図解・ノート・ホワイトボードを活用する
◆【ストーリー】
1コマ目 (上段): 年表ページ。状況が伝わる引きの絵。 セリフ: なし ナレーション: ［四角枠］混ざった情報を年表でほどく。 オノマトペ: なし
2コマ目 (中段): 三人が年表を作る。 巻のまとめに向けて、読者にも使える形へ整理する。 セリフ: 美奈「人生、支持者、批判を別の色にします。」 ナレーション: なし オノマトペ: なし
3コマ目 (下段): ノートや図解で要点を整理する。 セリフ: なし ナレーション: ［四角枠］主張・根拠・行動を分けて読む。 オノマトペ: なし","[{""panel_id"": 1, ""type"": ""narration"", ""speaker"": null, ""text"": ""混ざった情報を年表でほどく。""}, {""panel_id"": 2, ""type"": ""dialogue"", ""speaker"": ""美奈"", ""text"": ""人生、支持者、批判を別の色にします。""}, {""panel_id"": 3, ""type"": ""narration"", ""speaker"": null, ""text"": ""主張・根拠・行動を分けて読む。""}]",mina_casual
46,テンプレ3,"◆【注意】【】で囲まれた語は感情や状況の指示であり、画像内に文字として描画しないでください
◆【絶対最優先】必ずフルカラーにしてください
◆【絶対最優先】必ず日本のアニメ・マンガ調のイラストで描いてください。実写風・フォトリアル風は禁止です。
◆【医療安全】ソマチッドを診断法・治療法として推奨しない。標準医療の中止や受診遅れを促さない。健康行動は専門家相談を前提に描く。
◆【出力サイズ】2:3
◆【補足情報】上下左右に50ピクセルの余白。吹き出しと文字枠は読みやすく、文字量を詰め込みすぎない。
◆【絶対最優先】キャラクター外見: 佐伯は添付の佐伯.pngと100%同一の外見で描画（48歳男性、短い黒髪に少し白髪、薄い縁の眼鏡、白シャツと深緑のカーディガン。科学コミュニケーター。）
◆【補足情報】服装: saeki_default
◆【コマ構成】テンプレ3: 上・小 / 下・大
◆【作画】ジャンル: 教養漫画に最適化した統一スタイル / 作画スタイル: 落ち着いた日本のアニメ・マンガ調、清潔な線画、フルカラー / 色調: 白・淡い青・深緑・暖かい橙をバランスよく使う / 演出: 不安を煽らず、図解・ノート・ホワイトボードを活用する
◆【ストーリー】
1コマ目 (上・小): 研究室イメージの全景。ソマトスコープの説明を聞く。 巻のまとめに向けて、読者にも使える形へ整理する。 セリフ: なし ナレーション: ［四角枠］装置・倍率・光・試料を確認する。 オノマトペ: なし
2コマ目 (下・大): 佐伯の表情を大きく描く。 セリフ: 佐伯「特殊な装置ほど、再現条件が重要です。」 ナレーション: なし オノマトペ: なし","[{""panel_id"": 1, ""type"": ""narration"", ""speaker"": null, ""text"": ""装置・倍率・光・試料を確認する。""}, {""panel_id"": 2, ""type"": ""dialogue"", ""speaker"": ""佐伯"", ""text"": ""特殊な装置ほど、再現条件が重要です。""}]",saeki_default
47,テンプレ3,"◆【注意】【】で囲まれた語は感情や状況の指示であり、画像内に文字として描画しないでください
◆【絶対最優先】必ずフルカラーにしてください
◆【絶対最優先】必ず日本のアニメ・マンガ調のイラストで描いてください。実写風・フォトリアル風は禁止です。
◆【医療安全】ソマチッドを診断法・治療法として推奨しない。標準医療の中止や受診遅れを促さない。健康行動は専門家相談を前提に描く。
◆【出力サイズ】2:3
◆【補足情報】上下左右に50ピクセルの余白。吹き出しと文字枠は読みやすく、文字量を詰め込みすぎない。
◆【絶対最優先】キャラクター外見: 美奈は添付の美奈.pngと100%同一の外見で描画（35歳女性、肩につく黒髪、淡いブルーのブラウス、ネイビーのロングスカート。健康情報に不安と好奇心を持つ読者代表。）
◆【補足情報】服装: mina_casual
◆【コマ構成】テンプレ3: 上・小 / 下・大
◆【作画】ジャンル: 教養漫画に最適化した統一スタイル / 作画スタイル: 落ち着いた日本のアニメ・マンガ調、清潔な線画、フルカラー / 色調: 白・淡い青・深緑・暖かい橙をバランスよく使う / 演出: 不安を煽らず、図解・ノート・ホワイトボードを活用する
◆【ストーリー】
1コマ目 (上・小): 顕微鏡台の全景。美奈が特殊装置への期待を口にする。 巻のまとめに向けて、読者にも使える形へ整理する。 セリフ: なし ナレーション: ［四角枠］特殊さは検証の難しさでもある。 オノマトペ: なし
2コマ目 (下・大): 美奈の表情を大きく描く。 セリフ: 美奈「特殊だからこそ本物に見えてしまいます。」 ナレーション: なし オノマトペ: なし","[{""panel_id"": 1, ""type"": ""narration"", ""speaker"": null, ""text"": ""特殊さは検証の難しさでもある。""}, {""panel_id"": 2, ""type"": ""dialogue"", ""speaker"": ""美奈"", ""text"": ""特殊だからこそ本物に見えてしまいます。""}]",mina_casual
48,テンプレ5,"◆【注意】【】で囲まれた語は感情や状況の指示であり、画像内に文字として描画しないでください
◆【絶対最優先】必ずフルカラーにしてください
◆【絶対最優先】必ず日本のアニメ・マンガ調のイラストで描いてください。実写風・フォトリアル風は禁止です。
◆【医療安全】ソマチッドを診断法・治療法として推奨しない。標準医療の中止や受診遅れを促さない。健康行動は専門家相談を前提に描く。
◆【出力サイズ】2:3
◆【補足情報】上下左右に50ピクセルの余白。吹き出しと文字枠は読みやすく、文字量を詰め込みすぎない。
◆【絶対最優先】キャラクター外見: 佐伯は添付の佐伯.pngと100%同一の外見で描画（48歳男性、短い黒髪に少し白髪、薄い縁の眼鏡、白シャツと深緑のカーディガン。科学コミュニケーター。）
◆【補足情報】服装: saeki_default
◆【コマ構成】テンプレ5: 上段 / 中段 / 下段
◆【作画】ジャンル: 教養漫画に最適化した統一スタイル / 作画スタイル: 落ち着いた日本のアニメ・マンガ調、清潔な線画、フルカラー / 色調: 白・淡い青・深緑・暖かい橙をバランスよく使う / 演出: 不安を煽らず、図解・ノート・ホワイトボードを活用する
◆【ストーリー】
1コマ目 (上段): ホワイトボード。状況が伝わる引きの絵。 セリフ: なし ナレーション: ［四角枠］同じ条件で他者が確認できるか。 オノマトペ: なし
2コマ目 (中段): 観察条件の違いを並べる。 巻のまとめに向けて、読者にも使える形へ整理する。 セリフ: 佐伯「条件が変われば、見え方も変わります。」 ナレーション: なし オノマトペ: なし
3コマ目 (下段): ノートや図解で要点を整理する。 セリフ: なし ナレーション: ［四角枠］主張・根拠・行動を分けて読む。 オノマトペ: なし","[{""panel_id"": 1, ""type"": ""narration"", ""speaker"": null, ""text"": ""同じ条件で他者が確認できるか。""}, {""panel_id"": 2, ""type"": ""dialogue"", ""speaker"": ""佐伯"", ""text"": ""条件が変われば、見え方も変わります。""}, {""panel_id"": 3, ""type"": ""narration"", ""speaker"": null, ""text"": ""主張・根拠・行動を分けて読む。""}]",saeki_default
49,テンプレ2,"◆【注意】【】で囲まれた語は感情や状況の指示であり、画像内に文字として描画しないでください
◆【絶対最優先】必ずフルカラーにしてください
◆【絶対最優先】必ず日本のアニメ・マンガ調のイラストで描いてください。実写風・フォトリアル風は禁止です。
◆【医療安全】ソマチッドを診断法・治療法として推奨しない。標準医療の中止や受診遅れを促さない。健康行動は専門家相談を前提に描く。
◆【出力サイズ】2:3
◆【補足情報】上下左右に50ピクセルの余白。吹き出しと文字枠は読みやすく、文字量を詰め込みすぎない。
◆【絶対最優先】キャラクター外見: 陽斗は添付の陽斗.pngと100%同一の外見で描画（18歳男性、短めの黒髪、ライトグレーのパーカー、黒いパンツ。SNSや動画に詳しい若者。）
◆【補足情報】服装: haruto_casual
◆【コマ構成】テンプレ2: 右上 / 左上 / 下段
◆【作画】ジャンル: 教養漫画に最適化した統一スタイル / 作画スタイル: 落ち着いた日本のアニメ・マンガ調、清潔な線画、フルカラー / 色調: 白・淡い青・深緑・暖かい橙をバランスよく使う / 演出: 不安を煽らず、図解・ノート・ホワイトボードを活用する
◆【ストーリー】
1コマ目 (右上): 動画比較。状況が伝わる引きの絵。 セリフ: なし ナレーション: ［四角枠］映像は条件つきで読む。 オノマトペ: なし
2コマ目 (左上): 陽斗が別々の映像を比較する。 巻のまとめに向けて、読者にも使える形へ整理する。 セリフ: 陽斗「似てるけど、撮り方が全部違う。」 ナレーション: なし オノマトペ: なし
3コマ目 (下段): ノートや図解で要点を整理する。 セリフ: なし ナレーション: ［四角枠］主張・根拠・行動を分けて読む。 オノマトペ: なし","[{""panel_id"": 1, ""type"": ""narration"", ""speaker"": null, ""text"": ""映像は条件つきで読む。""}, {""panel_id"": 2, ""type"": ""dialogue"", ""speaker"": ""陽斗"", ""text"": ""似てるけど、撮り方が全部違う。""}, {""panel_id"": 3, ""type"": ""narration"", ""speaker"": null, ""text"": ""主張・根拠・行動を分けて読む。""}]",haruto_casual
50,テンプレ4,"◆【注意】【】で囲まれた語は感情や状況の指示であり、画像内に文字として描画しないでください
◆【絶対最優先】必ずフルカラーにしてください
◆【絶対最優先】必ず日本のアニメ・マンガ調のイラストで描いてください。実写風・フォトリアル風は禁止です。
◆【医療安全】ソマチッドを診断法・治療法として推奨しない。標準医療の中止や受診遅れを促さない。健康行動は専門家相談を前提に描く。
◆【出力サイズ】2:3
◆【補足情報】上下左右に50ピクセルの余白。吹き出しと文字枠は読みやすく、文字量を詰め込みすぎない。
◆【絶対最優先】キャラクター外見: 佐伯は添付の佐伯.pngと100%同一の外見で描画（48歳男性、短い黒髪に少し白髪、薄い縁の眼鏡、白シャツと深緑のカーディガン。科学コミュニケーター。）
◆【補足情報】服装: saeki_default
◆【コマ構成】テンプレ4: 上段 / 中段 / 下段
◆【作画】ジャンル: 教養漫画に最適化した統一スタイル / 作画スタイル: 落ち着いた日本のアニメ・マンガ調、清潔な線画、フルカラー / 色調: 白・淡い青・深緑・暖かい橙をバランスよく使う / 演出: 不安を煽らず、図解・ノート・ホワイトボードを活用する
◆【ストーリー】
1コマ目 (上段): 資料室。状況が伝わる引きの絵。 セリフ: なし ナレーション: ［四角枠］断定と行動誘導に注意する。 オノマトペ: なし
2コマ目 (中段): 714-Xの話題に入る前に佐伯が注意を置く。 巻のまとめに向けて、読者にも使える形へ整理する。 セリフ: 佐伯「ここからは医療判断に近い話です。」 ナレーション: なし オノマトペ: なし
3コマ目 (下段): ノートや図解で要点を整理する。 セリフ: なし ナレーション: ［四角枠］主張・根拠・行動を分けて読む。 オノマトペ: なし","[{""panel_id"": 1, ""type"": ""narration"", ""speaker"": null, ""text"": ""断定と行動誘導に注意する。""}, {""panel_id"": 2, ""type"": ""dialogue"", ""speaker"": ""佐伯"", ""text"": ""ここからは医療判断に近い話です。""}, {""panel_id"": 3, ""type"": ""narration"", ""speaker"": null, ""text"": ""主張・根拠・行動を分けて読む。""}]",saeki_default
51,テンプレ6,"◆【注意】【】で囲まれた語は感情や状況の指示であり、画像内に文字として描画しないでください
◆【絶対最優先】必ずフルカラーにしてください
◆【絶対最優先】必ず日本のアニメ・マンガ調のイラストで描いてください。実写風・フォトリアル風は禁止です。
◆【医療安全】ソマチッドを診断法・治療法として推奨しない。標準医療の中止や受診遅れを促さない。健康行動は専門家相談を前提に描く。
◆【出力サイズ】2:3
◆【補足情報】上下左右に50ピクセルの余白。吹き出しと文字枠は読みやすく、文字量を詰め込みすぎない。
◆【絶対最優先】キャラクター外見: 美奈は添付の美奈.pngと100%同一の外見で描画（35歳女性、肩につく黒髪、淡いブルーのブラウス、ネイビーのロングスカート。健康情報に不安と好奇心を持つ読者代表。） / 佐伯は添付の佐伯.pngと100%同一の外見で描画（48歳男性、短い黒髪に少し白髪、薄い縁の眼鏡、白シャツと深緑のカーディガン。科学コミュニケーター。）
◆【補足情報】服装: mina_casual
◆【コマ構成】テンプレ6: 右上 / 左上 / 右下 / 左下
◆【作画】ジャンル: 教養漫画に最適化した統一スタイル / 作画スタイル: 落ち着いた日本のアニメ・マンガ調、清潔な線画、フルカラー / 色調: 白・淡い青・深緑・暖かい橙をバランスよく使う / 演出: 不安を煽らず、図解・ノート・ホワイトボードを活用する
◆【ストーリー】
1コマ目 (右上): 講座室。状況が伝わる引きの絵。 セリフ: なし ナレーション: ［四角枠］怖さが判断を急がせる。 オノマトペ: なし
2コマ目 (左上): 美奈ががんや治療の言葉に緊張する。 巻のまとめに向けて、読者にも使える形へ整理する。 セリフ: 美奈「この言葉が出ると、急に怖くなります。」 ナレーション: なし オノマトペ: なし
3コマ目 (右下): ノートや図解で要点を整理する。 セリフ: なし ナレーション: ［四角枠］主張・根拠・行動を分けて読む。 オノマトペ: なし","[{""panel_id"": 1, ""type"": ""narration"", ""speaker"": null, ""text"": ""怖さが判断を急がせる。""}, {""panel_id"": 2, ""type"": ""dialogue"", ""speaker"": ""美奈"", ""text"": ""この言葉が出ると、急に怖くなります。""}, {""panel_id"": 3, ""type"": ""narration"", ""speaker"": null, ""text"": ""主張・根拠・行動を分けて読む。""}]",mina_casual
52,テンプレ5,"◆【注意】【】で囲まれた語は感情や状況の指示であり、画像内に文字として描画しないでください
◆【絶対最優先】必ずフルカラーにしてください
◆【絶対最優先】必ず日本のアニメ・マンガ調のイラストで描いてください。実写風・フォトリアル風は禁止です。
◆【医療安全】ソマチッドを診断法・治療法として推奨しない。標準医療の中止や受診遅れを促さない。健康行動は専門家相談を前提に描く。
◆【出力サイズ】2:3
◆【補足情報】上下左右に50ピクセルの余白。吹き出しと文字枠は読みやすく、文字量を詰め込みすぎない。
◆【絶対最優先】キャラクター外見: 佐伯は添付の佐伯.pngと100%同一の外見で描画（48歳男性、短い黒髪に少し白髪、薄い縁の眼鏡、白シャツと深緑のカーディガン。科学コミュニケーター。）
◆【補足情報】服装: saeki_default
◆【コマ構成】テンプレ5: 上段 / 中段 / 下段
◆【作画】ジャンル: 教養漫画に最適化した統一スタイル / 作画スタイル: 落ち着いた日本のアニメ・マンガ調、清潔な線画、フルカラー / 色調: 白・淡い青・深緑・暖かい橙をバランスよく使う / 演出: 不安を煽らず、図解・ノート・ホワイトボードを活用する
◆【ストーリー】
1コマ目 (上段): 講座室。状況が伝わる引きの絵。 セリフ: なし ナレーション: ［四角枠］相談先は医師などの専門家。 オノマトペ: なし
2コマ目 (中段): 佐伯が標準医療を中止しない原則を伝える。 巻のまとめに向けて、読者にも使える形へ整理する。 セリフ: 佐伯「未確立な理論で受診を遅らせないでください。」 ナレーション: なし オノマトペ: なし
3コマ目 (下段): ノートや図解で要点を整理する。 セリフ: なし ナレーション: ［四角枠］主張・根拠・行動を分けて読む。 オノマトペ: なし","[{""panel_id"": 1, ""type"": ""narration"", ""speaker"": null, ""text"": ""相談先は医師などの専門家。""}, {""panel_id"": 2, ""type"": ""dialogue"", ""speaker"": ""佐伯"", ""text"": ""未確立な理論で受診を遅らせないでください。""}, {""panel_id"": 3, ""type"": ""narration"", ""speaker"": null, ""text"": ""主張・根拠・行動を分けて読む。""}]",saeki_default
53,テンプレ3,"◆【注意】【】で囲まれた語は感情や状況の指示であり、画像内に文字として描画しないでください
◆【絶対最優先】必ずフルカラーにしてください
◆【絶対最優先】必ず日本のアニメ・マンガ調のイラストで描いてください。実写風・フォトリアル風は禁止です。
◆【医療安全】ソマチッドを診断法・治療法として推奨しない。標準医療の中止や受診遅れを促さない。健康行動は専門家相談を前提に描く。
◆【出力サイズ】2:3
◆【補足情報】上下左右に50ピクセルの余白。吹き出しと文字枠は読みやすく、文字量を詰め込みすぎない。
◆【絶対最優先】キャラクター外見: 佐伯は添付の佐伯.pngと100%同一の外見で描画（48歳男性、短い黒髪に少し白髪、薄い縁の眼鏡、白シャツと深緑のカーディガン。科学コミュニケーター。）
◆【補足情報】服装: saeki_default
◆【コマ構成】テンプレ3: 上・小 / 下・大
◆【作画】ジャンル: 教養漫画に最適化した統一スタイル / 作画スタイル: 落ち着いた日本のアニメ・マンガ調、清潔な線画、フルカラー / 色調: 白・淡い青・深緑・暖かい橙をバランスよく使う / 演出: 不安を煽らず、図解・ノート・ホワイトボードを活用する
◆【ストーリー】
1コマ目 (上・小): 公的情報ページの全景。公的機関の情報を見る。 巻のまとめに向けて、読者にも使える形へ整理する。 セリフ: なし ナレーション: ［四角枠］低い温度は断定を避けるため。 オノマトペ: なし
2コマ目 (下・大): 佐伯の表情を大きく描く。 セリフ: 佐伯「公的情報は熱が低く見えても重要です。」 ナレーション: なし オノマトペ: なし","[{""panel_id"": 1, ""type"": ""narration"", ""speaker"": null, ""text"": ""低い温度は断定を避けるため。""}, {""panel_id"": 2, ""type"": ""dialogue"", ""speaker"": ""佐伯"", ""text"": ""公的情報は熱が低く見えても重要です。""}]",saeki_default
54,テンプレ3,"◆【注意】【】で囲まれた語は感情や状況の指示であり、画像内に文字として描画しないでください
◆【絶対最優先】必ずフルカラーにしてください
◆【絶対最優先】必ず日本のアニメ・マンガ調のイラストで描いてください。実写風・フォトリアル風は禁止です。
◆【医療安全】ソマチッドを診断法・治療法として推奨しない。標準医療の中止や受診遅れを促さない。健康行動は専門家相談を前提に描く。
◆【出力サイズ】2:3
◆【補足情報】上下左右に50ピクセルの余白。吹き出しと文字枠は読みやすく、文字量を詰め込みすぎない。
◆【絶対最優先】キャラクター外見: 陽斗は添付の陽斗.pngと100%同一の外見で描画（18歳男性、短めの黒髪、ライトグレーのパーカー、黒いパンツ。SNSや動画に詳しい若者。） / 佐伯は添付の佐伯.pngと100%同一の外見で描画（48歳男性、短い黒髪に少し白髪、薄い縁の眼鏡、白シャツと深緑のカーディガン。科学コミュニケーター。）
◆【補足情報】服装: haruto_casual
◆【コマ構成】テンプレ3: 上・小 / 下・大
◆【作画】ジャンル: 教養漫画に最適化した統一スタイル / 作画スタイル: 落ち着いた日本のアニメ・マンガ調、清潔な線画、フルカラー / 色調: 白・淡い青・深緑・暖かい橙をバランスよく使う / 演出: 不安を煽らず、図解・ノート・ホワイトボードを活用する
◆【ストーリー】
1コマ目 (上・小): 図書館の全景。陽斗が希望を持つ人の気持ちを問う。 巻のまとめに向けて、読者にも使える形へ整理する。 セリフ: なし ナレーション: ［四角枠］希望は尊重し、根拠は別に見る。 オノマトペ: なし
2コマ目 (下・大): 陽斗の表情を大きく描く。 セリフ: 陽斗「希望を持った人の気持ちはどう扱うの？」 ナレーション: なし オノマトペ: なし","[{""panel_id"": 1, ""type"": ""narration"", ""speaker"": null, ""text"": ""希望は尊重し、根拠は別に見る。""}, {""panel_id"": 2, ""type"": ""dialogue"", ""speaker"": ""陽斗"", ""text"": ""希望を持った人の気持ちはどう扱うの？""}]",haruto_casual
55,テンプレ5,"◆【注意】【】で囲まれた語は感情や状況の指示であり、画像内に文字として描画しないでください
◆【絶対最優先】必ずフルカラーにしてください
◆【絶対最優先】必ず日本のアニメ・マンガ調のイラストで描いてください。実写風・フォトリアル風は禁止です。
◆【医療安全】ソマチッドを診断法・治療法として推奨しない。標準医療の中止や受診遅れを促さない。健康行動は専門家相談を前提に描く。
◆【出力サイズ】2:3
◆【補足情報】上下左右に50ピクセルの余白。吹き出しと文字枠は読みやすく、文字量を詰め込みすぎない。
◆【絶対最優先】キャラクター外見: 美奈は添付の美奈.pngと100%同一の外見で描画（35歳女性、肩につく黒髪、淡いブルーのブラウス、ネイビーのロングスカート。健康情報に不安と好奇心を持つ読者代表。）
◆【補足情報】服装: mina_casual
◆【コマ構成】テンプレ5: 上段 / 中段 / 下段
◆【作画】ジャンル: 教養漫画に最適化した統一スタイル / 作画スタイル: 落ち着いた日本のアニメ・マンガ調、清潔な線画、フルカラー / 色調: 白・淡い青・深緑・暖かい橙をバランスよく使う / 演出: 不安を煽らず、図解・ノート・ホワイトボードを活用する
◆【ストーリー】
1コマ目 (上段): 相談机。状況が伝わる引きの絵。 セリフ: なし ナレーション: ［四角枠］人への共感と主張の検証を分ける。 オノマトペ: なし
2コマ目 (中段): 美奈が体験談に心を動かされる。 巻のまとめに向けて、読者にも使える形へ整理する。 セリフ: 美奈「信じた人を否定したいわけじゃない。」 ナレーション: なし オノマトペ: なし
3コマ目 (下段): ノートや図解で要点を整理する。 セリフ: なし ナレーション: ［四角枠］主張・根拠・行動を分けて読む。 オノマトペ: なし","[{""panel_id"": 1, ""type"": ""narration"", ""speaker"": null, ""text"": ""人への共感と主張の検証を分ける。""}, {""panel_id"": 2, ""type"": ""dialogue"", ""speaker"": ""美奈"", ""text"": ""信じた人を否定したいわけじゃない。""}, {""panel_id"": 3, ""type"": ""narration"", ""speaker"": null, ""text"": ""主張・根拠・行動を分けて読む。""}]",mina_casual
56,テンプレ2,"◆【注意】【】で囲まれた語は感情や状況の指示であり、画像内に文字として描画しないでください
◆【絶対最優先】必ずフルカラーにしてください
◆【絶対最優先】必ず日本のアニメ・マンガ調のイラストで描いてください。実写風・フォトリアル風は禁止です。
◆【医療安全】ソマチッドを診断法・治療法として推奨しない。標準医療の中止や受診遅れを促さない。健康行動は専門家相談を前提に描く。
◆【出力サイズ】2:3
◆【補足情報】上下左右に50ピクセルの余白。吹き出しと文字枠は読みやすく、文字量を詰め込みすぎない。
◆【絶対最優先】キャラクター外見: 佐伯は添付の佐伯.pngと100%同一の外見で描画（48歳男性、短い黒髪に少し白髪、薄い縁の眼鏡、白シャツと深緑のカーディガン。科学コミュニケーター。）
◆【補足情報】服装: saeki_default
◆【コマ構成】テンプレ2: 右上 / 左上 / 下段
◆【作画】ジャンル: 教養漫画に最適化した統一スタイル / 作画スタイル: 落ち着いた日本のアニメ・マンガ調、清潔な線画、フルカラー / 色調: 白・淡い青・深緑・暖かい橙をバランスよく使う / 演出: 不安を煽らず、図解・ノート・ホワイトボードを活用する
◆【ストーリー】
1コマ目 (右上): ホワイトボード。状況が伝わる引きの絵。 セリフ: なし ナレーション: ［四角枠］権威の抵抗か、根拠不足か。 オノマトペ: なし
2コマ目 (左上): 迫害された発見者という物語を整理する。 巻のまとめに向けて、読者にも使える形へ整理する。 セリフ: 佐伯「認められない理由を一つに決めない。」 ナレーション: なし オノマトペ: なし
3コマ目 (下段): ノートや図解で要点を整理する。 セリフ: なし ナレーション: ［四角枠］主張・根拠・行動を分けて読む。 オノマトペ: なし","[{""panel_id"": 1, ""type"": ""narration"", ""speaker"": null, ""text"": ""権威の抵抗か、根拠不足か。""}, {""panel_id"": 2, ""type"": ""dialogue"", ""speaker"": ""佐伯"", ""text"": ""認められない理由を一つに決めない。""}, {""panel_id"": 3, ""type"": ""narration"", ""speaker"": null, ""text"": ""主張・根拠・行動を分けて読む。""}]",saeki_default
57,テンプレ4,"◆【注意】【】で囲まれた語は感情や状況の指示であり、画像内に文字として描画しないでください
◆【絶対最優先】必ずフルカラーにしてください
◆【絶対最優先】必ず日本のアニメ・マンガ調のイラストで描いてください。実写風・フォトリアル風は禁止です。
◆【医療安全】ソマチッドを診断法・治療法として推奨しない。標準医療の中止や受診遅れを促さない。健康行動は専門家相談を前提に描く。
◆【出力サイズ】2:3
◆【補足情報】上下左右に50ピクセルの余白。吹き出しと文字枠は読みやすく、文字量を詰め込みすぎない。
◆【絶対最優先】キャラクター外見: 美奈は添付の美奈.pngと100%同一の外見で描画（35歳女性、肩につく黒髪、淡いブルーのブラウス、ネイビーのロングスカート。健康情報に不安と好奇心を持つ読者代表。）
◆【補足情報】服装: mina_casual
◆【コマ構成】テンプレ4: 上段 / 中段 / 下段
◆【作画】ジャンル: 教養漫画に最適化した統一スタイル / 作画スタイル: 落ち着いた日本のアニメ・マンガ調、清潔な線画、フルカラー / 色調: 白・淡い青・深緑・暖かい橙をバランスよく使う / 演出: 不安を煽らず、図解・ノート・ホワイトボードを活用する
◆【ストーリー】
1コマ目 (上段): 資料カード。状況が伝わる引きの絵。 セリフ: なし ナレーション: ［四角枠］文脈を分けると熱が下がる。 オノマトペ: なし
2コマ目 (中段): 支持者の語りと批判者の論点をカード化する。 巻のまとめに向けて、読者にも使える形へ整理する。 セリフ: 美奈「同じ話でも、置く場所で見え方が変わる。」 ナレーション: なし オノマトペ: なし
3コマ目 (下段): ノートや図解で要点を整理する。 セリフ: なし ナレーション: ［四角枠］主張・根拠・行動を分けて読む。 オノマトペ: なし","[{""panel_id"": 1, ""type"": ""narration"", ""speaker"": null, ""text"": ""文脈を分けると熱が下がる。""}, {""panel_id"": 2, ""type"": ""dialogue"", ""speaker"": ""美奈"", ""text"": ""同じ話でも、置く場所で見え方が変わる。""}, {""panel_id"": 3, ""type"": ""narration"", ""speaker"": null, ""text"": ""主張・根拠・行動を分けて読む。""}]",mina_casual
58,テンプレ6,"◆【注意】【】で囲まれた語は感情や状況の指示であり、画像内に文字として描画しないでください
◆【絶対最優先】必ずフルカラーにしてください
◆【絶対最優先】必ず日本のアニメ・マンガ調のイラストで描いてください。実写風・フォトリアル風は禁止です。
◆【医療安全】ソマチッドを診断法・治療法として推奨しない。標準医療の中止や受診遅れを促さない。健康行動は専門家相談を前提に描く。
◆【出力サイズ】2:3
◆【補足情報】上下左右に50ピクセルの余白。吹き出しと文字枠は読みやすく、文字量を詰め込みすぎない。
◆【絶対最優先】キャラクター外見: 陽斗は添付の陽斗.pngと100%同一の外見で描画（18歳男性、短めの黒髪、ライトグレーのパーカー、黒いパンツ。SNSや動画に詳しい若者。）
◆【補足情報】服装: haruto_casual
◆【コマ構成】テンプレ6: 右上 / 左上 / 右下 / 左下
◆【作画】ジャンル: 教養漫画に最適化した統一スタイル / 作画スタイル: 落ち着いた日本のアニメ・マンガ調、清潔な線画、フルカラー / 色調: 白・淡い青・深緑・暖かい橙をバランスよく使う / 演出: 不安を煽らず、図解・ノート・ホワイトボードを活用する
◆【ストーリー】
1コマ目 (右上): 窓際。状況が伝わる引きの絵。 セリフ: なし ナレーション: ［四角枠］敵の物語より検証の道筋を見る。 オノマトペ: なし
2コマ目 (左上): 陽斗が陰謀論的な展開への警戒を覚える。 巻のまとめに向けて、読者にも使える形へ整理する。 セリフ: 陽斗「敵がいる話は、すごく拡散しやすい。」 ナレーション: なし オノマトペ: なし
3コマ目 (右下): ノートや図解で要点を整理する。 セリフ: なし ナレーション: ［四角枠］主張・根拠・行動を分けて読む。 オノマトペ: なし","[{""panel_id"": 1, ""type"": ""narration"", ""speaker"": null, ""text"": ""敵の物語より検証の道筋を見る。""}, {""panel_id"": 2, ""type"": ""dialogue"", ""speaker"": ""陽斗"", ""text"": ""敵がいる話は、すごく拡散しやすい。""}, {""panel_id"": 3, ""type"": ""narration"", ""speaker"": null, ""text"": ""主張・根拠・行動を分けて読む。""}]",haruto_casual
59,テンプレ5,"◆【注意】【】で囲まれた語は感情や状況の指示であり、画像内に文字として描画しないでください
◆【絶対最優先】必ずフルカラーにしてください
◆【絶対最優先】必ず日本のアニメ・マンガ調のイラストで描いてください。実写風・フォトリアル風は禁止です。
◆【医療安全】ソマチッドを診断法・治療法として推奨しない。標準医療の中止や受診遅れを促さない。健康行動は専門家相談を前提に描く。
◆【出力サイズ】2:3
◆【補足情報】上下左右に50ピクセルの余白。吹き出しと文字枠は読みやすく、文字量を詰め込みすぎない。
◆【絶対最優先】キャラクター外見: 佐伯は添付の佐伯.pngと100%同一の外見で描画（48歳男性、短い黒髪に少し白髪、薄い縁の眼鏡、白シャツと深緑のカーディガン。科学コミュニケーター。）
◆【補足情報】服装: saeki_default
◆【コマ構成】テンプレ5: 上段 / 中段 / 下段
◆【作画】ジャンル: 教養漫画に最適化した統一スタイル / 作画スタイル: 落ち着いた日本のアニメ・マンガ調、清潔な線画、フルカラー / 色調: 白・淡い青・深緑・暖かい橙をバランスよく使う / 演出: 不安を煽らず、図解・ノート・ホワイトボードを活用する
◆【ストーリー】
1コマ目 (上段): 講座室。状況が伝わる引きの絵。 セリフ: なし ナレーション: ［四角枠］賛成か反対かだけにしない。 オノマトペ: なし
2コマ目 (中段): 三人が歴史を賛否でなく文脈として読む。 巻のまとめに向けて、読者にも使える形へ整理する。 セリフ: 佐伯「歴史は判定ではなく、読み方を教えます。」 ナレーション: なし オノマトペ: なし
3コマ目 (下段): ノートや図解で要点を整理する。 セリフ: なし ナレーション: ［四角枠］主張・根拠・行動を分けて読む。 オノマトペ: なし","[{""panel_id"": 1, ""type"": ""narration"", ""speaker"": null, ""text"": ""賛成か反対かだけにしない。""}, {""panel_id"": 2, ""type"": ""dialogue"", ""speaker"": ""佐伯"", ""text"": ""歴史は判定ではなく、読み方を教えます。""}, {""panel_id"": 3, ""type"": ""narration"", ""speaker"": null, ""text"": ""主張・根拠・行動を分けて読む。""}]",saeki_default
60,テンプレ3,"◆【注意】【】で囲まれた語は感情や状況の指示であり、画像内に文字として描画しないでください
◆【絶対最優先】必ずフルカラーにしてください
◆【絶対最優先】必ず日本のアニメ・マンガ調のイラストで描いてください。実写風・フォトリアル風は禁止です。
◆【医療安全】ソマチッドを診断法・治療法として推奨しない。標準医療の中止や受診遅れを促さない。健康行動は専門家相談を前提に描く。
◆【出力サイズ】2:3
◆【補足情報】上下左右に50ピクセルの余白。吹き出しと文字枠は読みやすく、文字量を詰め込みすぎない。
◆【絶対最優先】キャラクター外見: 美奈は添付の美奈.pngと100%同一の外見で描画（35歳女性、肩につく黒髪、淡いブルーのブラウス、ネイビーのロングスカート。健康情報に不安と好奇心を持つ読者代表。）
◆【補足情報】服装: mina_casual
◆【コマ構成】テンプレ3: 上・小 / 下・大
◆【作画】ジャンル: 教養漫画に最適化した統一スタイル / 作画スタイル: 落ち着いた日本のアニメ・マンガ調、清潔な線画、フルカラー / 色調: 白・淡い青・深緑・暖かい橙をバランスよく使う / 演出: 不安を煽らず、図解・ノート・ホワイトボードを活用する
◆【ストーリー】
1コマ目 (上・小): まとめ図の全景。発見者・装置・療法・公的評価を4分類する。 巻のまとめに向けて、読者にも使える形へ整理する。 セリフ: なし ナレーション: ［四角枠］歴史を分類して読む。 オノマトペ: なし
2コマ目 (下・大): 美奈の表情を大きく描く。 セリフ: 美奈「別々に置くと、急がなくてよくなる。」 ナレーション: なし オノマトペ: なし","[{""panel_id"": 1, ""type"": ""narration"", ""speaker"": null, ""text"": ""歴史を分類して読む。""}, {""panel_id"": 2, ""type"": ""dialogue"", ""speaker"": ""美奈"", ""text"": ""別々に置くと、急がなくてよくなる。""}]",mina_casual
61,テンプレ3,"◆【注意】【】で囲まれた語は感情や状況の指示であり、画像内に文字として描画しないでください
◆【絶対最優先】必ずフルカラーにしてください
◆【絶対最優先】必ず日本のアニメ・マンガ調のイラストで描いてください。実写風・フォトリアル風は禁止です。
◆【医療安全】ソマチッドを診断法・治療法として推奨しない。標準医療の中止や受診遅れを促さない。健康行動は専門家相談を前提に描く。
◆【出力サイズ】2:3
◆【補足情報】上下左右に50ピクセルの余白。吹き出しと文字枠は読みやすく、文字量を詰め込みすぎない。
◆【絶対最優先】キャラクター外見: 佐伯は添付の佐伯.pngと100%同一の外見で描画（48歳男性、短い黒髪に少し白髪、薄い縁の眼鏡、白シャツと深緑のカーディガン。科学コミュニケーター。）
◆【補足情報】服装: saeki_default
◆【コマ構成】テンプレ3: 上・小 / 下・大
◆【作画】ジャンル: 教養漫画に最適化した統一スタイル / 作画スタイル: 落ち着いた日本のアニメ・マンガ調、清潔な線画、フルカラー / 色調: 白・淡い青・深緑・暖かい橙をバランスよく使う / 演出: 不安を煽らず、図解・ノート・ホワイトボードを活用する
◆【ストーリー】
1コマ目 (上・小): 資料室出口の全景。次巻の主張分類へ進む。 巻のまとめに向けて、読者にも使える形へ整理する。 セリフ: なし ナレーション: ［四角枠］歴史の次は主張の地図。 オノマトペ: なし
2コマ目 (下・大): 佐伯の表情を大きく描く。 セリフ: 佐伯「次は、何が主張されてきたのかを地図にします。」 ナレーション: なし オノマトペ: なし","[{""panel_id"": 1, ""type"": ""narration"", ""speaker"": null, ""text"": ""歴史の次は主張の地図。""}, {""panel_id"": 2, ""type"": ""dialogue"", ""speaker"": ""佐伯"", ""text"": ""次は、何が主張されてきたのかを地図にします。""}]",saeki_default
62,テンプレ5,"◆【注意】【】で囲まれた語は感情や状況の指示であり、画像内に文字として描画しないでください
◆【絶対最優先】必ずフルカラーにしてください
◆【絶対最優先】必ず日本のアニメ・マンガ調のイラストで描いてください。実写風・フォトリアル風は禁止です。
◆【医療安全】ソマチッドを診断法・治療法として推奨しない。標準医療の中止や受診遅れを促さない。健康行動は専門家相談を前提に描く。
◆【出力サイズ】2:3
◆【補足情報】上下左右に50ピクセルの余白。吹き出しと文字枠は読みやすく、文字量を詰め込みすぎない。
◆【絶対最優先】キャラクター外見: 佐伯は添付の佐伯.pngと100%同一の外見で描画（48歳男性、短い黒髪に少し白髪、薄い縁の眼鏡、白シャツと深緑のカーディガン。科学コミュニケーター。）
◆【補足情報】服装: saeki_default
◆【コマ構成】テンプレ5: 上段 / 中段 / 下段
◆【作画】ジャンル: 教養漫画に最適化した統一スタイル / 作画スタイル: 落ち着いた日本のアニメ・マンガ調、清潔な線画、フルカラー / 色調: 白・淡い青・深緑・暖かい橙をバランスよく使う / 演出: 不安を煽らず、図解・ノート・ホワイトボードを活用する
◆【ストーリー】
1コマ目 (上段): 古い資料室。状況が伝わる引きの絵。 セリフ: なし ナレーション: ［四角枠］魅力的な発見者像だけで判断しない。 オノマトペ: なし
2コマ目 (中段): 佐伯がガストン・ネサンに関する資料を開く。 巻のまとめに向けて、読者にも使える形へ整理する。 セリフ: 佐伯「人物の物語と主張の検証を分けます。」 ナレーション: なし オノマトペ: なし
3コマ目 (下段): ノートや図解で要点を整理する。 セリフ: なし ナレーション: ［四角枠］主張・根拠・行動を分けて読む。 オノマトペ: なし","[{""panel_id"": 1, ""type"": ""narration"", ""speaker"": null, ""text"": ""魅力的な発見者像だけで判断しない。""}, {""panel_id"": 2, ""type"": ""dialogue"", ""speaker"": ""佐伯"", ""text"": ""人物の物語と主張の検証を分けます。""}, {""panel_id"": 3, ""type"": ""narration"", ""speaker"": null, ""text"": ""主張・根拠・行動を分けて読む。""}]",saeki_default
63,テンプレ2,"◆【注意】【】で囲まれた語は感情や状況の指示であり、画像内に文字として描画しないでください
◆【絶対最優先】必ずフルカラーにしてください
◆【絶対最優先】必ず日本のアニメ・マンガ調のイラストで描いてください。実写風・フォトリアル風は禁止です。
◆【医療安全】ソマチッドを診断法・治療法として推奨しない。標準医療の中止や受診遅れを促さない。健康行動は専門家相談を前提に描く。
◆【出力サイズ】2:3
◆【補足情報】上下左右に50ピクセルの余白。吹き出しと文字枠は読みやすく、文字量を詰め込みすぎない。
◆【絶対最優先】キャラクター外見: 陽斗は添付の陽斗.pngと100%同一の外見で描画（18歳男性、短めの黒髪、ライトグレーのパーカー、黒いパンツ。SNSや動画に詳しい若者。）
◆【補足情報】服装: haruto_casual
◆【コマ構成】テンプレ2: 右上 / 左上 / 下段
◆【作画】ジャンル: 教養漫画に最適化した統一スタイル / 作画スタイル: 落ち着いた日本のアニメ・マンガ調、清潔な線画、フルカラー / 色調: 白・淡い青・深緑・暖かい橙をバランスよく使う / 演出: 不安を煽らず、図解・ノート・ホワイトボードを活用する
◆【ストーリー】
1コマ目 (右上): 資料机。状況が伝わる引きの絵。 セリフ: なし ナレーション: ［四角枠］物語の力と根拠の強さは別。 オノマトペ: なし
2コマ目 (左上): 陽斗が発見者ストーリーに惹かれる。 巻のまとめに向けて、読者にも使える形へ整理する。 セリフ: 陽斗「ひとりの研究者が見つけたって、物語として強いね。」 ナレーション: なし オノマトペ: なし
3コマ目 (下段): ノートや図解で要点を整理する。 セリフ: なし ナレーション: ［四角枠］主張・根拠・行動を分けて読む。 オノマトペ: なし","[{""panel_id"": 1, ""type"": ""narration"", ""speaker"": null, ""text"": ""物語の力と根拠の強さは別。""}, {""panel_id"": 2, ""type"": ""dialogue"", ""speaker"": ""陽斗"", ""text"": ""ひとりの研究者が見つけたって、物語として強いね。""}, {""panel_id"": 3, ""type"": ""narration"", ""speaker"": null, ""text"": ""主張・根拠・行動を分けて読む。""}]",haruto_casual
64,テンプレ4,"◆【注意】【】で囲まれた語は感情や状況の指示であり、画像内に文字として描画しないでください
◆【絶対最優先】必ずフルカラーにしてください
◆【絶対最優先】必ず日本のアニメ・マンガ調のイラストで描いてください。実写風・フォトリアル風は禁止です。
◆【医療安全】ソマチッドを診断法・治療法として推奨しない。標準医療の中止や受診遅れを促さない。健康行動は専門家相談を前提に描く。
◆【出力サイズ】2:3
◆【補足情報】上下左右に50ピクセルの余白。吹き出しと文字枠は読みやすく、文字量を詰め込みすぎない。
◆【絶対最優先】キャラクター外見: 美奈は添付の美奈.pngと100%同一の外見で描画（35歳女性、肩につく黒髪、淡いブルーのブラウス、ネイビーのロングスカート。健康情報に不安と好奇心を持つ読者代表。）
◆【補足情報】服装: mina_casual
◆【コマ構成】テンプレ4: 上段 / 中段 / 下段
◆【作画】ジャンル: 教養漫画に最適化した統一スタイル / 作画スタイル: 落ち着いた日本のアニメ・マンガ調、清潔な線画、フルカラー / 色調: 白・淡い青・深緑・暖かい橙をバランスよく使う / 演出: 不安を煽らず、図解・ノート・ホワイトボードを活用する
◆【ストーリー】
1コマ目 (上段): 年表ページ。状況が伝わる引きの絵。 セリフ: なし ナレーション: ［四角枠］混ざった情報を年表でほどく。 オノマトペ: なし
2コマ目 (中段): 三人が年表を作る。 巻のまとめに向けて、読者にも使える形へ整理する。 セリフ: 美奈「人生、支持者、批判を別の色にします。」 ナレーション: なし オノマトペ: なし
3コマ目 (下段): ノートや図解で要点を整理する。 セリフ: なし ナレーション: ［四角枠］主張・根拠・行動を分けて読む。 オノマトペ: なし","[{""panel_id"": 1, ""type"": ""narration"", ""speaker"": null, ""text"": ""混ざった情報を年表でほどく。""}, {""panel_id"": 2, ""type"": ""dialogue"", ""speaker"": ""美奈"", ""text"": ""人生、支持者、批判を別の色にします。""}, {""panel_id"": 3, ""type"": ""narration"", ""speaker"": null, ""text"": ""主張・根拠・行動を分けて読む。""}]",mina_casual
65,テンプレ6,"◆【注意】【】で囲まれた語は感情や状況の指示であり、画像内に文字として描画しないでください
◆【絶対最優先】必ずフルカラーにしてください
◆【絶対最優先】必ず日本のアニメ・マンガ調のイラストで描いてください。実写風・フォトリアル風は禁止です。
◆【医療安全】ソマチッドを診断法・治療法として推奨しない。標準医療の中止や受診遅れを促さない。健康行動は専門家相談を前提に描く。
◆【出力サイズ】2:3
◆【補足情報】上下左右に50ピクセルの余白。吹き出しと文字枠は読みやすく、文字量を詰め込みすぎない。
◆【絶対最優先】キャラクター外見: 佐伯は添付の佐伯.pngと100%同一の外見で描画（48歳男性、短い黒髪に少し白髪、薄い縁の眼鏡、白シャツと深緑のカーディガン。科学コミュニケーター。）
◆【補足情報】服装: saeki_default
◆【コマ構成】テンプレ6: 右上 / 左上 / 右下 / 左下
◆【作画】ジャンル: 教養漫画に最適化した統一スタイル / 作画スタイル: 落ち着いた日本のアニメ・マンガ調、清潔な線画、フルカラー / 色調: 白・淡い青・深緑・暖かい橙をバランスよく使う / 演出: 不安を煽らず、図解・ノート・ホワイトボードを活用する
◆【ストーリー】
1コマ目 (右上): 研究室イメージ。状況が伝わる引きの絵。 セリフ: なし ナレーション: ［四角枠］装置・倍率・光・試料を確認する。 オノマトペ: なし
2コマ目 (左上): ソマトスコープの説明を聞く。 巻のまとめに向けて、読者にも使える形へ整理する。 セリフ: 佐伯「特殊な装置ほど、再現条件が重要です。」 ナレーション: なし オノマトペ: なし
3コマ目 (右下): ノートや図解で要点を整理する。 セリフ: なし ナレーション: ［四角枠］主張・根拠・行動を分けて読む。 オノマトペ: なし","[{""panel_id"": 1, ""type"": ""narration"", ""speaker"": null, ""text"": ""装置・倍率・光・試料を確認する。""}, {""panel_id"": 2, ""type"": ""dialogue"", ""speaker"": ""佐伯"", ""text"": ""特殊な装置ほど、再現条件が重要です。""}, {""panel_id"": 3, ""type"": ""narration"", ""speaker"": null, ""text"": ""主張・根拠・行動を分けて読む。""}]",saeki_default
66,テンプレ5,"◆【注意】【】で囲まれた語は感情や状況の指示であり、画像内に文字として描画しないでください
◆【絶対最優先】必ずフルカラーにしてください
◆【絶対最優先】必ず日本のアニメ・マンガ調のイラストで描いてください。実写風・フォトリアル風は禁止です。
◆【医療安全】ソマチッドを診断法・治療法として推奨しない。標準医療の中止や受診遅れを促さない。健康行動は専門家相談を前提に描く。
◆【出力サイズ】2:3
◆【補足情報】上下左右に50ピクセルの余白。吹き出しと文字枠は読みやすく、文字量を詰め込みすぎない。
◆【絶対最優先】キャラクター外見: 美奈は添付の美奈.pngと100%同一の外見で描画（35歳女性、肩につく黒髪、淡いブルーのブラウス、ネイビーのロングスカート。健康情報に不安と好奇心を持つ読者代表。）
◆【補足情報】服装: mina_casual
◆【コマ構成】テンプレ5: 上段 / 中段 / 下段
◆【作画】ジャンル: 教養漫画に最適化した統一スタイル / 作画スタイル: 落ち着いた日本のアニメ・マンガ調、清潔な線画、フルカラー / 色調: 白・淡い青・深緑・暖かい橙をバランスよく使う / 演出: 不安を煽らず、図解・ノート・ホワイトボードを活用する
◆【ストーリー】
1コマ目 (上段): 顕微鏡台。状況が伝わる引きの絵。 セリフ: なし ナレーション: ［四角枠］特殊さは検証の難しさでもある。 オノマトペ: なし
2コマ目 (中段): 美奈が特殊装置への期待を口にする。 巻のまとめに向けて、読者にも使える形へ整理する。 セリフ: 美奈「特殊だからこそ本物に見えてしまいます。」 ナレーション: なし オノマトペ: なし
3コマ目 (下段): ノートや図解で要点を整理する。 セリフ: なし ナレーション: ［四角枠］主張・根拠・行動を分けて読む。 オノマトペ: なし","[{""panel_id"": 1, ""type"": ""narration"", ""speaker"": null, ""text"": ""特殊さは検証の難しさでもある。""}, {""panel_id"": 2, ""type"": ""dialogue"", ""speaker"": ""美奈"", ""text"": ""特殊だからこそ本物に見えてしまいます。""}, {""panel_id"": 3, ""type"": ""narration"", ""speaker"": null, ""text"": ""主張・根拠・行動を分けて読む。""}]",mina_casual
67,テンプレ3,"◆【注意】【】で囲まれた語は感情や状況の指示であり、画像内に文字として描画しないでください
◆【絶対最優先】必ずフルカラーにしてください
◆【絶対最優先】必ず日本のアニメ・マンガ調のイラストで描いてください。実写風・フォトリアル風は禁止です。
◆【医療安全】ソマチッドを診断法・治療法として推奨しない。標準医療の中止や受診遅れを促さない。健康行動は専門家相談を前提に描く。
◆【出力サイズ】2:3
◆【補足情報】上下左右に50ピクセルの余白。吹き出しと文字枠は読みやすく、文字量を詰め込みすぎない。
◆【絶対最優先】キャラクター外見: 佐伯は添付の佐伯.pngと100%同一の外見で描画（48歳男性、短い黒髪に少し白髪、薄い縁の眼鏡、白シャツと深緑のカーディガン。科学コミュニケーター。）
◆【補足情報】服装: saeki_default
◆【コマ構成】テンプレ3: 上・小 / 下・大
◆【作画】ジャンル: 教養漫画に最適化した統一スタイル / 作画スタイル: 落ち着いた日本のアニメ・マンガ調、清潔な線画、フルカラー / 色調: 白・淡い青・深緑・暖かい橙をバランスよく使う / 演出: 不安を煽らず、図解・ノート・ホワイトボードを活用する
◆【ストーリー】
1コマ目 (上・小): ホワイトボードの全景。観察条件の違いを並べる。 巻のまとめに向けて、読者にも使える形へ整理する。 セリフ: なし ナレーション: ［四角枠］同じ条件で他者が確認できるか。 オノマトペ: なし
2コマ目 (下・大): 佐伯の表情を大きく描く。 セリフ: 佐伯「条件が変われば、見え方も変わります。」 ナレーション: なし オノマトペ: なし","[{""panel_id"": 1, ""type"": ""narration"", ""speaker"": null, ""text"": ""同じ条件で他者が確認できるか。""}, {""panel_id"": 2, ""type"": ""dialogue"", ""speaker"": ""佐伯"", ""text"": ""条件が変われば、見え方も変わります。""}]",saeki_default
68,テンプレ3,"◆【注意】【】で囲まれた語は感情や状況の指示であり、画像内に文字として描画しないでください
◆【絶対最優先】必ずフルカラーにしてください
◆【絶対最優先】必ず日本のアニメ・マンガ調のイラストで描いてください。実写風・フォトリアル風は禁止です。
◆【医療安全】ソマチッドを診断法・治療法として推奨しない。標準医療の中止や受診遅れを促さない。健康行動は専門家相談を前提に描く。
◆【出力サイズ】2:3
◆【補足情報】上下左右に50ピクセルの余白。吹き出しと文字枠は読みやすく、文字量を詰め込みすぎない。
◆【絶対最優先】キャラクター外見: 陽斗は添付の陽斗.pngと100%同一の外見で描画（18歳男性、短めの黒髪、ライトグレーのパーカー、黒いパンツ。SNSや動画に詳しい若者。）
◆【補足情報】服装: haruto_casual
◆【コマ構成】テンプレ3: 上・小 / 下・大
◆【作画】ジャンル: 教養漫画に最適化した統一スタイル / 作画スタイル: 落ち着いた日本のアニメ・マンガ調、清潔な線画、フルカラー / 色調: 白・淡い青・深緑・暖かい橙をバランスよく使う / 演出: 不安を煽らず、図解・ノート・ホワイトボードを活用する
◆【ストーリー】
1コマ目 (上・小): 動画比較の全景。陽斗が別々の映像を比較する。 巻のまとめに向けて、読者にも使える形へ整理する。 セリフ: なし ナレーション: ［四角枠］映像は条件つきで読む。 オノマトペ: なし
2コマ目 (下・大): 陽斗の表情を大きく描く。 セリフ: 陽斗「似てるけど、撮り方が全部違う。」 ナレーション: なし オノマトペ: なし","[{""panel_id"": 1, ""type"": ""narration"", ""speaker"": null, ""text"": ""映像は条件つきで読む。""}, {""panel_id"": 2, ""type"": ""dialogue"", ""speaker"": ""陽斗"", ""text"": ""似てるけど、撮り方が全部違う。""}]",haruto_casual
69,テンプレ5,"◆【注意】【】で囲まれた語は感情や状況の指示であり、画像内に文字として描画しないでください
◆【絶対最優先】必ずフルカラーにしてください
◆【絶対最優先】必ず日本のアニメ・マンガ調のイラストで描いてください。実写風・フォトリアル風は禁止です。
◆【医療安全】ソマチッドを診断法・治療法として推奨しない。標準医療の中止や受診遅れを促さない。健康行動は専門家相談を前提に描く。
◆【出力サイズ】2:3
◆【補足情報】上下左右に50ピクセルの余白。吹き出しと文字枠は読みやすく、文字量を詰め込みすぎない。
◆【絶対最優先】キャラクター外見: 佐伯は添付の佐伯.pngと100%同一の外見で描画（48歳男性、短い黒髪に少し白髪、薄い縁の眼鏡、白シャツと深緑のカーディガン。科学コミュニケーター。）
◆【補足情報】服装: saeki_default
◆【コマ構成】テンプレ5: 上段 / 中段 / 下段
◆【作画】ジャンル: 教養漫画に最適化した統一スタイル / 作画スタイル: 落ち着いた日本のアニメ・マンガ調、清潔な線画、フルカラー / 色調: 白・淡い青・深緑・暖かい橙をバランスよく使う / 演出: 不安を煽らず、図解・ノート・ホワイトボードを活用する
◆【ストーリー】
1コマ目 (上段): 資料室。状況が伝わる引きの絵。 セリフ: なし ナレーション: ［四角枠］断定と行動誘導に注意する。 オノマトペ: なし
2コマ目 (中段): 714-Xの話題に入る前に佐伯が注意を置く。 巻のまとめに向けて、読者にも使える形へ整理する。 セリフ: 佐伯「ここからは医療判断に近い話です。」 ナレーション: なし オノマトペ: なし
3コマ目 (下段): ノートや図解で要点を整理する。 セリフ: なし ナレーション: ［四角枠］主張・根拠・行動を分けて読む。 オノマトペ: なし","[{""panel_id"": 1, ""type"": ""narration"", ""speaker"": null, ""text"": ""断定と行動誘導に注意する。""}, {""panel_id"": 2, ""type"": ""dialogue"", ""speaker"": ""佐伯"", ""text"": ""ここからは医療判断に近い話です。""}, {""panel_id"": 3, ""type"": ""narration"", ""speaker"": null, ""text"": ""主張・根拠・行動を分けて読む。""}]",saeki_default
70,テンプレ2,"◆【注意】【】で囲まれた語は感情や状況の指示であり、画像内に文字として描画しないでください
◆【絶対最優先】必ずフルカラーにしてください
◆【絶対最優先】必ず日本のアニメ・マンガ調のイラストで描いてください。実写風・フォトリアル風は禁止です。
◆【医療安全】ソマチッドを診断法・治療法として推奨しない。標準医療の中止や受診遅れを促さない。健康行動は専門家相談を前提に描く。
◆【出力サイズ】2:3
◆【補足情報】上下左右に50ピクセルの余白。吹き出しと文字枠は読みやすく、文字量を詰め込みすぎない。
◆【絶対最優先】キャラクター外見: 美奈は添付の美奈.pngと100%同一の外見で描画（35歳女性、肩につく黒髪、淡いブルーのブラウス、ネイビーのロングスカート。健康情報に不安と好奇心を持つ読者代表。） / 佐伯は添付の佐伯.pngと100%同一の外見で描画（48歳男性、短い黒髪に少し白髪、薄い縁の眼鏡、白シャツと深緑のカーディガン。科学コミュニケーター。）
◆【補足情報】服装: mina_casual
◆【コマ構成】テンプレ2: 右上 / 左上 / 下段
◆【作画】ジャンル: 教養漫画に最適化した統一スタイル / 作画スタイル: 落ち着いた日本のアニメ・マンガ調、清潔な線画、フルカラー / 色調: 白・淡い青・深緑・暖かい橙をバランスよく使う / 演出: 不安を煽らず、図解・ノート・ホワイトボードを活用する
◆【ストーリー】
1コマ目 (右上): 講座室。状況が伝わる引きの絵。 セリフ: なし ナレーション: ［四角枠］怖さが判断を急がせる。 オノマトペ: なし
2コマ目 (左上): 美奈ががんや治療の言葉に緊張する。 巻のまとめに向けて、読者にも使える形へ整理する。 セリフ: 美奈「この言葉が出ると、急に怖くなります。」 ナレーション: なし オノマトペ: なし
3コマ目 (下段): ノートや図解で要点を整理する。 セリフ: なし ナレーション: ［四角枠］主張・根拠・行動を分けて読む。 オノマトペ: なし","[{""panel_id"": 1, ""type"": ""narration"", ""speaker"": null, ""text"": ""怖さが判断を急がせる。""}, {""panel_id"": 2, ""type"": ""dialogue"", ""speaker"": ""美奈"", ""text"": ""この言葉が出ると、急に怖くなります。""}, {""panel_id"": 3, ""type"": ""narration"", ""speaker"": null, ""text"": ""主張・根拠・行動を分けて読む。""}]",mina_casual
71,テンプレ4,"◆【注意】【】で囲まれた語は感情や状況の指示であり、画像内に文字として描画しないでください
◆【絶対最優先】必ずフルカラーにしてください
◆【絶対最優先】必ず日本のアニメ・マンガ調のイラストで描いてください。実写風・フォトリアル風は禁止です。
◆【医療安全】ソマチッドを診断法・治療法として推奨しない。標準医療の中止や受診遅れを促さない。健康行動は専門家相談を前提に描く。
◆【出力サイズ】2:3
◆【補足情報】上下左右に50ピクセルの余白。吹き出しと文字枠は読みやすく、文字量を詰め込みすぎない。
◆【絶対最優先】キャラクター外見: 佐伯は添付の佐伯.pngと100%同一の外見で描画（48歳男性、短い黒髪に少し白髪、薄い縁の眼鏡、白シャツと深緑のカーディガン。科学コミュニケーター。）
◆【補足情報】服装: saeki_default
◆【コマ構成】テンプレ4: 上段 / 中段 / 下段
◆【作画】ジャンル: 教養漫画に最適化した統一スタイル / 作画スタイル: 落ち着いた日本のアニメ・マンガ調、清潔な線画、フルカラー / 色調: 白・淡い青・深緑・暖かい橙をバランスよく使う / 演出: 不安を煽らず、図解・ノート・ホワイトボードを活用する
◆【ストーリー】
1コマ目 (上段): 講座室。状況が伝わる引きの絵。 セリフ: なし ナレーション: ［四角枠］相談先は医師などの専門家。 オノマトペ: なし
2コマ目 (中段): 佐伯が標準医療を中止しない原則を伝える。 巻のまとめに向けて、読者にも使える形へ整理する。 セリフ: 佐伯「未確立な理論で受診を遅らせないでください。」 ナレーション: なし オノマトペ: なし
3コマ目 (下段): ノートや図解で要点を整理する。 セリフ: なし ナレーション: ［四角枠］主張・根拠・行動を分けて読む。 オノマトペ: なし","[{""panel_id"": 1, ""type"": ""narration"", ""speaker"": null, ""text"": ""相談先は医師などの専門家。""}, {""panel_id"": 2, ""type"": ""dialogue"", ""speaker"": ""佐伯"", ""text"": ""未確立な理論で受診を遅らせないでください。""}, {""panel_id"": 3, ""type"": ""narration"", ""speaker"": null, ""text"": ""主張・根拠・行動を分けて読む。""}]",saeki_default
72,テンプレ6,"◆【注意】【】で囲まれた語は感情や状況の指示であり、画像内に文字として描画しないでください
◆【絶対最優先】必ずフルカラーにしてください
◆【絶対最優先】必ず日本のアニメ・マンガ調のイラストで描いてください。実写風・フォトリアル風は禁止です。
◆【医療安全】ソマチッドを診断法・治療法として推奨しない。標準医療の中止や受診遅れを促さない。健康行動は専門家相談を前提に描く。
◆【出力サイズ】2:3
◆【補足情報】上下左右に50ピクセルの余白。吹き出しと文字枠は読みやすく、文字量を詰め込みすぎない。
◆【絶対最優先】キャラクター外見: 佐伯は添付の佐伯.pngと100%同一の外見で描画（48歳男性、短い黒髪に少し白髪、薄い縁の眼鏡、白シャツと深緑のカーディガン。科学コミュニケーター。）
◆【補足情報】服装: saeki_default
◆【コマ構成】テンプレ6: 右上 / 左上 / 右下 / 左下
◆【作画】ジャンル: 教養漫画に最適化した統一スタイル / 作画スタイル: 落ち着いた日本のアニメ・マンガ調、清潔な線画、フルカラー / 色調: 白・淡い青・深緑・暖かい橙をバランスよく使う / 演出: 不安を煽らず、図解・ノート・ホワイトボードを活用する
◆【ストーリー】
1コマ目 (右上): 公的情報ページ。状況が伝わる引きの絵。 セリフ: なし ナレーション: ［四角枠］低い温度は断定を避けるため。 オノマトペ: なし
2コマ目 (左上): 公的機関の情報を見る。 巻のまとめに向けて、読者にも使える形へ整理する。 セリフ: 佐伯「公的情報は熱が低く見えても重要です。」 ナレーション: なし オノマトペ: なし
3コマ目 (右下): ノートや図解で要点を整理する。 セリフ: なし ナレーション: ［四角枠］主張・根拠・行動を分けて読む。 オノマトペ: なし","[{""panel_id"": 1, ""type"": ""narration"", ""speaker"": null, ""text"": ""低い温度は断定を避けるため。""}, {""panel_id"": 2, ""type"": ""dialogue"", ""speaker"": ""佐伯"", ""text"": ""公的情報は熱が低く見えても重要です。""}, {""panel_id"": 3, ""type"": ""narration"", ""speaker"": null, ""text"": ""主張・根拠・行動を分けて読む。""}]",saeki_default
73,テンプレ5,"◆【注意】【】で囲まれた語は感情や状況の指示であり、画像内に文字として描画しないでください
◆【絶対最優先】必ずフルカラーにしてください
◆【絶対最優先】必ず日本のアニメ・マンガ調のイラストで描いてください。実写風・フォトリアル風は禁止です。
◆【医療安全】ソマチッドを診断法・治療法として推奨しない。標準医療の中止や受診遅れを促さない。健康行動は専門家相談を前提に描く。
◆【出力サイズ】2:3
◆【補足情報】上下左右に50ピクセルの余白。吹き出しと文字枠は読みやすく、文字量を詰め込みすぎない。
◆【絶対最優先】キャラクター外見: 陽斗は添付の陽斗.pngと100%同一の外見で描画（18歳男性、短めの黒髪、ライトグレーのパーカー、黒いパンツ。SNSや動画に詳しい若者。） / 佐伯は添付の佐伯.pngと100%同一の外見で描画（48歳男性、短い黒髪に少し白髪、薄い縁の眼鏡、白シャツと深緑のカーディガン。科学コミュニケーター。）
◆【補足情報】服装: haruto_casual
◆【コマ構成】テンプレ5: 上段 / 中段 / 下段
◆【作画】ジャンル: 教養漫画に最適化した統一スタイル / 作画スタイル: 落ち着いた日本のアニメ・マンガ調、清潔な線画、フルカラー / 色調: 白・淡い青・深緑・暖かい橙をバランスよく使う / 演出: 不安を煽らず、図解・ノート・ホワイトボードを活用する
◆【ストーリー】
1コマ目 (上段): 図書館。状況が伝わる引きの絵。 セリフ: なし ナレーション: ［四角枠］希望は尊重し、根拠は別に見る。 オノマトペ: なし
2コマ目 (中段): 陽斗が希望を持つ人の気持ちを問う。 巻のまとめに向けて、読者にも使える形へ整理する。 セリフ: 陽斗「希望を持った人の気持ちはどう扱うの？」 ナレーション: なし オノマトペ: なし
3コマ目 (下段): ノートや図解で要点を整理する。 セリフ: なし ナレーション: ［四角枠］主張・根拠・行動を分けて読む。 オノマトペ: なし","[{""panel_id"": 1, ""type"": ""narration"", ""speaker"": null, ""text"": ""希望は尊重し、根拠は別に見る。""}, {""panel_id"": 2, ""type"": ""dialogue"", ""speaker"": ""陽斗"", ""text"": ""希望を持った人の気持ちはどう扱うの？""}, {""panel_id"": 3, ""type"": ""narration"", ""speaker"": null, ""text"": ""主張・根拠・行動を分けて読む。""}]",haruto_casual
74,テンプレ3,"◆【注意】【】で囲まれた語は感情や状況の指示であり、画像内に文字として描画しないでください
◆【絶対最優先】必ずフルカラーにしてください
◆【絶対最優先】必ず日本のアニメ・マンガ調のイラストで描いてください。実写風・フォトリアル風は禁止です。
◆【医療安全】ソマチッドを診断法・治療法として推奨しない。標準医療の中止や受診遅れを促さない。健康行動は専門家相談を前提に描く。
◆【出力サイズ】2:3
◆【補足情報】上下左右に50ピクセルの余白。吹き出しと文字枠は読みやすく、文字量を詰め込みすぎない。
◆【絶対最優先】キャラクター外見: 美奈は添付の美奈.pngと100%同一の外見で描画（35歳女性、肩につく黒髪、淡いブルーのブラウス、ネイビーのロングスカート。健康情報に不安と好奇心を持つ読者代表。）
◆【補足情報】服装: mina_casual
◆【コマ構成】テンプレ3: 上・小 / 下・大
◆【作画】ジャンル: 教養漫画に最適化した統一スタイル / 作画スタイル: 落ち着いた日本のアニメ・マンガ調、清潔な線画、フルカラー / 色調: 白・淡い青・深緑・暖かい橙をバランスよく使う / 演出: 不安を煽らず、図解・ノート・ホワイトボードを活用する
◆【ストーリー】
1コマ目 (上・小): 相談机の全景。美奈が体験談に心を動かされる。 巻のまとめに向けて、読者にも使える形へ整理する。 セリフ: なし ナレーション: ［四角枠］人への共感と主張の検証を分ける。 オノマトペ: なし
2コマ目 (下・大): 美奈の表情を大きく描く。 セリフ: 美奈「信じた人を否定したいわけじゃない。」 ナレーション: なし オノマトペ: なし","[{""panel_id"": 1, ""type"": ""narration"", ""speaker"": null, ""text"": ""人への共感と主張の検証を分ける。""}, {""panel_id"": 2, ""type"": ""dialogue"", ""speaker"": ""美奈"", ""text"": ""信じた人を否定したいわけじゃない。""}]",mina_casual
75,テンプレ3,"◆【注意】【】で囲まれた語は感情や状況の指示であり、画像内に文字として描画しないでください
◆【絶対最優先】必ずフルカラーにしてください
◆【絶対最優先】必ず日本のアニメ・マンガ調のイラストで描いてください。実写風・フォトリアル風は禁止です。
◆【医療安全】ソマチッドを診断法・治療法として推奨しない。標準医療の中止や受診遅れを促さない。健康行動は専門家相談を前提に描く。
◆【出力サイズ】2:3
◆【補足情報】上下左右に50ピクセルの余白。吹き出しと文字枠は読みやすく、文字量を詰め込みすぎない。
◆【絶対最優先】キャラクター外見: 佐伯は添付の佐伯.pngと100%同一の外見で描画（48歳男性、短い黒髪に少し白髪、薄い縁の眼鏡、白シャツと深緑のカーディガン。科学コミュニケーター。）
◆【補足情報】服装: saeki_default
◆【コマ構成】テンプレ3: 上・小 / 下・大
◆【作画】ジャンル: 教養漫画に最適化した統一スタイル / 作画スタイル: 落ち着いた日本のアニメ・マンガ調、清潔な線画、フルカラー / 色調: 白・淡い青・深緑・暖かい橙をバランスよく使う / 演出: 不安を煽らず、図解・ノート・ホワイトボードを活用する
◆【ストーリー】
1コマ目 (上・小): ホワイトボードの全景。迫害された発見者という物語を整理する。 巻のまとめに向けて、読者にも使える形へ整理する。 セリフ: なし ナレーション: ［四角枠］権威の抵抗か、根拠不足か。 オノマトペ: なし
2コマ目 (下・大): 佐伯の表情を大きく描く。 セリフ: 佐伯「認められない理由を一つに決めない。」 ナレーション: なし オノマトペ: なし","[{""panel_id"": 1, ""type"": ""narration"", ""speaker"": null, ""text"": ""権威の抵抗か、根拠不足か。""}, {""panel_id"": 2, ""type"": ""dialogue"", ""speaker"": ""佐伯"", ""text"": ""認められない理由を一つに決めない。""}]",saeki_default
76,テンプレ5,"◆【注意】【】で囲まれた語は感情や状況の指示であり、画像内に文字として描画しないでください
◆【絶対最優先】必ずフルカラーにしてください
◆【絶対最優先】必ず日本のアニメ・マンガ調のイラストで描いてください。実写風・フォトリアル風は禁止です。
◆【医療安全】ソマチッドを診断法・治療法として推奨しない。標準医療の中止や受診遅れを促さない。健康行動は専門家相談を前提に描く。
◆【出力サイズ】2:3
◆【補足情報】上下左右に50ピクセルの余白。吹き出しと文字枠は読みやすく、文字量を詰め込みすぎない。
◆【絶対最優先】キャラクター外見: 美奈は添付の美奈.pngと100%同一の外見で描画（35歳女性、肩につく黒髪、淡いブルーのブラウス、ネイビーのロングスカート。健康情報に不安と好奇心を持つ読者代表。）
◆【補足情報】服装: mina_casual
◆【コマ構成】テンプレ5: 上段 / 中段 / 下段
◆【作画】ジャンル: 教養漫画に最適化した統一スタイル / 作画スタイル: 落ち着いた日本のアニメ・マンガ調、清潔な線画、フルカラー / 色調: 白・淡い青・深緑・暖かい橙をバランスよく使う / 演出: 不安を煽らず、図解・ノート・ホワイトボードを活用する
◆【ストーリー】
1コマ目 (上段): 資料カード。状況が伝わる引きの絵。 セリフ: なし ナレーション: ［四角枠］文脈を分けると熱が下がる。 オノマトペ: なし
2コマ目 (中段): 支持者の語りと批判者の論点をカード化する。 巻のまとめに向けて、読者にも使える形へ整理する。 セリフ: 美奈「同じ話でも、置く場所で見え方が変わる。」 ナレーション: なし オノマトペ: なし
3コマ目 (下段): ノートや図解で要点を整理する。 セリフ: なし ナレーション: ［四角枠］主張・根拠・行動を分けて読む。 オノマトペ: なし","[{""panel_id"": 1, ""type"": ""narration"", ""speaker"": null, ""text"": ""文脈を分けると熱が下がる。""}, {""panel_id"": 2, ""type"": ""dialogue"", ""speaker"": ""美奈"", ""text"": ""同じ話でも、置く場所で見え方が変わる。""}, {""panel_id"": 3, ""type"": ""narration"", ""speaker"": null, ""text"": ""主張・根拠・行動を分けて読む。""}]",mina_casual
77,テンプレ2,"◆【注意】【】で囲まれた語は感情や状況の指示であり、画像内に文字として描画しないでください
◆【絶対最優先】必ずフルカラーにしてください
◆【絶対最優先】必ず日本のアニメ・マンガ調のイラストで描いてください。実写風・フォトリアル風は禁止です。
◆【医療安全】ソマチッドを診断法・治療法として推奨しない。標準医療の中止や受診遅れを促さない。健康行動は専門家相談を前提に描く。
◆【出力サイズ】2:3
◆【補足情報】上下左右に50ピクセルの余白。吹き出しと文字枠は読みやすく、文字量を詰め込みすぎない。
◆【絶対最優先】キャラクター外見: 陽斗は添付の陽斗.pngと100%同一の外見で描画（18歳男性、短めの黒髪、ライトグレーのパーカー、黒いパンツ。SNSや動画に詳しい若者。）
◆【補足情報】服装: haruto_casual
◆【コマ構成】テンプレ2: 右上 / 左上 / 下段
◆【作画】ジャンル: 教養漫画に最適化した統一スタイル / 作画スタイル: 落ち着いた日本のアニメ・マンガ調、清潔な線画、フルカラー / 色調: 白・淡い青・深緑・暖かい橙をバランスよく使う / 演出: 不安を煽らず、図解・ノート・ホワイトボードを活用する
◆【ストーリー】
1コマ目 (右上): 窓際。状況が伝わる引きの絵。 セリフ: なし ナレーション: ［四角枠］敵の物語より検証の道筋を見る。 オノマトペ: なし
2コマ目 (左上): 陽斗が陰謀論的な展開への警戒を覚える。 巻のまとめに向けて、読者にも使える形へ整理する。 セリフ: 陽斗「敵がいる話は、すごく拡散しやすい。」 ナレーション: なし オノマトペ: なし
3コマ目 (下段): ノートや図解で要点を整理する。 セリフ: なし ナレーション: ［四角枠］主張・根拠・行動を分けて読む。 オノマトペ: なし","[{""panel_id"": 1, ""type"": ""narration"", ""speaker"": null, ""text"": ""敵の物語より検証の道筋を見る。""}, {""panel_id"": 2, ""type"": ""dialogue"", ""speaker"": ""陽斗"", ""text"": ""敵がいる話は、すごく拡散しやすい。""}, {""panel_id"": 3, ""type"": ""narration"", ""speaker"": null, ""text"": ""主張・根拠・行動を分けて読む。""}]",haruto_casual
78,テンプレ4,"◆【注意】【】で囲まれた語は感情や状況の指示であり、画像内に文字として描画しないでください
◆【絶対最優先】必ずフルカラーにしてください
◆【絶対最優先】必ず日本のアニメ・マンガ調のイラストで描いてください。実写風・フォトリアル風は禁止です。
◆【医療安全】ソマチッドを診断法・治療法として推奨しない。標準医療の中止や受診遅れを促さない。健康行動は専門家相談を前提に描く。
◆【出力サイズ】2:3
◆【補足情報】上下左右に50ピクセルの余白。吹き出しと文字枠は読みやすく、文字量を詰め込みすぎない。
◆【絶対最優先】キャラクター外見: 佐伯は添付の佐伯.pngと100%同一の外見で描画（48歳男性、短い黒髪に少し白髪、薄い縁の眼鏡、白シャツと深緑のカーディガン。科学コミュニケーター。）
◆【補足情報】服装: saeki_default
◆【コマ構成】テンプレ4: 上段 / 中段 / 下段
◆【作画】ジャンル: 教養漫画に最適化した統一スタイル / 作画スタイル: 落ち着いた日本のアニメ・マンガ調、清潔な線画、フルカラー / 色調: 白・淡い青・深緑・暖かい橙をバランスよく使う / 演出: 不安を煽らず、図解・ノート・ホワイトボードを活用する
◆【ストーリー】
1コマ目 (上段): 講座室。状況が伝わる引きの絵。 セリフ: なし ナレーション: ［四角枠］賛成か反対かだけにしない。 オノマトペ: なし
2コマ目 (中段): 三人が歴史を賛否でなく文脈として読む。 巻のまとめに向けて、読者にも使える形へ整理する。 セリフ: 佐伯「歴史は判定ではなく、読み方を教えます。」 ナレーション: なし オノマトペ: なし
3コマ目 (下段): ノートや図解で要点を整理する。 セリフ: なし ナレーション: ［四角枠］主張・根拠・行動を分けて読む。 オノマトペ: なし","[{""panel_id"": 1, ""type"": ""narration"", ""speaker"": null, ""text"": ""賛成か反対かだけにしない。""}, {""panel_id"": 2, ""type"": ""dialogue"", ""speaker"": ""佐伯"", ""text"": ""歴史は判定ではなく、読み方を教えます。""}, {""panel_id"": 3, ""type"": ""narration"", ""speaker"": null, ""text"": ""主張・根拠・行動を分けて読む。""}]",saeki_default
79,テンプレ6,"◆【注意】【】で囲まれた語は感情や状況の指示であり、画像内に文字として描画しないでください
◆【絶対最優先】必ずフルカラーにしてください
◆【絶対最優先】必ず日本のアニメ・マンガ調のイラストで描いてください。実写風・フォトリアル風は禁止です。
◆【医療安全】ソマチッドを診断法・治療法として推奨しない。標準医療の中止や受診遅れを促さない。健康行動は専門家相談を前提に描く。
◆【出力サイズ】2:3
◆【補足情報】上下左右に50ピクセルの余白。吹き出しと文字枠は読みやすく、文字量を詰め込みすぎない。
◆【絶対最優先】キャラクター外見: 美奈は添付の美奈.pngと100%同一の外見で描画（35歳女性、肩につく黒髪、淡いブルーのブラウス、ネイビーのロングスカート。健康情報に不安と好奇心を持つ読者代表。）
◆【補足情報】服装: mina_casual
◆【コマ構成】テンプレ6: 右上 / 左上 / 右下 / 左下
◆【作画】ジャンル: 教養漫画に最適化した統一スタイル / 作画スタイル: 落ち着いた日本のアニメ・マンガ調、清潔な線画、フルカラー / 色調: 白・淡い青・深緑・暖かい橙をバランスよく使う / 演出: 不安を煽らず、図解・ノート・ホワイトボードを活用する
◆【ストーリー】
1コマ目 (右上): まとめ図。状況が伝わる引きの絵。 セリフ: なし ナレーション: ［四角枠］歴史を分類して読む。 オノマトペ: なし
2コマ目 (左上): 発見者・装置・療法・公的評価を4分類する。 巻のまとめに向けて、読者にも使える形へ整理する。 セリフ: 美奈「別々に置くと、急がなくてよくなる。」 ナレーション: なし オノマトペ: なし
3コマ目 (右下): ノートや図解で要点を整理する。 セリフ: なし ナレーション: ［四角枠］主張・根拠・行動を分けて読む。 オノマトペ: なし","[{""panel_id"": 1, ""type"": ""narration"", ""speaker"": null, ""text"": ""歴史を分類して読む。""}, {""panel_id"": 2, ""type"": ""dialogue"", ""speaker"": ""美奈"", ""text"": ""別々に置くと、急がなくてよくなる。""}, {""panel_id"": 3, ""type"": ""narration"", ""speaker"": null, ""text"": ""主張・根拠・行動を分けて読む。""}]",mina_casual
80,テンプレ5,"◆【注意】【】で囲まれた語は感情や状況の指示であり、画像内に文字として描画しないでください
◆【絶対最優先】必ずフルカラーにしてください
◆【絶対最優先】必ず日本のアニメ・マンガ調のイラストで描いてください。実写風・フォトリアル風は禁止です。
◆【医療安全】ソマチッドを診断法・治療法として推奨しない。標準医療の中止や受診遅れを促さない。健康行動は専門家相談を前提に描く。
◆【出力サイズ】2:3
◆【補足情報】上下左右に50ピクセルの余白。吹き出しと文字枠は読みやすく、文字量を詰め込みすぎない。
◆【絶対最優先】キャラクター外見: 佐伯は添付の佐伯.pngと100%同一の外見で描画（48歳男性、短い黒髪に少し白髪、薄い縁の眼鏡、白シャツと深緑のカーディガン。科学コミュニケーター。）
◆【補足情報】服装: saeki_default
◆【コマ構成】テンプレ5: 上段 / 中段 / 下段
◆【作画】ジャンル: 教養漫画に最適化した統一スタイル / 作画スタイル: 落ち着いた日本のアニメ・マンガ調、清潔な線画、フルカラー / 色調: 白・淡い青・深緑・暖かい橙をバランスよく使う / 演出: 不安を煽らず、図解・ノート・ホワイトボードを活用する
◆【ストーリー】
1コマ目 (上段): 資料室出口。状況が伝わる引きの絵。 セリフ: なし ナレーション: ［四角枠］歴史の次は主張の地図。 オノマトペ: なし
2コマ目 (中段): 次巻の主張分類へ進む。 巻のまとめに向けて、読者にも使える形へ整理する。 セリフ: 佐伯「次は、何が主張されてきたのかを地図にします。」 ナレーション: なし オノマトペ: なし
3コマ目 (下段): ノートや図解で要点を整理する。 セリフ: なし ナレーション: ［四角枠］主張・根拠・行動を分けて読む。 オノマトペ: なし","[{""panel_id"": 1, ""type"": ""narration"", ""speaker"": null, ""text"": ""歴史の次は主張の地図。""}, {""panel_id"": 2, ""type"": ""dialogue"", ""speaker"": ""佐伯"", ""text"": ""次は、何が主張されてきたのかを地図にします。""}, {""panel_id"": 3, ""type"": ""narration"", ""speaker"": null, ""text"": ""主張・根拠・行動を分けて読む。""}]",saeki_default
81,テンプレ3,"◆【注意】【】で囲まれた語は感情や状況の指示であり、画像内に文字として描画しないでください
◆【絶対最優先】必ずフルカラーにしてください
◆【絶対最優先】必ず日本のアニメ・マンガ調のイラストで描いてください。実写風・フォトリアル風は禁止です。
◆【医療安全】ソマチッドを診断法・治療法として推奨しない。標準医療の中止や受診遅れを促さない。健康行動は専門家相談を前提に描く。
◆【出力サイズ】2:3
◆【補足情報】上下左右に50ピクセルの余白。吹き出しと文字枠は読みやすく、文字量を詰め込みすぎない。
◆【絶対最優先】キャラクター外見: 佐伯は添付の佐伯.pngと100%同一の外見で描画（48歳男性、短い黒髪に少し白髪、薄い縁の眼鏡、白シャツと深緑のカーディガン。科学コミュニケーター。）
◆【補足情報】服装: saeki_default
◆【コマ構成】テンプレ3: 上・小 / 下・大
◆【作画】ジャンル: 教養漫画に最適化した統一スタイル / 作画スタイル: 落ち着いた日本のアニメ・マンガ調、清潔な線画、フルカラー / 色調: 白・淡い青・深緑・暖かい橙をバランスよく使う / 演出: 不安を煽らず、図解・ノート・ホワイトボードを活用する
◆【ストーリー】
1コマ目 (上・小): 古い資料室の全景。佐伯がガストン・ネサンに関する資料を開く。 巻のまとめに向けて、読者にも使える形へ整理する。 セリフ: なし ナレーション: ［四角枠］魅力的な発見者像だけで判断しない。 オノマトペ: なし
2コマ目 (下・大): 佐伯の表情を大きく描く。 セリフ: 佐伯「人物の物語と主張の検証を分けます。」 ナレーション: なし オノマトペ: なし","[{""panel_id"": 1, ""type"": ""narration"", ""speaker"": null, ""text"": ""魅力的な発見者像だけで判断しない。""}, {""panel_id"": 2, ""type"": ""dialogue"", ""speaker"": ""佐伯"", ""text"": ""人物の物語と主張の検証を分けます。""}]",saeki_default
82,テンプレ3,"◆【注意】【】で囲まれた語は感情や状況の指示であり、画像内に文字として描画しないでください
◆【絶対最優先】必ずフルカラーにしてください
◆【絶対最優先】必ず日本のアニメ・マンガ調のイラストで描いてください。実写風・フォトリアル風は禁止です。
◆【医療安全】ソマチッドを診断法・治療法として推奨しない。標準医療の中止や受診遅れを促さない。健康行動は専門家相談を前提に描く。
◆【出力サイズ】2:3
◆【補足情報】上下左右に50ピクセルの余白。吹き出しと文字枠は読みやすく、文字量を詰め込みすぎない。
◆【絶対最優先】キャラクター外見: 陽斗は添付の陽斗.pngと100%同一の外見で描画（18歳男性、短めの黒髪、ライトグレーのパーカー、黒いパンツ。SNSや動画に詳しい若者。）
◆【補足情報】服装: haruto_casual
◆【コマ構成】テンプレ3: 上・小 / 下・大
◆【作画】ジャンル: 教養漫画に最適化した統一スタイル / 作画スタイル: 落ち着いた日本のアニメ・マンガ調、清潔な線画、フルカラー / 色調: 白・淡い青・深緑・暖かい橙をバランスよく使う / 演出: 不安を煽らず、図解・ノート・ホワイトボードを活用する
◆【ストーリー】
1コマ目 (上・小): 資料机の全景。陽斗が発見者ストーリーに惹かれる。 巻のまとめに向けて、読者にも使える形へ整理する。 セリフ: なし ナレーション: ［四角枠］物語の力と根拠の強さは別。 オノマトペ: なし
2コマ目 (下・大): 陽斗の表情を大きく描く。 セリフ: 陽斗「ひとりの研究者が見つけたって、物語として強いね。」 ナレーション: なし オノマトペ: なし","[{""panel_id"": 1, ""type"": ""narration"", ""speaker"": null, ""text"": ""物語の力と根拠の強さは別。""}, {""panel_id"": 2, ""type"": ""dialogue"", ""speaker"": ""陽斗"", ""text"": ""ひとりの研究者が見つけたって、物語として強いね。""}]",haruto_casual
83,テンプレ5,"◆【注意】【】で囲まれた語は感情や状況の指示であり、画像内に文字として描画しないでください
◆【絶対最優先】必ずフルカラーにしてください
◆【絶対最優先】必ず日本のアニメ・マンガ調のイラストで描いてください。実写風・フォトリアル風は禁止です。
◆【医療安全】ソマチッドを診断法・治療法として推奨しない。標準医療の中止や受診遅れを促さない。健康行動は専門家相談を前提に描く。
◆【出力サイズ】2:3
◆【補足情報】上下左右に50ピクセルの余白。吹き出しと文字枠は読みやすく、文字量を詰め込みすぎない。
◆【絶対最優先】キャラクター外見: 美奈は添付の美奈.pngと100%同一の外見で描画（35歳女性、肩につく黒髪、淡いブルーのブラウス、ネイビーのロングスカート。健康情報に不安と好奇心を持つ読者代表。）
◆【補足情報】服装: mina_casual
◆【コマ構成】テンプレ5: 上段 / 中段 / 下段
◆【作画】ジャンル: 教養漫画に最適化した統一スタイル / 作画スタイル: 落ち着いた日本のアニメ・マンガ調、清潔な線画、フルカラー / 色調: 白・淡い青・深緑・暖かい橙をバランスよく使う / 演出: 不安を煽らず、図解・ノート・ホワイトボードを活用する
◆【ストーリー】
1コマ目 (上段): 年表ページ。状況が伝わる引きの絵。 セリフ: なし ナレーション: ［四角枠］混ざった情報を年表でほどく。 オノマトペ: なし
2コマ目 (中段): 三人が年表を作る。 巻のまとめに向けて、読者にも使える形へ整理する。 セリフ: 美奈「人生、支持者、批判を別の色にします。」 ナレーション: なし オノマトペ: なし
3コマ目 (下段): ノートや図解で要点を整理する。 セリフ: なし ナレーション: ［四角枠］主張・根拠・行動を分けて読む。 オノマトペ: なし","[{""panel_id"": 1, ""type"": ""narration"", ""speaker"": null, ""text"": ""混ざった情報を年表でほどく。""}, {""panel_id"": 2, ""type"": ""dialogue"", ""speaker"": ""美奈"", ""text"": ""人生、支持者、批判を別の色にします。""}, {""panel_id"": 3, ""type"": ""narration"", ""speaker"": null, ""text"": ""主張・根拠・行動を分けて読む。""}]",mina_casual
84,テンプレ2,"◆【注意】【】で囲まれた語は感情や状況の指示であり、画像内に文字として描画しないでください
◆【絶対最優先】必ずフルカラーにしてください
◆【絶対最優先】必ず日本のアニメ・マンガ調のイラストで描いてください。実写風・フォトリアル風は禁止です。
◆【医療安全】ソマチッドを診断法・治療法として推奨しない。標準医療の中止や受診遅れを促さない。健康行動は専門家相談を前提に描く。
◆【出力サイズ】2:3
◆【補足情報】上下左右に50ピクセルの余白。吹き出しと文字枠は読みやすく、文字量を詰め込みすぎない。
◆【絶対最優先】キャラクター外見: 佐伯は添付の佐伯.pngと100%同一の外見で描画（48歳男性、短い黒髪に少し白髪、薄い縁の眼鏡、白シャツと深緑のカーディガン。科学コミュニケーター。）
◆【補足情報】服装: saeki_default
◆【コマ構成】テンプレ2: 右上 / 左上 / 下段
◆【作画】ジャンル: 教養漫画に最適化した統一スタイル / 作画スタイル: 落ち着いた日本のアニメ・マンガ調、清潔な線画、フルカラー / 色調: 白・淡い青・深緑・暖かい橙をバランスよく使う / 演出: 不安を煽らず、図解・ノート・ホワイトボードを活用する
◆【ストーリー】
1コマ目 (右上): 研究室イメージ。状況が伝わる引きの絵。 セリフ: なし ナレーション: ［四角枠］装置・倍率・光・試料を確認する。 オノマトペ: なし
2コマ目 (左上): ソマトスコープの説明を聞く。 巻のまとめに向けて、読者にも使える形へ整理する。 セリフ: 佐伯「特殊な装置ほど、再現条件が重要です。」 ナレーション: なし オノマトペ: なし
3コマ目 (下段): ノートや図解で要点を整理する。 セリフ: なし ナレーション: ［四角枠］主張・根拠・行動を分けて読む。 オノマトペ: なし","[{""panel_id"": 1, ""type"": ""narration"", ""speaker"": null, ""text"": ""装置・倍率・光・試料を確認する。""}, {""panel_id"": 2, ""type"": ""dialogue"", ""speaker"": ""佐伯"", ""text"": ""特殊な装置ほど、再現条件が重要です。""}, {""panel_id"": 3, ""type"": ""narration"", ""speaker"": null, ""text"": ""主張・根拠・行動を分けて読む。""}]",saeki_default
85,テンプレ4,"◆【注意】【】で囲まれた語は感情や状況の指示であり、画像内に文字として描画しないでください
◆【絶対最優先】必ずフルカラーにしてください
◆【絶対最優先】必ず日本のアニメ・マンガ調のイラストで描いてください。実写風・フォトリアル風は禁止です。
◆【医療安全】ソマチッドを診断法・治療法として推奨しない。標準医療の中止や受診遅れを促さない。健康行動は専門家相談を前提に描く。
◆【出力サイズ】2:3
◆【補足情報】上下左右に50ピクセルの余白。吹き出しと文字枠は読みやすく、文字量を詰め込みすぎない。
◆【絶対最優先】キャラクター外見: 美奈は添付の美奈.pngと100%同一の外見で描画（35歳女性、肩につく黒髪、淡いブルーのブラウス、ネイビーのロングスカート。健康情報に不安と好奇心を持つ読者代表。）
◆【補足情報】服装: mina_casual
◆【コマ構成】テンプレ4: 上段 / 中段 / 下段
◆【作画】ジャンル: 教養漫画に最適化した統一スタイル / 作画スタイル: 落ち着いた日本のアニメ・マンガ調、清潔な線画、フルカラー / 色調: 白・淡い青・深緑・暖かい橙をバランスよく使う / 演出: 不安を煽らず、図解・ノート・ホワイトボードを活用する
◆【ストーリー】
1コマ目 (上段): 顕微鏡台。状況が伝わる引きの絵。 セリフ: なし ナレーション: ［四角枠］特殊さは検証の難しさでもある。 オノマトペ: なし
2コマ目 (中段): 美奈が特殊装置への期待を口にする。 巻のまとめに向けて、読者にも使える形へ整理する。 セリフ: 美奈「特殊だからこそ本物に見えてしまいます。」 ナレーション: なし オノマトペ: なし
3コマ目 (下段): ノートや図解で要点を整理する。 セリフ: なし ナレーション: ［四角枠］主張・根拠・行動を分けて読む。 オノマトペ: なし","[{""panel_id"": 1, ""type"": ""narration"", ""speaker"": null, ""text"": ""特殊さは検証の難しさでもある。""}, {""panel_id"": 2, ""type"": ""dialogue"", ""speaker"": ""美奈"", ""text"": ""特殊だからこそ本物に見えてしまいます。""}, {""panel_id"": 3, ""type"": ""narration"", ""speaker"": null, ""text"": ""主張・根拠・行動を分けて読む。""}]",mina_casual
86,テンプレ6,"◆【注意】【】で囲まれた語は感情や状況の指示であり、画像内に文字として描画しないでください
◆【絶対最優先】必ずフルカラーにしてください
◆【絶対最優先】必ず日本のアニメ・マンガ調のイラストで描いてください。実写風・フォトリアル風は禁止です。
◆【医療安全】ソマチッドを診断法・治療法として推奨しない。標準医療の中止や受診遅れを促さない。健康行動は専門家相談を前提に描く。
◆【出力サイズ】2:3
◆【補足情報】上下左右に50ピクセルの余白。吹き出しと文字枠は読みやすく、文字量を詰め込みすぎない。
◆【絶対最優先】キャラクター外見: 佐伯は添付の佐伯.pngと100%同一の外見で描画（48歳男性、短い黒髪に少し白髪、薄い縁の眼鏡、白シャツと深緑のカーディガン。科学コミュニケーター。）
◆【補足情報】服装: saeki_default
◆【コマ構成】テンプレ6: 右上 / 左上 / 右下 / 左下
◆【作画】ジャンル: 教養漫画に最適化した統一スタイル / 作画スタイル: 落ち着いた日本のアニメ・マンガ調、清潔な線画、フルカラー / 色調: 白・淡い青・深緑・暖かい橙をバランスよく使う / 演出: 不安を煽らず、図解・ノート・ホワイトボードを活用する
◆【ストーリー】
1コマ目 (右上): ホワイトボード。状況が伝わる引きの絵。 セリフ: なし ナレーション: ［四角枠］同じ条件で他者が確認できるか。 オノマトペ: なし
2コマ目 (左上): 観察条件の違いを並べる。 巻のまとめに向けて、読者にも使える形へ整理する。 セリフ: 佐伯「条件が変われば、見え方も変わります。」 ナレーション: なし オノマトペ: なし
3コマ目 (右下): ノートや図解で要点を整理する。 セリフ: なし ナレーション: ［四角枠］主張・根拠・行動を分けて読む。 オノマトペ: なし","[{""panel_id"": 1, ""type"": ""narration"", ""speaker"": null, ""text"": ""同じ条件で他者が確認できるか。""}, {""panel_id"": 2, ""type"": ""dialogue"", ""speaker"": ""佐伯"", ""text"": ""条件が変われば、見え方も変わります。""}, {""panel_id"": 3, ""type"": ""narration"", ""speaker"": null, ""text"": ""主張・根拠・行動を分けて読む。""}]",saeki_default
87,テンプレ5,"◆【注意】【】で囲まれた語は感情や状況の指示であり、画像内に文字として描画しないでください
◆【絶対最優先】必ずフルカラーにしてください
◆【絶対最優先】必ず日本のアニメ・マンガ調のイラストで描いてください。実写風・フォトリアル風は禁止です。
◆【医療安全】ソマチッドを診断法・治療法として推奨しない。標準医療の中止や受診遅れを促さない。健康行動は専門家相談を前提に描く。
◆【出力サイズ】2:3
◆【補足情報】上下左右に50ピクセルの余白。吹き出しと文字枠は読みやすく、文字量を詰め込みすぎない。
◆【絶対最優先】キャラクター外見: 陽斗は添付の陽斗.pngと100%同一の外見で描画（18歳男性、短めの黒髪、ライトグレーのパーカー、黒いパンツ。SNSや動画に詳しい若者。）
◆【補足情報】服装: haruto_casual
◆【コマ構成】テンプレ5: 上段 / 中段 / 下段
◆【作画】ジャンル: 教養漫画に最適化した統一スタイル / 作画スタイル: 落ち着いた日本のアニメ・マンガ調、清潔な線画、フルカラー / 色調: 白・淡い青・深緑・暖かい橙をバランスよく使う / 演出: 不安を煽らず、図解・ノート・ホワイトボードを活用する
◆【ストーリー】
1コマ目 (上段): 動画比較。状況が伝わる引きの絵。 セリフ: なし ナレーション: ［四角枠］映像は条件つきで読む。 オノマトペ: なし
2コマ目 (中段): 陽斗が別々の映像を比較する。 巻のまとめに向けて、読者にも使える形へ整理する。 セリフ: 陽斗「似てるけど、撮り方が全部違う。」 ナレーション: なし オノマトペ: なし
3コマ目 (下段): ノートや図解で要点を整理する。 セリフ: なし ナレーション: ［四角枠］主張・根拠・行動を分けて読む。 オノマトペ: なし","[{""panel_id"": 1, ""type"": ""narration"", ""speaker"": null, ""text"": ""映像は条件つきで読む。""}, {""panel_id"": 2, ""type"": ""dialogue"", ""speaker"": ""陽斗"", ""text"": ""似てるけど、撮り方が全部違う。""}, {""panel_id"": 3, ""type"": ""narration"", ""speaker"": null, ""text"": ""主張・根拠・行動を分けて読む。""}]",haruto_casual
88,テンプレ3,"◆【注意】【】で囲まれた語は感情や状況の指示であり、画像内に文字として描画しないでください
◆【絶対最優先】必ずフルカラーにしてください
◆【絶対最優先】必ず日本のアニメ・マンガ調のイラストで描いてください。実写風・フォトリアル風は禁止です。
◆【医療安全】ソマチッドを診断法・治療法として推奨しない。標準医療の中止や受診遅れを促さない。健康行動は専門家相談を前提に描く。
◆【出力サイズ】2:3
◆【補足情報】上下左右に50ピクセルの余白。吹き出しと文字枠は読みやすく、文字量を詰め込みすぎない。
◆【絶対最優先】キャラクター外見: 佐伯は添付の佐伯.pngと100%同一の外見で描画（48歳男性、短い黒髪に少し白髪、薄い縁の眼鏡、白シャツと深緑のカーディガン。科学コミュニケーター。）
◆【補足情報】服装: saeki_default
◆【コマ構成】テンプレ3: 上・小 / 下・大
◆【作画】ジャンル: 教養漫画に最適化した統一スタイル / 作画スタイル: 落ち着いた日本のアニメ・マンガ調、清潔な線画、フルカラー / 色調: 白・淡い青・深緑・暖かい橙をバランスよく使う / 演出: 不安を煽らず、図解・ノート・ホワイトボードを活用する
◆【ストーリー】
1コマ目 (上・小): 資料室の全景。714-Xの話題に入る前に佐伯が注意を置く。 巻のまとめに向けて、読者にも使える形へ整理する。 セリフ: なし ナレーション: ［四角枠］断定と行動誘導に注意する。 オノマトペ: なし
2コマ目 (下・大): 佐伯の表情を大きく描く。 セリフ: 佐伯「ここからは医療判断に近い話です。」 ナレーション: なし オノマトペ: なし","[{""panel_id"": 1, ""type"": ""narration"", ""speaker"": null, ""text"": ""断定と行動誘導に注意する。""}, {""panel_id"": 2, ""type"": ""dialogue"", ""speaker"": ""佐伯"", ""text"": ""ここからは医療判断に近い話です。""}]",saeki_default
89,テキストページ,"◆【テキストページ】このページは画像生成不要。EPUB製本時にテキストとして直接レンダリングする。
◆【巻末まとめ】
第2巻 ソマチッド論の歴史のまとめ

・強い言葉に引き寄せられたら、主張・根拠・行動に分ける。
・人物や体験への共感と、科学的な検証は別に扱う。
・未確立な健康情報で、受診や標準医療を遅らせない。
・わからないことは、保留しながら丁寧に読む。",[],
90,テキストページ,"◆【テキストページ】このページは画像生成不要。EPUB製本時にテキストとして直接レンダリングする。
◆【次へ】
次巻へ続きます。ソマチッドというテーマを通して、健康情報との距離の取り方を少しずつ学んでいきます。",[],
