id,type,text,character,voice_id,page
1,dialogue,"先生！ いきなりですけど、私、歴史の授業で一番モヤモヤしてることがあるんです。",ミユ,Female_3,1
2,dialogue,"お、なんだいミユくん。モヤモヤする歴史なんて山ほどあるけど、今日はどのあたりかな？",ヨウイチ,Male_15,1
3,dialogue,"邪馬台国ですよ、邪馬台国！ 卑弥呼がいました、金印もらいました、まではいいんです。でも、結局どこにあったの？って話になると、教科書でも九州説と近畿説がありますで終わっちゃうじゃないですか。あれ、もう答え出ないんですか？",ミユ,Female_3,1
4,pause,"",,PAUSE_0.5S,1
5,dialogue,"なるほどね。確かにサンビャクネン以上続く、日本史最大のミステリーだ 。でもね、ミユくん。実はここ数年、特にニセンニジュウサンネンからニセンニジュウゴネンにかけて、この論争を揺るがす衝撃的な発見が相次いでいることを知っているかな？",ヨウイチ,Male_15,1
6,dialogue,"えっ、最近ですか？ 昔の話じゃなくて？",ミユ,Female_3,1
7,dialogue,"そう。佐賀県の吉野ヶ里遺跡で見つかった謎の石棺や、奈良県の古墳から出た国宝級の鏡...これらが今、これまでの常識をひっくり返そうとしているんだ 。今日は、最新の文献史学と考古学データを使って、この長年の謎にニセンニジュウゴネン時点での最強の回答を出してみようか。",ヨウイチ,Male_15,1
8,dialogue,"面白そう！ 知ってたつもりが一番恥ずかしいですもんね。詳しく教えてください！",ミユ,Female_3,1
9,pause,"",,PAUSE_0.5S,1
10,dialogue,"まず、邪馬台国という国をひとことで定義するところから始めよう。ミユくん、邪馬台国ってどんな国だと思う？",ヨウイチ,Male_15,1
11,dialogue,"うーん...卑弥呼という怪しいおばあちゃんが、占いで政治をしてた未開の部族？",ミユ,Female_3,1
12,dialogue,"厳しいね（笑）。でも、実はそれが大きな誤解なんだ。 邪馬台国とは、高度な外交能力を持ち、宗教的権威と行政権を分担したシステムを持つ国家と定義できる 。",ヨウイチ,Male_15,1
13,dialogue,"えっ、そんなにちゃんとした国だったんですか？",ミユ,Female_3,1
14,dialogue,"そうなんだ。当時の中国は三国志の時代。強大な魏という国から親魏倭王という称号をもらい、金印まで授かっていた。これは周辺の国々の中でも破格の扱いなんだよ 。",ヨウイチ,Male_15,1
15,dialogue,"へぇー、未開の部族じゃなくて、中国に認められた外交国家だったんですね。",ミユ,Female_3,1
16,dialogue,"そして、その統治システムも独特だ。これを視覚化すると、きれいなピラミッド構造になる。 頂点にいるのが女王・卑弥呼。彼女は宮殿の奥に籠もり、鬼道、つまりシャーマニズム的な呪術で人々の心を掴んでいた。彼女は聖なる権威の象徴だ 。",ヨウイチ,Male_15,1
17,dialogue,"姿を見せないカリスマ教祖様みたいな感じ？",ミユ,Female_3,1
18,dialogue,"近いね。で、彼女には夫がいなかった。代わりに、彼女の世話をし、言葉を取り次ぐ男弟という弟がいた。彼が実際の政治や軍事を動かす世俗の権力を担っていたんだ。これを二重統治体制、ヒメ・ヒコ制というよ 。",ヨウイチ,Male_15,1
19,dialogue,"なるほど。占いで方針を決めるヒメと、それを実行する実務部隊のヒコ。役割分担ができてたんですね。",ミユ,Female_3,1
20,dialogue,"その通り。さらにその下には、副官クラスの伊支馬や地方を監視する一大率といった官職も整備されていた 。特に一大率は、今の警察庁長官兼検察官みたいなもので、周辺諸国はこれを恐れていたとある 。",ヨウイチ,Male_15,1
21,dialogue,"警察まで！ なんか想像以上に組織的ですね。",ミユ,Female_3,1
22,pause,"",,PAUSE_0.5S,1
23,dialogue,"でも、最初からこんなシステムがあったわけじゃない。このシステムが生まれるには、ある悲惨なトリガー、きっかけがあったんだ。",ヨウイチ,Male_15,1
24,dialogue,"トリガー？",ミユ,Female_3,1
25,dialogue,"それが倭国大乱だ。 ニセイキの後半、日本列島ではナナジュウからハチジュウネンにもわたって、国同士が殺し合う大規模な内戦が続いていた 。",ヨウイチ,Male_15,1
26,dialogue,"ハチジュウネンも戦争！？ おじいちゃんから孫の代までずっと戦争じゃないですか。",ミユ,Female_3,1
27,dialogue,"そう。それまでは男の王様が治めていたんだけど、どうしても争いが収まらなかった。武力で勝っても、また別の国が攻めてくる。みんな疲弊しきっていたんだ。そこで、従来の男王による武力支配という構造が限界を迎えた 。",ヨウイチ,Male_15,1
28,dialogue,"力じゃ解決できない...どうすればいいの？",ミユ,Female_3,1
29,dialogue,"そこで彼らが選んだウルトラシーの解決策が、特定の勢力に属さない、神の声を聞ける女性をトップに据えることだった。それが卑弥呼の共立だ 。",ヨウイチ,Male_15,1
30,dialogue,"あー！ 俺が王だ、いや俺だって喧嘩になるから、じゃあ神様の声が聞けるあの子に決めてもらおうってことですか？",ミユ,Female_3,1
31,dialogue,"その通り。だから卑弥呼の権力は、武力ではなく宗教的な納得感に基づいていた。こうして、長きにわたる大乱はようやく収束し、邪馬台国を中心とした連合体が成立したんだ。",ヨウイチ,Male_15,1
32,pause,"",,PAUSE_0.5S,1
33,dialogue,"さて、ここからが本題だ。平和になったのはいいけれど、現代の私たちには新たな争いが残された。それが邪馬台国はどこにあったのか問題だ。",ヨウイチ,Male_15,1
34,dialogue,"先生、中国の歴史書に書いてあるなら、そのまま地図を見れば分かるんじゃないですか？",ミユ,Female_3,1
35,dialogue,"それがね、ミユくん。魏志倭人伝の記述通りに進むと、とんでもないことになるんだ。 朝鮮半島の帯方郡を出発して、対馬、壱岐、佐賀（末盧国）、福岡（伊都国）までは、今の地理と完璧に一致する 。問題はその先だ。",ヨウイチ,Male_15,1
36,dialogue,"伊都国の先？",ミユ,Female_3,1
37,dialogue,"伊都国から南へ水行トオカ、陸行イッカゲツで邪馬台国に着くと書いてある 。 福岡から南へ、船でトオカ、さらに歩いてイッカゲツ進んでごらん。",ヨウイチ,Male_15,1
38,dialogue,"えっと...南へ行くと...あれ？ 九州を通り越して、海の上？ 沖縄？ いや、もっと南のパシフィックオーシャン！？",ミユ,Female_3,1
39,dialogue,"そう（笑）。記述通りだと日本列島を飛び出してしまう。だから、昔の学者は考えた。記述のどこかが間違っているはずだと。ここで解釈が二つに割れたんだ。",ヨウイチ,Male_15,1
40,pause,"",,PAUSE_0.5S,1
41,dialogue,"近畿説、畿内説は、南というのは東の間違いだ！ 東に進めば、日本列島の中心、奈良、ヤマトに着く。こここそが大和朝廷発祥の地だ 。",ヨウイチ,Male_15,1
42,pause,"",,PAUSE_0.5S,1
43,dialogue,"九州説は、距離や日数がおおげさに書かれているだけだ！ あるいは短里という短い単位を使っている。邪馬台国は九州の筑後川流域や有明海沿岸にあったはずだ 。",ヨウイチ,Male_15,1
44,dialogue,"なるほど。方角の間違いとするか、距離の誇張とするかの戦いなんですね。",ミユ,Female_3,1
45,dialogue,"この二つの説は、単なる場所当てクイズじゃない。 もし九州なら、邪馬台国は大陸に近い貿易都市であり、大和朝廷とは別の勢力だったかもしれない。 もし近畿なら、邪馬台国はそのまま大和朝廷の始まりであり、日本はサンセイキにはすでに中央集権化していたことになる 。 つまり、日本の国家形成ストーリーが根本から変わってしまうんだ。",ヨウイチ,Male_15,1
46,pause,"",,PAUSE_0.5S,1
47,dialogue,"どっちも説得力ありそうですけど...最近の発見で決着つかないんですか？",ミユ,Female_3,1
48,dialogue,"ここからは、考古学の証拠という現実を突きつけてみよう。それぞれの陣営が自信満々に出してきた証拠と、その後に訪れた挫折、そして新たな展開を見ていくよ。",ヨウイチ,Male_15,1
49,pause,"",,PAUSE_0.5S,1
50,dialogue,"まず九州説の強みは、圧倒的な物量だ。弥生時代の鏡や鉄器は、九州北部から山のように出土している。当時の最先端テクノロジーエリアは間違いなく九州だった 。",ヨウイチ,Male_15,1
51,dialogue,"確かに、大陸に近いから輸入品がいっぱいありそう。",ミユ,Female_3,1
52,dialogue,"そして、長年の九州説の弱点だった巨大な王の墓がないという点について、ニセンニジュウサンネンからニセンニジュウゴネンにかけて、佐賀県の吉野ヶ里遺跡ですごい発見があった。通称謎のエリアだ 。",ヨウイチ,Male_15,1
53,dialogue,"謎のエリア...！ 名前だけでワクワクします。",ミユ,Female_3,1
54,dialogue,"神社の敷地だったから今まで掘れなかった場所を掘ってみたら、見晴らしの良い丘の上から石棺墓が見つかった 。 しかも、その蓋には魔除けのバツ印が刻まれ、中には高貴な人を示す赤色顔料が塗られていた 。",ヨウイチ,Male_15,1
55,dialogue,"それって、卑弥呼の墓ですか！？",ミユ,Female_3,1
56,dialogue,"みんなそう期待した。でも...ここからが挫折だ。 墓を開けてみたけれど、鏡や剣といった決定的な副葬品が出てこなかったんだ 。 時期も、邪馬台国の時代とは少しズレがある可能性も出てきた。 これぞ卑弥呼！と叫ぶには、証拠が足りなかったんだ。",ヨウイチ,Male_15,1
57,dialogue,"あちゃー...。でも、すごい人がいたのは確かなんですね。",ミユ,Female_3,1
58,dialogue,"そう。ニセンニジュウゴネンの調査では、周りに周溝も見つかり、ここが歴代の王を祀る聖域だった可能性が高まっている 。九州にも強力な王権があったことは証明されたわけだ。",ヨウイチ,Male_15,1
59,pause,"",,PAUSE_0.5S,1
60,dialogue,"一方、近畿説のエースは、奈良県の纒向遺跡だ。ここはね、ミユくん。ただの村じゃない。日本初の都市なんだ 。",ヨウイチ,Male_15,1
61,dialogue,"都市？ ビルはないですよね？",ミユ,Female_3,1
62,dialogue,"ビルはないけど、全国各地から人が集まる巨大なセンターだった。 ここから出土する土器のジュウゴからサンジュッパーセントは、東海、関東、北陸など、他地域から持ち込まれたものなんだ 。 つまり、ここは日本列島オールスターが集結する場所だったんだよ。",ヨウイチ,Male_15,1
63,dialogue,"九州は中国との貿易センターで、近畿は国内の交流センターだったってことか。",ミユ,Female_3,1
64,dialogue,"いい勘してるね！ さらに、近くにある箸墓古墳。これが全長ニヒャクハチジュウメートルと巨大で、魏志倭人伝にある卑弥呼の墓のサイズとほぼ一致する 。 炭素年代測定でも、卑弥呼が死んだサンセイキ中頃、ニヒャクヨンジュウからニヒャクロクジュウネンごろという結果が出ている 。",ヨウイチ,Male_15,1
65,dialogue,"え、じゃあ決まりじゃないですか！ 近畿説の勝ち！",ミユ,Female_3,1
66,dialogue,"ところが、ここにも挫折がある。 魏志倭人伝には鉄の鏃などの記述があるんだけど、サンセイキの近畿地方からは、鉄器がほとんど出土しないんだ。九州に比べてあまりにも少なすぎる 。 当時の最先端国家なのに、鉄がないのはおかしいという矛盾が解消できていない。",ヨウイチ,Male_15,1
67,dialogue,"うーん、あちらを立てればこちらが立たず...。",ミユ,Female_3,1
68,pause,"",,PAUSE_0.5S,1
69,dialogue,"この膠着状態に、新たな視点を与えたのが、ニセンニジュウニネンからニセンニジュウサンネンに奈良市の富雄丸山古墳で見つかった国宝級の発見だ。 長さニメートルを超える蛇行剣と、世にも珍しい盾形銅鏡が出土した 。",ヨウイチ,Male_15,1
70,dialogue,"強そう...！ でもこれ、ヨンセイキの古墳ですよね？ 邪馬台国よりヒャクネンゴじゃ？",ミユ,Female_3,1
71,dialogue,"鋭いね。でも重要なのは、一緒に埋まっていた古い鏡だ。 ここからは、キゲンゼンイッセイキの鏡や、サンセイキの鏡がセットで出てきた 。特に古い鏡は、サンビャクネン以上も大切に伝世されてきたことになる 。",ヨウイチ,Male_15,1
72,dialogue,"サンビャクネンも骨董品を持ち続けてたってこと？",ミユ,Female_3,1
73,dialogue,"そう。これは、奈良の勢力が数世紀にわたって権力を維持し続けていたという証拠だ。ぽっと出の政権じゃなく、邪馬台国の時代、あるいはそれ以前からの正統な後継者たちが、奈良にいたことを強く示唆しているんだ 。",ヨウイチ,Male_15,1
74,pause,"",,PAUSE_0.5S,1
75,dialogue,"先生、ここまで聞いてきて分からなくなっちゃいました。 九州はモノがすごい。近畿は都市と墓がすごい。 でもどっちも決定打に欠ける...。もしかして、どっちもってことはないんですか？",ミユ,Female_3,1
76,dialogue,"ミユくん、それが今、最も有力視されつつある東遷説の再構築、あるいは九州・近畿並立、連合説なんだ 。",ヨウイチ,Male_15,1
77,dialogue,"東へ遷る...つまり、引っ越し？",ミユ,Female_3,1
78,dialogue,"そう。一つのシナリオを聞いてくれ。 サンセイキゼンハン、外交と貿易の窓口である邪馬台国は九州にあった。卑弥呼もそこにいたかもしれない。 しかし、鉄や物資を独占した彼らは、より広い耕地と勢力拡大を求めて、あるいは南の敵、狗奴国との戦いを経て、東へ移動を開始した 。",ヨウイチ,Male_15,1
79,dialogue,"九州を出発して、瀬戸内海を通って...。",ミユ,Female_3,1
80,dialogue,"そして、日本列島の中心である奈良盆地にたどり着き、そこにいた元々の勢力と融合して、巨大なヤマト王権を作り上げた。 纒向遺跡に九州系の土器が見られるのも、その証拠かもしれない 。",ヨウイチ,Male_15,1
81,dialogue,"なるほど！ それなら、中国に近い九州の記述と、奈良にある巨大な都の矛盾がなくなりますね！",ミユ,Female_3,1
82,dialogue,"そうなんだ。 魏志倭人伝を書いた中国の使者は、九州の伊都国までは来た。でも、その先のヤマト、近畿のことは、人づてに聞いた情報だったから、方角や距離が曖昧になったのかもしれない 。 九州という玄関口と近畿という政治センター。この二つがリンクして、初めて日本という国の形が見えてくるんだ。",ヨウイチ,Male_15,1
83,pause,"",,PAUSE_0.5S,1
84,dialogue,"へぇ〜！ スッキリしました。 どっちが正しいかじゃなくて、どう繋がっているかを考えるのが大事なんですね。 邪馬台国は、バラバラだった日本が、一つにまとまろうとした瞬間のドラマだったんだ。",ミユ,Female_3,1
85,dialogue,"その通り。ニセンニジュウゴネンの今も、吉野ヶ里や纒向では調査が続いている。明日、また新しい発見があって、今日の話がひっくり返るかもしれない。それが歴史の面白いところだよ 。",ヨウイチ,Male_15,1
86,dialogue,"私、次の休みに奈良の箸墓古墳、行ってみようかな。ここにおばあちゃん、卑弥呼が眠ってるかもって思いながら見たら、全然違って見えそう！",ミユ,Female_3,1
87,dialogue,"それはいい。近くの博物館で、今日話した他地域から来た土器を見るのもおすすめだよ。 みなさんも、ぜひ近くの博物館や遺跡に足を運んでみてください。教科書のイチページが、リアルな物語に変わりますから。",ヨウイチ,Male_15,1
88,dialogue,"それでは、また次の歴史ミステリーでお会いしましょう！",ミユ,Female_3,1
89,dialogue,"さようなら！",ミユ,Female_3,1
90,dialogue,"さようなら！",ヨウイチ,Male_15,1