投稿日,時,分,投稿内容,X投稿する,Threads投稿する,画像1URL,画像2URL,画像3URL,画像4URL,投稿済み,X投稿URL,Threads投稿URL
2026/05/18,7,0,"AI活用、マニュアルを作って終わりにしていませんか。

本当に大事なのは、現場で使いながら育てる仕組み。チェック、改善、更新まで回して初めて、AIは仕事に馴染んでいきます。

https://note.com/you_ai_dx/n/nb49c9cf7e83c",TRUE,FALSE,,,,,FALSE,,
2026/05/18,12,0,"AI導入でつまずく会社ほど、最初に立派なマニュアルを作りがち。

でも運用で必要なのは、完成版の資料より「直し続けられる仕組み」。AI活用を現場に定着させる考え方を書きました。

https://note.com/you_ai_dx/n/nb49c9cf7e83c",TRUE,FALSE,,,,,FALSE,,
2026/05/18,19,0,"AIは一度教えたら終わり、ではなく、現場の変化に合わせて育てるもの。

小さく使う、記録する、直す。このサイクルを作れるかどうかで、AI活用の定着率はかなり変わります。

https://note.com/you_ai_dx/n/nb49c9cf7e83c",TRUE,FALSE,,,,,FALSE,,
2026/05/18,20,30,"AI活用は「マニュアルを作って終わり」ではなく、育てる仕組みまで作る。

導入初期にありがちな落とし穴と、現場で使い続けるための考え方をまとめました。AIを一回きりの施策にしないための話です。

https://note.com/you_ai_dx/n/nb49c9cf7e83c",FALSE,TRUE,,,,,FALSE,,
2026/05/19,7,0,"AIにいきなり大きな仕事を任せるより、最初は「チェックリスト係」くらいがちょうどいい。

判断を丸投げせず、抜け漏れ確認から始めると、現場もAIに慣れやすくなります。

https://note.com/you_ai_dx/n/n7b56c21f91c4",TRUE,FALSE,,,,,FALSE,,
2026/05/19,12,0,"AI活用の最初の一歩は、派手な自動化じゃなくていい。

チェックリスト係として使うだけでも、確認漏れが減り、業務の型が見えてきます。小さく始めるほど続きやすいです。

https://note.com/you_ai_dx/n/n7b56c21f91c4",TRUE,FALSE,,,,,FALSE,,
2026/05/19,19,0,"AIに任せる仕事を決めるときは、「失敗したら困る仕事」より「人が見直せる仕事」から。

チェックリスト係は、その入口としてかなり相性がいいです。

https://note.com/you_ai_dx/n/n7b56c21f91c4",TRUE,FALSE,,,,,FALSE,,
2026/05/19,20,30,"AIに任せるなら、最初の仕事は「チェックリスト係」がちょうどいい。

いきなり判断や文章作成を丸投げするのではなく、確認・抜け漏れ・手順の整理から始める。AI活用を現場に馴染ませるための小さな入口について書きました。

https://note.com/you_ai_dx/n/n7b56c21f91c4",FALSE,TRUE,,,,,FALSE,,
2026/05/20,7,0,"業務フロー図をAIに作らせると、意外なものが見えてきます。

誰かの頭の中だけにある手順、暗黙の判断、引き継ぎづらい作業。図にすると、属人化の正体が見えやすくなります。

https://note.com/you_ai_dx/n/nd210387e1ef9",TRUE,FALSE,,,,,FALSE,,
2026/05/20,12,0,"「あの人しか分からない仕事」は、まず流れを見える化するところから。

AIに業務フロー図を作らせると、会話だけでは見落としがちな手順や判断ポイントが整理されます。

https://note.com/you_ai_dx/n/nd210387e1ef9",TRUE,FALSE,,,,,FALSE,,
2026/05/20,19,0,"業務改善の第一歩は、完璧な効率化ではなく「今どう流れているか」を見ること。

AIにフロー図を作らせると、属人化している仕事や、止まりやすい箇所が見つけやすくなります。

https://note.com/you_ai_dx/n/nd210387e1ef9",TRUE,FALSE,,,,,FALSE,,
2026/05/20,20,30,"業務フロー図をAIに作らせると、属人化している仕事が見えてくる。

「なんとなく回っている業務」を言葉と図にするだけで、引き継ぎづらさ、確認漏れ、判断の偏りが見えやすくなります。AIを業務整理の相棒にする話です。

https://note.com/you_ai_dx/n/nd210387e1ef9",FALSE,TRUE,,,,,FALSE,,
2026/05/21,7,0,"AI活用でうまくいかなかったことは、失敗で終わらせなくていい。

何がズレたのか、どこで困ったのかを残せば、次の改善ログになります。AI導入は一発勝負ではありません。

https://note.com/you_ai_dx/n/n62a47ddf00ab",TRUE,FALSE,,,,,FALSE,,
2026/05/21,12,0,"AIを使って期待通りにいかなかったときこそ、記録する価値があります。

プロンプト、入力データ、判断基準。ズレを残しておくと、次に直す場所が見えてきます。

https://note.com/you_ai_dx/n/n62a47ddf00ab",TRUE,FALSE,,,,,FALSE,,
2026/05/21,19,0,"AI活用の失敗は、捨てるより残す。

「なぜ違ったのか」を改善ログにしておくと、次の設定や指示が少しずつ良くなります。小さなズレを資産に変える考え方です。

https://note.com/you_ai_dx/n/n62a47ddf00ab",TRUE,FALSE,,,,,FALSE,,
2026/05/21,20,30,"AI活用でうまくいかなかったことは、失敗ではなく「改善ログ」にする。

期待と違った結果を責めるのではなく、次にどう直すかを残す。AIを現場で育てるには、この記録の積み重ねが効いてきます。

https://note.com/you_ai_dx/n/n62a47ddf00ab",FALSE,TRUE,,,,,FALSE,,
2026/05/22,7,0,"問い合わせ対応でAIに任せるべきなのは、いきなり「正解の回答」ではなく「一次回答の型」。

人が確認しやすい形を作るだけでも、対応のばらつきは減らせます。

https://note.com/you_ai_dx/n/nf23cb31c4f0c",TRUE,FALSE,,,,,FALSE,,
2026/05/22,12,0,"AIに問い合わせ対応を任せるなら、最初から自動返信にしなくていい。

一次回答の型を作らせて、人が確認して送る。この距離感が、現場ではかなり使いやすいです。

https://note.com/you_ai_dx/n/nf23cb31c4f0c",TRUE,FALSE,,,,,FALSE,,
2026/05/22,19,0,"問い合わせ対応のAI活用は、「全部自動化」より「型づくり」から。

よくある質問、確認事項、返信の流れを整理するだけで、対応品質をそろえやすくなります。

https://note.com/you_ai_dx/n/nf23cb31c4f0c",TRUE,FALSE,,,,,FALSE,,
2026/05/22,20,30,"問い合わせ対応は、AIに「答え」ではなく「一次回答の型」を作らせる。

いきなり自動返信にするのではなく、人が確認できる下書きや型を作る。AIを安全に業務へ入れるための現実的な使い方について書きました。

https://note.com/you_ai_dx/n/nf23cb31c4f0c",FALSE,TRUE,,,,,FALSE,,
