ページ番号,使用するコマ割りテンプレ,漫画作成のプロンプト
1,テンプレ1,"◆【注意】【】で囲まれた単語は感情や状況の指示であり、画像内に文字として描画しないでください
◆【絶対最優先】必ずフルカラーにしてください
◆【絶対最優先】キャラクター外見: 桜井美咲は添付のsakurai_misaki_20260324_134641.pngと100%同一の外見で描画
◆【出力サイズ】9:16
◆【補足情報】上下左右に50ピクセルの余白を設けてください
◆【補足情報】服装: 白いブラウスにネイビーのタイトスカート、首元にパールのネックレス
◆【コマ構成】テンプレ1: ページ全体を使った1コマ
◆【作画】ジャンル: ビジネスに最適化した統一スタイル。作画スタイル: 日本のアニメ・マンガ調イラスト、クリーンな線画、デジタル彩色、現代ビジネスマンガ風、清潔感重視。色調: 落ち着いた色調、グレー・ネイビー・白基調。線画: 整った線、クリーンな表現。演出: オフィス空間、グラフや資料の描写、必要に応じて集中線、効果線、擬音などのマンガらしい演出
◆【ストーリー】
1コマ目 (全面): タイトルページ。夕暮れのオフィスビル街を背景に、桜井美咲が笑顔でノートPCを抱えて立っている。画面上部にタイトル「マンガでわかる 1人＋AIが最強の働き方」の文字スペース。美咲の表情は希望に満ちた微笑み。背景にはオレンジ色の夕焼け空とガラス張りのオフィスビル群。 セリフ: なし オノマトペ: なし"
2,テンプレ5,"◆【注意】【】で囲まれた単語は感情や状況の指示であり、画像内に文字として描画しないでください
◆【絶対最優先】必ずフルカラーにしてください
◆【絶対最優先】キャラクター外見: 桜井美咲は添付のsakurai_misaki_20260324_134641.pngと100%同一の外見で描画
◆【出力サイズ】9:16
◆【補足情報】上下左右に50ピクセルの余白を設けてください
◆【補足情報】服装: 白いブラウスにネイビーのタイトスカート、首元にパールのネックレス
◆【コマ構成】テンプレ5: 上・中・下の3段構成、読み順は上→中→下
◆【作画】ジャンル: ビジネスに最適化した統一スタイル。作画スタイル: 日本のアニメ・マンガ調イラスト、クリーンな線画、デジタル彩色、現代ビジネスマンガ風、清潔感重視。色調: 落ち着いた色調、グレー・ネイビー・白基調。線画: 整った線、クリーンな表現。演出: オフィス空間、グラフや資料の描写、必要に応じて集中線、効果線、擬音などのマンガらしい演出
◆【ストーリー】
1コマ目 (上段): 金曜夕方のオフィス全景。窓の外は夕焼け。フロアにはほとんど人がおらず、美咲のデスクだけにライトが灯っている。時計は19時を指している。背景にストライプ模様。 セリフ: なし オノマトペ: なし
2コマ目 (中段): 美咲のデスク周りのアップ。書類が山積みで、美咲が疲れた表情でペンを走らせている。目の下にクマ、肩が落ちている。背景にドット模様。 セリフ: ［美咲］の吹き出しに「今週も残業か…」 オノマトペ: なし
3コマ目 (下段): 美咲がため息をつきながら天井を見上げる。デスクの上には未処理の書類の山。背景にグラデーション。 セリフ: ［美咲］の吹き出しに「もっと効率よくできないかな」 オノマトペ: なし"
3,テンプレ6,"◆【注意】【】で囲まれた単語は感情や状況の指示であり、画像内に文字として描画しないでください
◆【絶対最優先】必ずフルカラーにしてください
◆【絶対最優先】キャラクター外見: 桜井美咲は添付のsakurai_misaki_20260324_134641.pngと100%同一の外見で描画、天野凛は添付のamano_rin_20260324_134234.pngと100%同一の外見で描画
◆【出力サイズ】9:16
◆【補足情報】上下左右に50ピクセルの余白を設けてください
◆【補足情報】服装: 美咲は白いブラウスにネイビーのタイトスカート、首元にパールのネックレス。凛はライトグレーのジャケットにブルーのインナー、黒のスラックス
◆【コマ構成】テンプレ6: 上段1コマ＋下段左右2コマ、読み順は上段→下段右側→下段左側
◆【作画】ジャンル: ビジネスに最適化した統一スタイル。作画スタイル: 日本のアニメ・マンガ調イラスト、クリーンな線画、デジタル彩色、現代ビジネスマンガ風、清潔感重視。色調: 落ち着いた色調、グレー・ネイビー・白基調。線画: 整った線、クリーンな表現。演出: オフィス空間、グラフや資料の描写、必要に応じて集中線、効果線、擬音などのマンガらしい演出
◆【ストーリー】
1コマ目 (上段): 美咲がふと顔を上げると、オフィスの掲示板に「DX推進室 新設」と書かれたポスターが貼ってある。ポスターにはAIやデジタルのアイコンが描かれている。美咲が興味深そうにポスターを見つめる。背景に水玉模様。 セリフ: ［美咲］の吹き出しに「DX推進室…？」 オノマトペ: チラッ
2コマ目 (下段右側): 廊下から天野凛がスタイリッシュに歩いてくる。長い茶髪をなびかせ、知的でクールな表情。手にはタブレットを持っている。背景にストライプ模様。 セリフ: なし オノマトペ: テクテク
3コマ目 (下段左側): 凛が美咲のデスクの横で立ち止まり、書類の山を見て微笑む。美咲は驚いた表情で凛を見上げている。背景にフラッシュエフェクト。 セリフ: ［凛］の吹き出しに「その報告書、AIなら10分よ」 オノマトペ: なし"
4,テンプレ3,"◆【注意】【】で囲まれた単語は感情や状況の指示であり、画像内に文字として描画しないでください
◆【絶対最優先】必ずフルカラーにしてください
◆【絶対最優先】キャラクター外見: 桜井美咲は添付のsakurai_misaki_20260324_134641.pngと100%同一の外見で描画、天野凛は添付のamano_rin_20260324_134234.pngと100%同一の外見で描画
◆【出力サイズ】9:16
◆【補足情報】上下左右に50ピクセルの余白を設けてください
◆【補足情報】服装: 美咲は白いブラウスにネイビーのタイトスカート。凛はライトグレーのジャケットにブルーのインナー、黒のスラックス
◆【コマ構成】テンプレ3: 上下2分割（上段小→下段大）、読み順は上段→下段
◆【作画】ジャンル: ビジネスに最適化した統一スタイル。作画スタイル: 日本のアニメ・マンガ調イラスト、クリーンな線画、デジタル彩色、現代ビジネスマンガ風、清潔感重視。色調: 落ち着いた色調、グレー・ネイビー・白基調。線画: 整った線、クリーンな表現。演出: オフィス空間、グラフや資料の描写、必要に応じて集中線、効果線、擬音などのマンガらしい演出
◆【ストーリー】
1コマ目 (上段・小): 美咲が驚いた表情で凛を見ている。目を丸くして口を少し開けている。背景にドット模様。 セリフ: ［美咲］の吹き出しに「え、10分…!?」 オノマトペ: ビクッ
2コマ目 (下段・大): 凛がスマホの画面を美咲に見せている。画面には「日本のAI利用率 わずか6%」というグラフが表示されている。凛は自信に満ちた表情で説明している。美咲は身を乗り出してスマホ画面を食い入るように見ている。背景にグラデーション。 セリフ: ［凛］の吹き出しに「日本のAI利用率たった6%」 オノマトペ: じーっ"
5,テンプレ5,"◆【注意】【】で囲まれた単語は感情や状況の指示であり、画像内に文字として描画しないでください
◆【絶対最優先】必ずフルカラーにしてください
◆【絶対最優先】キャラクター外見: 桜井美咲は添付のsakurai_misaki_20260324_134641.pngと100%同一の外見で描画、天野凛は添付のamano_rin_20260324_134234.pngと100%同一の外見で描画
◆【出力サイズ】9:16
◆【補足情報】上下左右に50ピクセルの余白を設けてください
◆【補足情報】服装: 美咲は白いブラウスにネイビーのタイトスカート。凛はライトグレーのジャケットにブルーのインナー、黒のスラックス
◆【コマ構成】テンプレ5: 上・中・下の3段構成、読み順は上→中→下
◆【作画】ジャンル: ビジネスに最適化した統一スタイル。作画スタイル: 日本のアニメ・マンガ調イラスト、クリーンな線画、デジタル彩色、現代ビジネスマンガ風、清潔感重視。色調: 落ち着いた色調、グレー・ネイビー・白基調。線画: 整った線、クリーンな表現。演出: オフィス空間、グラフや資料の描写、必要に応じて集中線、効果線、擬音などのマンガらしい演出
◆【ストーリー】
1コマ目 (上段): 凛が腕を組みながら知的な笑みを浮かべている。背景にストライプ模様。 セリフ: ［凛］の吹き出しに「つまり94%はまだ未活用」 オノマトペ: なし
2コマ目 (中段): 美咲が真剣な表情で考え込んでいる。頭の横に電球のアイコンがぼんやり光っている。背景に半円模様。 セリフ: ［美咲］の吹き出しに「それってチャンスってこと？」 オノマトペ: なし
3コマ目 (下段): 凛が人差し指を立てて微笑み、美咲の目に小さな炎が灯る演出。二人の間に希望の光が差し込む。背景にフラッシュエフェクト。 セリフ: ［凛］の吹き出しに「始めるなら今よ」 オノマトペ: ぱぁっ"
6,テンプレ7,"◆【注意】【】で囲まれた単語は感情や状況の指示であり、画像内に文字として描画しないでください
◆【絶対最優先】必ずフルカラーにしてください
◆【絶対最優先】キャラクター外見: 桜井美咲は添付のsakurai_misaki_20260324_134641.pngと100%同一の外見で描画、天野凛は添付のamano_rin_20260324_134234.pngと100%同一の外見で描画
◆【出力サイズ】9:16
◆【補足情報】上下左右に50ピクセルの余白を設けてください
◆【補足情報】服装: 美咲は白いブラウスにネイビーのタイトスカート。凛はライトグレーのジャケットにブルーのインナー、黒のスラックス
◆【コマ構成】テンプレ7: 上段左右2コマ＋下段1コマ、読み順は上段右側→上段左側→下段
◆【作画】ジャンル: ビジネスに最適化した統一スタイル。作画スタイル: 日本のアニメ・マンガ調イラスト、クリーンな線画、デジタル彩色、現代ビジネスマンガ風、清潔感重視。色調: 落ち着いた色調、グレー・ネイビー・白基調。線画: 整った線、クリーンな表現。演出: オフィス空間、グラフや資料の描写、必要に応じて集中線、効果線、擬音などのマンガらしい演出
◆【ストーリー】
1コマ目 (上段右側): 凛がタブレットを操作しながら、AIツールの画面を見せている。画面にはチャットボットのインターフェースが表示されている。背景にドット模様。 セリフ: ［凛］の吹き出しに「無料で使えるAIもあるの」 オノマトペ: なし
2コマ目 (上段左側): 美咲が目を輝かせて凛のタブレットを覗き込んでいる。興味津々の表情。背景に水玉模様。 セリフ: ［美咲］の吹き出しに「え、無料で!?」 オノマトペ: キュン
3コマ目 (下段): 夜のオフィスの窓際。凛が去った後、美咲が一人でスマホを手に取り、決意の表情でアプリストアを開いている。窓の外には夜景が広がる。背景にグラデーション。 セリフ: ［美咲］の吹き出しに「まずは試してみよう…」 オノマトペ: なし"
7,テンプレ2,"◆【注意】【】で囲まれた単語は感情や状況の指示であり、画像内に文字として描画しないでください
◆【絶対最優先】必ずフルカラーにしてください
◆【絶対最優先】キャラクター外見: 桜井美咲は添付のsakurai_misaki_20260324_134641.pngと100%同一の外見で描画
◆【出力サイズ】9:16
◆【補足情報】上下左右に50ピクセルの余白を設けてください
◆【補足情報】服装: 白いブラウスにネイビーのタイトスカート、首元にパールのネックレス
◆【コマ構成】テンプレ2: 上下に均等2分割、読み順は上段→下段
◆【作画】ジャンル: ビジネスに最適化した統一スタイル。作画スタイル: 日本のアニメ・マンガ調イラスト、クリーンな線画、デジタル彩色、現代ビジネスマンガ風、清潔感重視。色調: 落ち着いた色調、グレー・ネイビー・白基調。線画: 整った線、クリーンな表現。演出: オフィス空間、グラフや資料の描写、必要に応じて集中線、効果線、擬音などのマンガらしい演出
◆【ストーリー】
1コマ目 (上段): 美咲が自宅のデスクでスマホにAIアプリをダウンロードしている。画面にはダウンロード中のプログレスバーが表示されている。部屋は温かい照明。背景に水玉模様。 セリフ: ［美咲］の吹き出しに「インストール完了…！」 オノマトペ: なし
2コマ目 (下段): 美咲がAIチャット画面に初めてメッセージを打ち込んでいる。ドキドキしながらも期待に満ちた表情。スマホの画面が明るく光っている。背景にフラッシュエフェクト。 セリフ: ［美咲］の吹き出しに「こんにちは、AI…！」 オノマトペ: ぱぁっ"
8,テンプレ1,"◆【注意】【】で囲まれた単語は感情や状況の指示であり、画像内に文字として描画しないでください
◆【絶対最優先】必ずフルカラーにしてください
◆【絶対最優先】キャラクター外見: 桜井美咲は添付のsakurai_misaki_20260324_134641.pngと100%同一の外見で描画
◆【出力サイズ】9:16
◆【補足情報】上下左右に50ピクセルの余白を設けてください
◆【補足情報】服装: 白いブラウスにネイビーのタイトスカート、首元にパールのネックレス
◆【コマ構成】テンプレ1: ページ全体を使った1コマ
◆【作画】ジャンル: ビジネスに最適化した統一スタイル。作画スタイル: 日本のアニメ・マンガ調イラスト、クリーンな線画、デジタル彩色、現代ビジネスマンガ風、清潔感重視。色調: 落ち着いた色調、グレー・ネイビー・白基調。線画: 整った線、クリーンな表現。演出: オフィス空間、グラフや資料の描写、必要に応じて集中線、効果線、擬音などのマンガらしい演出
◆【ストーリー】
1コマ目 (全面): 美咲がスマホを胸に抱きしめ、窓辺に立っている。窓の外には夜空に星が瞬いている。美咲の瞳には小さな光が宿り、新しい一歩を踏み出す決意の表情。プロローグの締めくくりとして希望に満ちた雰囲気。集中線で美咲に視線を集める演出。背景にフラッシュエフェクト。 セリフ: ［美咲］の吹き出しに「私の働き方、変えてみせる」 オノマトペ: なし"
9,テンプレ1,"◆【注意】【】で囲まれた単語は感情や状況の指示であり、画像内に文字として描画しないでください
◆【絶対最優先】必ずフルカラーにしてください
◆【絶対最優先】キャラクター外見: 桜井美咲は添付のsakurai_misaki_20260324_134641.pngと100%同一の外見で描画、高橋誠一は添付のtakahashi_seiichi_20260324_134230.pngと100%同一の外見で描画、天野凛は添付のamano_rin_20260324_134234.pngと100%同一の外見で描画
◆【出力サイズ】9:16
◆【補足情報】上下左右に50ピクセルの余白を設けてください
◆【補足情報】服装: 美咲は白いブラウスにネイビーのタイトスカート。高橋はチャコールグレーのスーツにネイビーのネクタイ、胸ポケットにペン。凛はライトグレーのジャケットにブルーのインナー、黒のスラックス
◆【コマ構成】テンプレ1: ページ全体を使った1コマ
◆【作画】ジャンル: ビジネスに最適化した統一スタイル。作画スタイル: 日本のアニメ・マンガ調イラスト、クリーンな線画、デジタル彩色、現代ビジネスマンガ風、清潔感重視。色調: 落ち着いた色調、グレー・ネイビー・白基調。線画: 整った線、クリーンな表現。演出: オフィス空間、グラフや資料の描写、必要に応じて集中線、効果線、擬音などのマンガらしい演出
◆【ストーリー】
1コマ目 (全面): 第1章タイトルページ。オフィスの会議室を背景に、中央上部に「第1章 1人＋AIが最強の働き方である理由」の文字スペース。美咲・高橋・凛の3人が描かれている。高橋は腕を組んで懐疑的な表情、美咲は好奇心旺盛な表情、凛は自信に満ちた知的な表情。背景にグラデーション。 セリフ: なし オノマトペ: なし"
10,テンプレ5,"◆【注意】【】で囲まれた単語は感情や状況の指示であり、画像内に文字として描画しないでください
◆【絶対最優先】必ずフルカラーにしてください
◆【絶対最優先】キャラクター外見: 高橋誠一は添付のtakahashi_seiichi_20260324_134230.pngと100%同一の外見で描画、桜井美咲は添付のsakurai_misaki_20260324_134641.pngと100%同一の外見で描画
◆【出力サイズ】9:16
◆【補足情報】上下左右に50ピクセルの余白を設けてください
◆【補足情報】服装: 高橋はチャコールグレーのスーツにネイビーのネクタイ、胸ポケットにペン。美咲は白いブラウスにネイビーのタイトスカート
◆【コマ構成】テンプレ5: 上・中・下の3段構成、読み順は上→中→下
◆【作画】ジャンル: ビジネスに最適化した統一スタイル。作画スタイル: 日本のアニメ・マンガ調イラスト、クリーンな線画、デジタル彩色、現代ビジネスマンガ風、清潔感重視。色調: 落ち着いた色調、グレー・ネイビー・白基調。線画: 整った線、クリーンな表現。演出: オフィス空間、グラフや資料の描写、必要に応じて集中線、効果線、擬音などのマンガらしい演出
◆【ストーリー】
1コマ目 (上段): 朝のオフィス。朝礼の風景。高橋が部署のメンバーの前に立ち、資料を手に持って話している。社員たちが整列して聞いている。背景にストライプ模様。 セリフ: ［高橋］の吹き出しに「皆、知っているか？」 オノマトペ: なし
2コマ目 (中段): 高橋が資料を掲げている。資料には「最低賃金1500円時代へ」と書かれている。高橋は厳しい表情。背景にフラッシュエフェクト。 セリフ: ［高橋］の吹き出しに「最低賃金が1500円になる」 オノマトペ: なし
3コマ目 (下段): 社員たちがざわつく中、美咲が真剣な表情で高橋の話を聞いている。隣の社員とヒソヒソ話をしている人もいる。背景にドット模様。 セリフ: ［美咲］の吹き出しに「人件費がどんどん上がる…」 オノマトペ: なし"
11,テンプレ6,"◆【注意】【】で囲まれた単語は感情や状況の指示であり、画像内に文字として描画しないでください
◆【絶対最優先】必ずフルカラーにしてください
◆【絶対最優先】キャラクター外見: 高橋誠一は添付のtakahashi_seiichi_20260324_134230.pngと100%同一の外見で描画、桜井美咲は添付のsakurai_misaki_20260324_134641.pngと100%同一の外見で描画
◆【出力サイズ】9:16
◆【補足情報】上下左右に50ピクセルの余白を設けてください
◆【補足情報】服装: 高橋はチャコールグレーのスーツにネイビーのネクタイ。美咲は白いブラウスにネイビーのタイトスカート
◆【コマ構成】テンプレ6: 上段1コマ＋下段左右2コマ、読み順は上段→下段右側→下段左側
◆【作画】ジャンル: ビジネスに最適化した統一スタイル。作画スタイル: 日本のアニメ・マンガ調イラスト、クリーンな線画、デジタル彩色、現代ビジネスマンガ風、清潔感重視。色調: 落ち着いた色調、グレー・ネイビー・白基調。線画: 整った線、クリーンな表現。演出: オフィス空間、グラフや資料の描写、必要に応じて集中線、効果線、擬音などのマンガらしい演出
◆【ストーリー】
1コマ目 (上段): 高橋が腕を組んで深刻な表情で朝礼を締めくくっている。背景に暗めのグラデーション。 セリフ: ［高橋］の吹き出しに「コスト意識を持て」 オノマトペ: なし
2コマ目 (下段右側): 朝礼後、美咲がデスクに戻りながら考え込んでいる表情。頭の上に「？」マーク。背景にドット模様。 セリフ: ［美咲］の吹き出しに「AIでコスト削減できる？」 オノマトペ: なし
3コマ目 (下段左側): 昼休み。社員食堂で美咲がトレイを持って席を探している。奥のテーブルに凛が座ってタブレットを見ている姿が見える。背景に水玉模様。 セリフ: ［美咲］の吹き出しに「あ、凛さん！」 オノマトペ: なし"
12,テンプレ5,"◆【注意】【】で囲まれた単語は感情や状況の指示であり、画像内に文字として描画しないでください
◆【絶対最優先】必ずフルカラーにしてください
◆【絶対最優先】キャラクター外見: 桜井美咲は添付のsakurai_misaki_20260324_134641.pngと100%同一の外見で描画、天野凛は添付のamano_rin_20260324_134234.pngと100%同一の外見で描画
◆【出力サイズ】9:16
◆【補足情報】上下左右に50ピクセルの余白を設けてください
◆【補足情報】服装: 美咲は白いブラウスにネイビーのタイトスカート。凛はライトグレーのジャケットにブルーのインナー、黒のスラックス
◆【コマ構成】テンプレ5: 上・中・下の3段構成、読み順は上→中→下
◆【作画】ジャンル: ビジネスに最適化した統一スタイル。作画スタイル: 日本のアニメ・マンガ調イラスト、クリーンな線画、デジタル彩色、現代ビジネスマンガ風、清潔感重視。色調: 落ち着いた色調、グレー・ネイビー・白基調。線画: 整った線、クリーンな表現。演出: オフィス空間、グラフや資料の描写、必要に応じて集中線、効果線、擬音などのマンガらしい演出
◆【ストーリー】
1コマ目 (上段): 社員食堂のテーブルで美咲と凛が向かい合って座っている。凛がタブレットを美咲に向けて見せている。背景に半円模様。 セリフ: ［美咲］の吹き出しに「凛さん、コストの話聞いて」 オノマトペ: なし
2コマ目 (中段): 凛のタブレットのアップ。画面には比較表が表示されている：「正社員1人＝年間660万円」「AI活用1人＝年間450万円」「差額＝212万円」。グラフで視覚的に表現。背景にストライプ模様。 セリフ: ［凛］の吹き出しに「人件費とAIコストを比較するわ」 オノマトペ: なし
3コマ目 (下段): 美咲が驚きの表情で口を手で押さえている。目を大きく見開いている。背景にフラッシュエフェクト。 セリフ: ［美咲］の吹き出しに「212万円も差が!?」 オノマトペ: ガーン"
13,テンプレ7,"◆【注意】【】で囲まれた単語は感情や状況の指示であり、画像内に文字として描画しないでください
◆【絶対最優先】必ずフルカラーにしてください
◆【絶対最優先】キャラクター外見: 天野凛は添付のamano_rin_20260324_134234.pngと100%同一の外見で描画、桜井美咲は添付のsakurai_misaki_20260324_134641.pngと100%同一の外見で描画
◆【出力サイズ】9:16
◆【補足情報】上下左右に50ピクセルの余白を設けてください
◆【補足情報】服装: 凛はライトグレーのジャケットにブルーのインナー、黒のスラックス。美咲は白いブラウスにネイビーのタイトスカート
◆【コマ構成】テンプレ7: 上段左右2コマ＋下段1コマ、読み順は上段右側→上段左側→下段
◆【作画】ジャンル: ビジネスに最適化した統一スタイル。作画スタイル: 日本のアニメ・マンガ調イラスト、クリーンな線画、デジタル彩色、現代ビジネスマンガ風、清潔感重視。色調: 落ち着いた色調、グレー・ネイビー・白基調。線画: 整った線、クリーンな表現。演出: オフィス空間、グラフや資料の描写、必要に応じて集中線、効果線、擬音などのマンガらしい演出
◆【ストーリー】
1コマ目 (上段右側): 凛が指を1本立てて解説している。知的で落ち着いた表情。背景にドット模様。 セリフ: ［凛］の吹き出しに「AI月額たった7200円よ」 オノマトペ: なし
2コマ目 (上段左側): 美咲が電卓を叩いている。計算結果を見て驚いている。背景に水玉模様。 セリフ: ［美咲］の吹き出しに「時給換算で4.8時間分!?」 オノマトペ: ビクッ
3コマ目 (下段): 凛がタブレットで別のデータを見せている。画面には「生産性14%向上」「新人は34-35%向上」のグラフ。美咲が身を乗り出して見ている。背景にグラデーション。 セリフ: ［凛］の吹き出しに「生産性は14%も上がるの」 オノマトペ: なし"
14,テンプレ4,"◆【注意】【】で囲まれた単語は感情や状況の指示であり、画像内に文字として描画しないでください
◆【絶対最優先】必ずフルカラーにしてください
◆【絶対最優先】キャラクター外見: 天野凛は添付のamano_rin_20260324_134234.pngと100%同一の外見で描画、桜井美咲は添付のsakurai_misaki_20260324_134641.pngと100%同一の外見で描画
◆【出力サイズ】9:16
◆【補足情報】上下左右に50ピクセルの余白を設けてください
◆【補足情報】服装: 凛はライトグレーのジャケットにブルーのインナー。美咲は白いブラウスにネイビーのタイトスカート
◆【コマ構成】テンプレ4: 上下2分割（上段大→下段小）、読み順は上段→下段
◆【作画】ジャンル: ビジネスに最適化した統一スタイル。作画スタイル: 日本のアニメ・マンガ調イラスト、クリーンな線画、デジタル彩色、現代ビジネスマンガ風、清潔感重視。色調: 落ち着いた色調、グレー・ネイビー・白基調。線画: 整った線、クリーンな表現。演出: オフィス空間、グラフや資料の描写、必要に応じて集中線、効果線、擬音などのマンガらしい演出
◆【ストーリー】
1コマ目 (上段・大): 凛がタブレットで円グラフを見せている。「AI活用者の92%が生産性向上を実感」という大きなグラフ。凛は自信に満ちた表情。背景にフラッシュエフェクト。 セリフ: ［凛］の吹き出しに「92%が効果を実感してる」 オノマトペ: パァァ
2コマ目 (下段・小): 美咲がグッと拳を握りしめ、やる気に満ちた表情。目がキラキラ輝いている。背景に集中線。 セリフ: ［美咲］の吹き出しに「私も使いこなしたい！」 オノマトペ: なし"
15,テンプレ5,"◆【注意】【】で囲まれた単語は感情や状況の指示であり、画像内に文字として描画しないでください
◆【絶対最優先】必ずフルカラーにしてください
◆【絶対最優先】キャラクター外見: 天野凛は添付のamano_rin_20260324_134234.pngと100%同一の外見で描画、桜井美咲は添付のsakurai_misaki_20260324_134641.pngと100%同一の外見で描画
◆【出力サイズ】9:16
◆【補足情報】上下左右に50ピクセルの余白を設けてください
◆【補足情報】服装: 凛はライトグレーのジャケットにブルーのインナー。美咲は白いブラウスにネイビーのタイトスカート
◆【コマ構成】テンプレ5: 上・中・下の3段構成、読み順は上→中→下
◆【作画】ジャンル: ビジネスに最適化した統一スタイル。作画スタイル: 日本のアニメ・マンガ調イラスト、クリーンな線画、デジタル彩色、現代ビジネスマンガ風、清潔感重視。色調: 落ち着いた色調、グレー・ネイビー・白基調。線画: 整った線、クリーンな表現。演出: オフィス空間、グラフや資料の描写、必要に応じて集中線、効果線、擬音などのマンガらしい演出
◆【ストーリー】
1コマ目 (上段): 凛が真剣な表情で語りかけている。背景が暗くなり、緊迫感のある演出。背景にストライプ模様。 セリフ: ［凛］の吹き出しに「でも注意点もあるわ」 オノマトペ: なし
2コマ目 (中段): 凛のタブレットにグラフが表示されている。「AI活用者」と「非活用者」の二極化を示す折れ線グラフ。差がどんどん開いていく様子。背景にドット模様。 セリフ: ［凛］の吹き出しに「二極化が始まっている」 オノマトペ: なし
3コマ目 (下段): 美咲が真剣な表情で凛を見つめている。決意を固めた顔。背景にグラデーション。 セリフ: ［美咲］の吹き出しに「置いていかれたくない」 オノマトペ: なし"
16,テンプレ6,"◆【注意】【】で囲まれた単語は感情や状況の指示であり、画像内に文字として描画しないでください
◆【絶対最優先】必ずフルカラーにしてください
◆【絶対最優先】キャラクター外見: 桜井美咲は添付のsakurai_misaki_20260324_134641.pngと100%同一の外見で描画、高橋誠一は添付のtakahashi_seiichi_20260324_134230.pngと100%同一の外見で描画
◆【出力サイズ】9:16
◆【補足情報】上下左右に50ピクセルの余白を設けてください
◆【補足情報】服装: 美咲は白いブラウスにネイビーのタイトスカート。高橋はチャコールグレーのスーツにネイビーのネクタイ
◆【コマ構成】テンプレ6: 上段1コマ＋下段左右2コマ、読み順は上段→下段右側→下段左側
◆【作画】ジャンル: ビジネスに最適化した統一スタイル。作画スタイル: 日本のアニメ・マンガ調イラスト、クリーンな線画、デジタル彩色、現代ビジネスマンガ風、清潔感重視。色調: 落ち着いた色調、グレー・ネイビー・白基調。線画: 整った線、クリーンな表現。演出: オフィス空間、グラフや資料の描写、必要に応じて集中線、効果線、擬音などのマンガらしい演出
◆【ストーリー】
1コマ目 (上段): オフィスに戻った美咲がデスクでPCを開いている。周囲では高橋が部下に指示を出している。午後の業務風景。背景にストライプ模様。 セリフ: なし オノマトペ: なし
2コマ目 (下段右側): 美咲がこっそりスマホでAIツールの無料版を検索している。画面には複数のAIアプリが並んでいる。ワクワクした表情。背景に水玉模様。 セリフ: ［美咲］の吹き出しに「無料版から始めよう」 オノマトペ: なし
3コマ目 (下段左側): 高橋が遠くから美咲のスマホ操作を見て、眉をひそめている。不審そうな表情。背景にドット模様。 セリフ: ［高橋］の吹き出しに「またスマホか…」 オノマトペ: むすっ"
17,テンプレ2,"◆【注意】【】で囲まれた単語は感情や状況の指示であり、画像内に文字として描画しないでください
◆【絶対最優先】必ずフルカラーにしてください
◆【絶対最優先】キャラクター外見: 桜井美咲は添付のsakurai_misaki_20260324_134641.pngと100%同一の外見で描画
◆【出力サイズ】9:16
◆【補足情報】上下左右に50ピクセルの余白を設けてください
◆【補足情報】服装: 美咲はカジュアルな服装（自宅）、パーカーとジーンズ
◆【コマ構成】テンプレ2: 上下に均等2分割、読み順は上段→下段
◆【作画】ジャンル: ビジネスに最適化した統一スタイル。作画スタイル: 日本のアニメ・マンガ調イラスト、クリーンな線画、デジタル彩色、現代ビジネスマンガ風、清潔感重視。色調: 落ち着いた色調、グレー・ネイビー・白基調。線画: 整った線、クリーンな表現。演出: オフィス空間、グラフや資料の描写、必要に応じて集中線、効果線、擬音などのマンガらしい演出
◆【ストーリー】
1コマ目 (上段): 美咲の自宅。夜、デスクに座った美咲がノートPCでAIツール無料版をダウンロードしている。画面にはダウンロードボタンが大きく表示されている。温かい照明のリラックスした雰囲気。背景に水玉模様。 セリフ: ［美咲］の吹き出しに「まずは無料版から…」 オノマトペ: なし
2コマ目 (下段): 美咲がAIツールの画面を開いて目を輝かせている。画面にはAIチャットのインターフェースが表示されている。期待と緊張が入り混じった表情。背景にフラッシュエフェクト。 セリフ: ［美咲］の吹き出しに「本当に使えるのかな」 オノマトペ: ぱぁっ"
18,テンプレ7,"◆【注意】【】で囲まれた単語は感情や状況の指示であり、画像内に文字として描画しないでください
◆【絶対最優先】必ずフルカラーにしてください
◆【絶対最優先】キャラクター外見: 桜井美咲は添付のsakurai_misaki_20260324_134641.pngと100%同一の外見で描画
◆【出力サイズ】9:16
◆【補足情報】上下左右に50ピクセルの余白を設けてください
◆【補足情報】服装: 美咲はカジュアルな服装（自宅）、パーカーとジーンズ
◆【コマ構成】テンプレ7: 上段左右2コマ＋下段1コマ、読み順は上段右側→上段左側→下段
◆【作画】ジャンル: ビジネスに最適化した統一スタイル。作画スタイル: 日本のアニメ・マンガ調イラスト、クリーンな線画、デジタル彩色、現代ビジネスマンガ風、清潔感重視。色調: 落ち着いた色調、グレー・ネイビー・白基調。線画: 整った線、クリーンな表現。演出: オフィス空間、グラフや資料の描写、必要に応じて集中線、効果線、擬音などのマンガらしい演出
◆【ストーリー】
1コマ目 (上段右側): 美咲がAIに「報告書の書き方を教えて」と入力している画面のアップ。背景にドット模様。 セリフ: ［美咲］の吹き出しに「報告書の書き方を…」 オノマトペ: なし
2コマ目 (上段左側): AIからの回答が画面に表示されている。構成案やポイントが箇条書きで出ている。美咲が驚いた顔で画面を見つめている。背景にフラッシュエフェクト。 セリフ: ［美咲］の吹き出しに「すごい、こんなに丁寧に！」 オノマトペ: ビクッ
3コマ目 (下段): 美咲が両手を合わせて感動している。目がキラキラ輝き、頬が紅潮している。背景にパァァと光が広がる演出。 セリフ: ［美咲］の吹き出しに「これは使える…！」 オノマトペ: パァァ"
19,テンプレ5,"◆【注意】【】で囲まれた単語は感情や状況の指示であり、画像内に文字として描画しないでください
◆【絶対最優先】必ずフルカラーにしてください
◆【絶対最優先】キャラクター外見: 天野凛は添付のamano_rin_20260324_134234.pngと100%同一の外見で描画、桜井美咲は添付のsakurai_misaki_20260324_134641.pngと100%同一の外見で描画
◆【出力サイズ】9:16
◆【補足情報】上下左右に50ピクセルの余白を設けてください
◆【補足情報】服装: 凛はライトグレーのジャケットにブルーのインナー。美咲は白いブラウスにネイビーのタイトスカート
◆【コマ構成】テンプレ5: 上・中・下の3段構成、読み順は上→中→下
◆【作画】ジャンル: ビジネスに最適化した統一スタイル。作画スタイル: 日本のアニメ・マンガ調イラスト、クリーンな線画、デジタル彩色、現代ビジネスマンガ風、清潔感重視。色調: 落ち着いた色調、グレー・ネイビー・白基調。線画: 整った線、クリーンな表現。演出: オフィス空間、グラフや資料の描写、必要に応じて集中線、効果線、擬音などのマンガらしい演出
◆【ストーリー】
1コマ目 (上段): 翌日のオフィス。凛が廊下で美咲とすれ違い、美咲が嬉しそうに凛に駆け寄る。背景にストライプ模様。 セリフ: ［美咲］の吹き出しに「凛さん、AI試しました！」 オノマトペ: ダダダダ
2コマ目 (中段): 凛が微笑みながら美咲の話を聞いている。美咲は興奮気味に身振り手振りで話している。背景に半円模様。 セリフ: ［凛］の吹き出しに「どうだった？」 オノマトペ: なし
3コマ目 (下段): 美咲が両手を広げて「すごかった」と表現している。凛は満足げに頷いている。背景にフラッシュエフェクト。 セリフ: ［美咲］の吹き出しに「報告書が一瞬で！」 オノマトペ: ぱぁっ"
20,テンプレ3,"◆【注意】【】で囲まれた単語は感情や状況の指示であり、画像内に文字として描画しないでください
◆【絶対最優先】必ずフルカラーにしてください
◆【絶対最優先】キャラクター外見: 天野凛は添付のamano_rin_20260324_134234.pngと100%同一の外見で描画、桜井美咲は添付のsakurai_misaki_20260324_134641.pngと100%同一の外見で描画
◆【出力サイズ】9:16
◆【補足情報】上下左右に50ピクセルの余白を設けてください
◆【補足情報】服装: 凛はライトグレーのジャケットにブルーのインナー。美咲は白いブラウスにネイビーのタイトスカート
◆【コマ構成】テンプレ3: 上下2分割（上段小→下段大）、読み順は上段→下段
◆【作画】ジャンル: ビジネスに最適化した統一スタイル。作画スタイル: 日本のアニメ・マンガ調イラスト、クリーンな線画、デジタル彩色、現代ビジネスマンガ風、清潔感重視。色調: 落ち着いた色調、グレー・ネイビー・白基調。線画: 整った線、クリーンな表現。演出: オフィス空間、グラフや資料の描写、必要に応じて集中線、効果線、擬音などのマンガらしい演出
◆【ストーリー】
1コマ目 (上段・小): 凛が人差し指を立てて注意を促す表情。背景にドット模様。 セリフ: ［凛］の吹き出しに「大事なポイントがあるわ」 オノマトペ: なし
2コマ目 (下段・大): 凛がホワイトボードの前に立ち、図解を描いている。「使う人」と「使わない人」の差が広がる図。左側にAI活用者が上昇する矢印、右側に非活用者が横ばいの矢印。美咲が真剣にメモを取っている。背景にグラデーション。 セリフ: ［凛］の吹き出しに「格差は今この瞬間も広がってる」 オノマトペ: なし"
21,テンプレ6,"◆【注意】【】で囲まれた単語は感情や状況の指示であり、画像内に文字として描画しないでください
◆【絶対最優先】必ずフルカラーにしてください
◆【絶対最優先】キャラクター外見: 天野凛は添付のamano_rin_20260324_134234.pngと100%同一の外見で描画、桜井美咲は添付のsakurai_misaki_20260324_134641.pngと100%同一の外見で描画
◆【出力サイズ】9:16
◆【補足情報】上下左右に50ピクセルの余白を設けてください
◆【補足情報】服装: 凛はライトグレーのジャケットにブルーのインナー。美咲は白いブラウスにネイビーのタイトスカート
◆【コマ構成】テンプレ6: 上段1コマ＋下段左右2コマ、読み順は上段→下段右側→下段左側
◆【作画】ジャンル: ビジネスに最適化した統一スタイル。作画スタイル: 日本のアニメ・マンガ調イラスト、クリーンな線画、デジタル彩色、現代ビジネスマンガ風、清潔感重視。色調: 落ち着いた色調、グレー・ネイビー・白基調。線画: 整った線、クリーンな表現。演出: オフィス空間、グラフや資料の描写、必要に応じて集中線、効果線、擬音などのマンガらしい演出
◆【ストーリー】
1コマ目 (上段): 凛がタブレットで世界各国のAI導入率比較を見せている。日本が最下位に近い位置にあるグラフ。背景にストライプ模様。 セリフ: ［凛］の吹き出しに「日本はAI後進国なの」 オノマトペ: なし
2コマ目 (下段右側): 美咲が悔しそうな表情で拳を握っている。背景にフラッシュエフェクト。 セリフ: ［美咲］の吹き出しに「逆にチャンスだよね？」 オノマトペ: なし
3コマ目 (下段左側): 凛がニッコリ微笑んで美咲を見つめている。賛同の表情。背景に水玉模様。 セリフ: ［凛］の吹き出しに「その通り。先行者利益よ」 オノマトペ: ぱぁっ"
22,テンプレ5,"◆【注意】【】で囲まれた単語は感情や状況の指示であり、画像内に文字として描画しないでください
◆【絶対最優先】必ずフルカラーにしてください
◆【絶対最優先】キャラクター外見: 天野凛は添付のamano_rin_20260324_134234.pngと100%同一の外見で描画、桜井美咲は添付のsakurai_misaki_20260324_134641.pngと100%同一の外見で描画
◆【出力サイズ】9:16
◆【補足情報】上下左右に50ピクセルの余白を設けてください
◆【補足情報】服装: 凛はライトグレーのジャケットにブルーのインナー。美咲は白いブラウスにネイビーのタイトスカート
◆【コマ構成】テンプレ5: 上・中・下の3段構成、読み順は上→中→下
◆【作画】ジャンル: ビジネスに最適化した統一スタイル。作画スタイル: 日本のアニメ・マンガ調イラスト、クリーンな線画、デジタル彩色、現代ビジネスマンガ風、清潔感重視。色調: 落ち着いた色調、グレー・ネイビー・白基調。線画: 整った線、クリーンな表現。演出: オフィス空間、グラフや資料の描写、必要に応じて集中線、効果線、擬音などのマンガらしい演出
◆【ストーリー】
1コマ目 (上段): 凛が解説を続けている。手でグラフを指し示すポーズ。背景にドット模様。 セリフ: ［凛］の吹き出しに「特に若手は効果が大きい」 オノマトペ: なし
2コマ目 (中段): タブレット画面のアップ。「新人のAI活用 生産性34-35%向上」という棒グラフ。ベテランの14%と新人の35%を比較。背景にストライプ模様。 セリフ: ［凛］の吹き出しに「新人は35%も生産性アップ」 オノマトペ: なし
3コマ目 (下段): 美咲が希望に満ちた表情で自分の胸に手を当てている。背景にフラッシュエフェクト。 セリフ: ［美咲］の吹き出しに「若手の私にぴったりだ」 オノマトペ: キュン"
23,テンプレ4,"◆【注意】【】で囲まれた単語は感情や状況の指示であり、画像内に文字として描画しないでください
◆【絶対最優先】必ずフルカラーにしてください
◆【絶対最優先】キャラクター外見: 高橋誠一は添付のtakahashi_seiichi_20260324_134230.pngと100%同一の外見で描画、桜井美咲は添付のsakurai_misaki_20260324_134641.pngと100%同一の外見で描画
◆【出力サイズ】9:16
◆【補足情報】上下左右に50ピクセルの余白を設けてください
◆【補足情報】服装: 高橋はチャコールグレーのスーツにネイビーのネクタイ。美咲は白いブラウスにネイビーのタイトスカート
◆【コマ構成】テンプレ4: 上下2分割（上段大→下段小）、読み順は上段→下段
◆【作画】ジャンル: ビジネスに最適化した統一スタイル。作画スタイル: 日本のアニメ・マンガ調イラスト、クリーンな線画、デジタル彩色、現代ビジネスマンガ風、清潔感重視。色調: 落ち着いた色調、グレー・ネイビー・白基調。線画: 整った線、クリーンな表現。演出: オフィス空間、グラフや資料の描写、必要に応じて集中線、効果線、擬音などのマンガらしい演出
◆【ストーリー】
1コマ目 (上段・大): 高橋が自分のデスクで旧来の方法で報告書を書いている。大量の紙資料に囲まれ、電卓を叩き、額に汗。対照的に奥では若手社員がPCで軽快に作業している。背景にストライプ模様。 セリフ: ［高橋］の吹き出しに「基本は手を動かすことだ」 オノマトペ: なし
2コマ目 (下段・小): 美咲がこっそりAIで同じ作業を進めている。画面にはAIが生成した報告書の下書きが表示されている。秘密の笑みを浮かべている。背景にドット模様。 セリフ: ［美咲］の吹き出しに「（AIのおかげで倍速だ）」 オノマトペ: なし"
24,テンプレ7,"◆【注意】【】で囲まれた単語は感情や状況の指示であり、画像内に文字として描画しないでください
◆【絶対最優先】必ずフルカラーにしてください
◆【絶対最優先】キャラクター外見: 桜井美咲は添付のsakurai_misaki_20260324_134641.pngと100%同一の外見で描画、天野凛は添付のamano_rin_20260324_134234.pngと100%同一の外見で描画
◆【出力サイズ】9:16
◆【補足情報】上下左右に50ピクセルの余白を設けてください
◆【補足情報】服装: 美咲は白いブラウスにネイビーのタイトスカート。凛はライトグレーのジャケットにブルーのインナー
◆【コマ構成】テンプレ7: 上段左右2コマ＋下段1コマ、読み順は上段右側→上段左側→下段
◆【作画】ジャンル: ビジネスに最適化した統一スタイル。作画スタイル: 日本のアニメ・マンガ調イラスト、クリーンな線画、デジタル彩色、現代ビジネスマンガ風、清潔感重視。色調: 落ち着いた色調、グレー・ネイビー・白基調。線画: 整った線、クリーンな表現。演出: オフィス空間、グラフや資料の描写、必要に応じて集中線、効果線、擬音などのマンガらしい演出
◆【ストーリー】
1コマ目 (上段右側): 美咲がランチタイムに凛に話しかけている。ノートを開いて質問している。背景にドット模様。 セリフ: ［美咲］の吹き出しに「有料版は何が違うの？」 オノマトペ: なし
2コマ目 (上段左側): 凛が指で数字を示しながら説明。背景に半円模様。 セリフ: ［凛］の吹き出しに「月3000円で精度が段違い」 オノマトペ: なし
3コマ目 (下段): 美咲が計算している様子。「月3000円÷時給1500円＝2時間分」という吹き出し内の計算。背景にフラッシュエフェクト。 セリフ: ［美咲］の吹き出しに「2時間分の投資で元が取れる」 オノマトペ: ぱぁっ"
25,テンプレ5,"◆【注意】【】で囲まれた単語は感情や状況の指示であり、画像内に文字として描画しないでください
◆【絶対最優先】必ずフルカラーにしてください
◆【絶対最優先】キャラクター外見: 天野凛は添付のamano_rin_20260324_134234.pngと100%同一の外見で描画、桜井美咲は添付のsakurai_misaki_20260324_134641.pngと100%同一の外見で描画
◆【出力サイズ】9:16
◆【補足情報】上下左右に50ピクセルの余白を設けてください
◆【補足情報】服装: 凛はライトグレーのジャケットにブルーのインナー。美咲は白いブラウスにネイビーのタイトスカート
◆【コマ構成】テンプレ5: 上・中・下の3段構成、読み順は上→中→下
◆【作画】ジャンル: ビジネスに最適化した統一スタイル。作画スタイル: 日本のアニメ・マンガ調イラスト、クリーンな線画、デジタル彩色、現代ビジネスマンガ風、清潔感重視。色調: 落ち着いた色調、グレー・ネイビー・白基調。線画: 整った線、クリーンな表現。演出: オフィス空間、グラフや資料の描写、必要に応じて集中線、効果線、擬音などのマンガらしい演出
◆【ストーリー】
1コマ目 (上段): 凛が真剣な顔つきで締めくくりの話をしている。背景にグラデーション。 セリフ: ［凛］の吹き出しに「まとめるとね」 オノマトペ: なし
2コマ目 (中段): 凛がホワイトボードにまとめを書いている。「①コスト優位 ②生産性向上 ③先行者利益」の3点。美咲がメモを取っている。背景にストライプ模様。 セリフ: ［凛］の吹き出しに「この3つが1人+AIの強み」 オノマトペ: なし
3コマ目 (下段): 美咲が立ち上がり、拳を握りしめて決意の表情。凛が微笑んで見守っている。背景にフラッシュエフェクト。 セリフ: ［美咲］の吹き出しに「明日から本気で使う！」 オノマトペ: パァァ"
"26","テンプレ1","◆【注意】【】で囲まれた単語は感情や状況の指示であり、画像内に文字として描画しないでください
◆【絶対最優先】必ずフルカラーにしてください
◆【絶対最優先】キャラクター外見: 桜井美咲は添付のsakurai_misaki_20260324_134641.pngと100%同一の外見で描画
◆【出力サイズ】9:16
◆【補足情報】上下左右に50ピクセルの余白を設けてください
◆【補足情報】服装: 美咲は白いブラウスにネイビーのタイトスカート、首元にパールのネックレス
◆【コマ構成】テンプレ1: ページ全体を使った1コマ
◆【作画】ジャンル: ビジネスに最適化した統一スタイル。作画スタイル: 日本のアニメ・マンガ調イラスト、クリーンな線画、デジタル彩色、現代ビジネスマンガ風、清潔感重視。色調: 落ち着いた色調、グレー・ネイビー・白基調。線画: 整った線、クリーンな表現。演出: オフィス空間、グラフや資料の描写、必要に応じて集中線、効果線、擬音などのマンガらしい演出
◆【ストーリー】
1コマ目 (全面): 第1章の最終ページ。美咲がデスクでノートPCを開き、AI有料プランの申し込み画面を表示している。画面には「月額3000円」の文字。美咲は真剣で前向きな表情。周りにはコスト比較メモが置かれている。集中線で決意の演出。背景にフラッシュエフェクト。 セリフ: ［美咲］の吹き出しに「投資する価値がある」 オノマトペ: なし"
"27","テンプレ1","◆【注意】【】で囲まれた単語は感情や状況の指示であり、画像内に文字として描画しないでください
◆【絶対最優先】必ずフルカラーにしてください
◆【絶対最優先】キャラクター外見: 桜井美咲は添付のsakurai_misaki_20260324_134641.pngと100%同一の外見で描画、高橋誠一は添付のtakahashi_seiichi_20260324_134230.pngと100%同一の外見で描画、天野凛は添付のamano_rin_20260324_134234.pngと100%同一の外見で描画
◆【出力サイズ】9:16
◆【補足情報】上下左右に50ピクセルの余白を設けてください
◆【補足情報】服装: 美咲は白いブラウスにネイビーのタイトスカート、首元にパールのネックレス。高橋はチャコールグレーのスーツにネイビーのネクタイ、胸ポケットにペン。凛はライトグレーのジャケットにブルーのインナー、黒のスラックス
◆【コマ構成】テンプレ1: ページ全体を使った1コマ
◆【作画】ジャンル: ビジネスに最適化した統一スタイル。作画スタイル: 日本のアニメ・マンガ調イラスト、クリーンな線画、デジタル彩色、現代ビジネスマンガ風、清潔感重視。色調: 落ち着いた色調、グレー・ネイビー・白基調。線画: 整った線、クリーンな表現。演出: オフィス空間、グラフや資料の描写、必要に応じて集中線、効果線、擬音などのマンガらしい演出
◆【ストーリー】
1コマ目 (全面): 第2章タイトルページ。「第2章 経験不足はAIが補う若手新人の下剋上」の文字スペース。美咲がノートPCを持ち、自信に満ちた表情で前を向いている。背景には高橋が腕を組んで見守り、凛が微笑んでいる。デジタルデータが流れるような演出。 セリフ: なし オノマトペ: なし"
"28","テンプレ5","◆【注意】【】で囲まれた単語は感情や状況の指示であり、画像内に文字として描画しないでください
◆【絶対最優先】必ずフルカラーにしてください
◆【絶対最優先】キャラクター外見: 桜井美咲は添付のsakurai_misaki_20260324_134641.pngと100%同一の外見で描画
◆【出力サイズ】9:16
◆【補足情報】上下左右に50ピクセルの余白を設けてください
◆【補足情報】服装: 美咲は白いブラウスにネイビーのタイトスカート、首元にパールのネックレス
◆【コマ構成】テンプレ5: 上・中・下の3段構成、読み順は上→中→下
◆【作画】ジャンル: ビジネスに最適化した統一スタイル。作画スタイル: 日本のアニメ・マンガ調イラスト、クリーンな線画、デジタル彩色、現代ビジネスマンガ風、清潔感重視。色調: 落ち着いた色調、グレー・ネイビー・白基調。線画: 整った線、クリーンな表現。演出: オフィス空間、グラフや資料の描写、必要に応じて集中線、効果線、擬音などのマンガらしい演出
◆【ストーリー】
1コマ目 (上段): 朝のオフィス。美咲がデスクに座り、PCを起動。AIチャット画面を開いている。朝日が窓から差し込む。背景にストライプ模様。 セリフ: ［美咲］の吹き出しに「今日はメールをAIで書こう」 オノマトペ: なし
2コマ目 (中段): 美咲がAIにメールの要件を入力している。真剣な表情で集中。背景にドット模様。 セリフ: ［美咲］の吹き出しに「取引先への提案メール…」 オノマトペ: なし
3コマ目 (下段): AIから完成度の高いメール文が出力。美咲が驚いて目を見開いている。背景にフラッシュエフェクト。 セリフ: ［美咲］の吹き出しに「5分で完成した!?」 オノマトペ: ビクッ"
"29","テンプレ3","◆【注意】【】で囲まれた単語は感情や状況の指示であり、画像内に文字として描画しないでください
◆【絶対最優先】必ずフルカラーにしてください
◆【絶対最優先】キャラクター外見: 桜井美咲は添付のsakurai_misaki_20260324_134641.pngと100%同一の外見で描画
◆【出力サイズ】9:16
◆【補足情報】上下左右に50ピクセルの余白を設けてください
◆【補足情報】服装: 美咲は白いブラウスにネイビーのタイトスカート、首元にパールのネックレス
◆【コマ構成】テンプレ3: 上下2分割（上段小→下段大）、読み順は上段→下段
◆【作画】ジャンル: ビジネスに最適化した統一スタイル。作画スタイル: 日本のアニメ・マンガ調イラスト、クリーンな線画、デジタル彩色、現代ビジネスマンガ風、清潔感重視。色調: 落ち着いた色調、グレー・ネイビー・白基調。線画: 整った線、クリーンな表現。演出: オフィス空間、グラフや資料の描写、必要に応じて集中線、効果線、擬音などのマンガらしい演出
◆【ストーリー】
1コマ目 (上段・小): 美咲がAI作成のメールを読み直して微調整。満足げな表情。背景に水玉模様。 セリフ: ［美咲］の吹き出しに「少し直すだけでOK」 オノマトペ: なし
2コマ目 (下段・大): 美咲がメールの送信ボタンを押す瞬間。画面に「送信」ボタンが大きく表示。以前は1時間かかっていた作業が5分で完了した達成感。時計は9時15分。背景にフラッシュエフェクト。 セリフ: ［美咲］の吹き出しに「以前は1時間かかったのに」 オノマトペ: パァァ"
"30","テンプレ6","◆【注意】【】で囲まれた単語は感情や状況の指示であり、画像内に文字として描画しないでください
◆【絶対最優先】必ずフルカラーにしてください
◆【絶対最優先】キャラクター外見: 高橋誠一は添付のtakahashi_seiichi_20260324_134230.pngと100%同一の外見で描画、桜井美咲は添付のsakurai_misaki_20260324_134641.pngと100%同一の外見で描画
◆【出力サイズ】9:16
◆【補足情報】上下左右に50ピクセルの余白を設けてください
◆【補足情報】服装: 高橋はチャコールグレーのスーツにネイビーのネクタイ、胸ポケットにペン。美咲は白いブラウスにネイビーのタイトスカート、首元にパールのネックレス
◆【コマ構成】テンプレ6: 上段1コマ＋下段左右2コマ、読み順は上段→下段右側→下段左側
◆【作画】ジャンル: ビジネスに最適化した統一スタイル。作画スタイル: 日本のアニメ・マンガ調イラスト、クリーンな線画、デジタル彩色、現代ビジネスマンガ風、清潔感重視。色調: 落ち着いた色調、グレー・ネイビー・白基調。線画: 整った線、クリーンな表現。演出: オフィス空間、グラフや資料の描写、必要に応じて集中線、効果線、擬音などのマンガらしい演出
◆【ストーリー】
1コマ目 (上段): 高橋が美咲のデスクの横を通りかかり、画面を覗いている。眉をひそめた表情。背景にストライプ模様。 セリフ: ［高橋］の吹き出しに「おい桜井、何をしている」 オノマトペ: なし
2コマ目 (下段右側): 高橋が腕を組んで厳しい表情で美咲を見下ろしている。威圧的なポーズ。背景にフラッシュエフェクト。 セリフ: ［高橋］の吹き出しに「AIに頼ると力がつかんぞ」 オノマトペ: むすっ
3コマ目 (下段左側): 美咲が萎縮した表情でうつむいている。肩が小さくなっている。背景にドット模様。 セリフ: ［美咲］の吹き出しに「す、すみません…」 オノマトペ: ギクッ"
"31","テンプレ5","◆【注意】【】で囲まれた単語は感情や状況の指示であり、画像内に文字として描画しないでください
◆【絶対最優先】必ずフルカラーにしてください
◆【絶対最優先】キャラクター外見: 高橋誠一は添付のtakahashi_seiichi_20260324_134230.pngと100%同一の外見で描画、桜井美咲は添付のsakurai_misaki_20260324_134641.pngと100%同一の外見で描画、天野凛は添付のamano_rin_20260324_134234.pngと100%同一の外見で描画
◆【出力サイズ】9:16
◆【補足情報】上下左右に50ピクセルの余白を設けてください
◆【補足情報】服装: 高橋はチャコールグレーのスーツにネイビーのネクタイ、胸ポケットにペン。美咲は白いブラウスにネイビーのタイトスカート、首元にパールのネックレス。凛はライトグレーのジャケットにブルーのインナー、黒のスラックス
◆【コマ構成】テンプレ5: 上・中・下の3段構成、読み順は上→中→下
◆【作画】ジャンル: ビジネスに最適化した統一スタイル。作画スタイル: 日本のアニメ・マンガ調イラスト、クリーンな線画、デジタル彩色、現代ビジネスマンガ風、清潔感重視。色調: 落ち着いた色調、グレー・ネイビー・白基調。線画: 整った線、クリーンな表現。演出: オフィス空間、グラフや資料の描写、必要に応じて集中線、効果線、擬音などのマンガらしい演出
◆【ストーリー】
1コマ目 (上段): 高橋が自分のデスクに戻りながら独り言。不満そうな表情。背景にドット模様。 セリフ: ［高橋］の吹き出しに「若い奴は楽ばかり覚える」 オノマトペ: むすっ
2コマ目 (中段): 美咲が一人で落ち込んでいる。PCの画面にはAIチャットが開いたまま。背景にグラデーション。 セリフ: ［美咲］の吹き出しに「やっぱりダメなのかな…」 オノマトペ: なし
3コマ目 (下段): 凛がタイミングよく美咲のデスクに来る。美咲の表情を見て何かを察した様子。背景にストライプ模様。 セリフ: ［凛］の吹き出しに「高橋さんに何か言われた？」 オノマトペ: なし"
"32","テンプレ4","◆【注意】【】で囲まれた単語は感情や状況の指示であり、画像内に文字として描画しないでください
◆【絶対最優先】必ずフルカラーにしてください
◆【絶対最優先】キャラクター外見: 天野凛は添付のamano_rin_20260324_134234.pngと100%同一の外見で描画、桜井美咲は添付のsakurai_misaki_20260324_134641.pngと100%同一の外見で描画
◆【出力サイズ】9:16
◆【補足情報】上下左右に50ピクセルの余白を設けてください
◆【補足情報】服装: 凛はライトグレーのジャケットにブルーのインナー、黒のスラックス。美咲は白いブラウスにネイビーのタイトスカート、首元にパールのネックレス
◆【コマ構成】テンプレ4: 上下2分割（上段大→下段小）、読み順は上段→下段
◆【作画】ジャンル: ビジネスに最適化した統一スタイル。作画スタイル: 日本のアニメ・マンガ調イラスト、クリーンな線画、デジタル彩色、現代ビジネスマンガ風、清潔感重視。色調: 落ち着いた色調、グレー・ネイビー・白基調。線画: 整った線、クリーンな表現。演出: オフィス空間、グラフや資料の描写、必要に応じて集中線、効果線、擬音などのマンガらしい演出
◆【ストーリー】
1コマ目 (上段・大): 凛が美咲の横に座り、タブレットで研究データを見せている。「5000人規模の研究」と大きく表示。凛は落ち着いた知的な表情で解説。美咲は真剣に聞いている。背景にストライプ模様。 セリフ: ［凛］の吹き出しに「5000人の研究結果を見て」 オノマトペ: なし
2コマ目 (下段・小): 美咲が驚いた表情で凛を見ている。目が丸くなっている。背景にフラッシュエフェクト。 セリフ: ［美咲］の吹き出しに「5000人も!?」 オノマトペ: ビクッ"
"33","テンプレ7","◆【注意】【】で囲まれた単語は感情や状況の指示であり、画像内に文字として描画しないでください
◆【絶対最優先】必ずフルカラーにしてください
◆【絶対最優先】キャラクター外見: 天野凛は添付のamano_rin_20260324_134234.pngと100%同一の外見で描画、桜井美咲は添付のsakurai_misaki_20260324_134641.pngと100%同一の外見で描画
◆【出力サイズ】9:16
◆【補足情報】上下左右に50ピクセルの余白を設けてください
◆【補足情報】服装: 凛はライトグレーのジャケットにブルーのインナー、黒のスラックス。美咲は白いブラウスにネイビーのタイトスカート、首元にパールのネックレス
◆【コマ構成】テンプレ7: 上段左右2コマ＋下段1コマ、読み順は上段右側→上段左側→下段
◆【作画】ジャンル: ビジネスに最適化した統一スタイル。作画スタイル: 日本のアニメ・マンガ調イラスト、クリーンな線画、デジタル彩色、現代ビジネスマンガ風、清潔感重視。色調: 落ち着いた色調、グレー・ネイビー・白基調。線画: 整った線、クリーンな表現。演出: オフィス空間、グラフや資料の描写、必要に応じて集中線、効果線、擬音などのマンガらしい演出
◆【ストーリー】
1コマ目 (上段右側): 凛のタブレット画面のアップ。「新人がAIを使うと2ヶ月でベテラン8ヶ月分の成果」という比較棒グラフ。背景にドット模様。 セリフ: なし オノマトペ: なし
2コマ目 (上段左側): 美咲が口を開けて驚愕の表情。頭の上に「！」マーク。背景にフラッシュエフェクト。 セリフ: ［美咲］の吹き出しに「2ヶ月で8ヶ月分!?」 オノマトペ: ガーン
3コマ目 (下段): 凛が穏やかに微笑みながら美咲に語りかけている。背景にグラデーション。 セリフ: ［凛］の吹き出しに「経験の差をAIが埋めるの」 オノマトペ: なし"
"34","テンプレ5","◆【注意】【】で囲まれた単語は感情や状況の指示であり、画像内に文字として描画しないでください
◆【絶対最優先】必ずフルカラーにしてください
◆【絶対最優先】キャラクター外見: 天野凛は添付のamano_rin_20260324_134234.pngと100%同一の外見で描画、桜井美咲は添付のsakurai_misaki_20260324_134641.pngと100%同一の外見で描画
◆【出力サイズ】9:16
◆【補足情報】上下左右に50ピクセルの余白を設けてください
◆【補足情報】服装: 凛はライトグレーのジャケットにブルーのインナー、黒のスラックス。美咲は白いブラウスにネイビーのタイトスカート、首元にパールのネックレス
◆【コマ構成】テンプレ5: 上・中・下の3段構成、読み順は上→中→下
◆【作画】ジャンル: ビジネスに最適化した統一スタイル。作画スタイル: 日本のアニメ・マンガ調イラスト、クリーンな線画、デジタル彩色、現代ビジネスマンガ風、清潔感重視。色調: 落ち着いた色調、グレー・ネイビー・白基調。線画: 整った線、クリーンな表現。演出: オフィス空間、グラフや資料の描写、必要に応じて集中線、効果線、擬音などのマンガらしい演出
◆【ストーリー】
1コマ目 (上段): 凛が別のデータを見せている。「758人のコンサルタント実験」の見出し。背景にストライプ模様。 セリフ: ［凛］の吹き出しに「コンサル758人の実験もある」 オノマトペ: なし
2コマ目 (中段): タブレット画面のアップ。「AI活用グループ：12.2%多く完了、25.1%速い」という結果。棒グラフで視覚化。背景に半円模様。 セリフ: ［凛］の吹き出しに「12%多く、25%速く完了」 オノマトペ: なし
3コマ目 (下段): 美咲が感動した表情で両手を合わせている。目が輝いている。背景にフラッシュエフェクト。 セリフ: ［美咲］の吹き出しに「データで証明されてるんだ」 オノマトペ: パァァ"
"35","テンプレ6","◆【注意】【】で囲まれた単語は感情や状況の指示であり、画像内に文字として描画しないでください
◆【絶対最優先】必ずフルカラーにしてください
◆【絶対最優先】キャラクター外見: 天野凛は添付のamano_rin_20260324_134234.pngと100%同一の外見で描画、桜井美咲は添付のsakurai_misaki_20260324_134641.pngと100%同一の外見で描画
◆【出力サイズ】9:16
◆【補足情報】上下左右に50ピクセルの余白を設けてください
◆【補足情報】服装: 凛はライトグレーのジャケットにブルーのインナー、黒のスラックス。美咲は白いブラウスにネイビーのタイトスカート、首元にパールのネックレス
◆【コマ構成】テンプレ6: 上段1コマ＋下段左右2コマ、読み順は上段→下段右側→下段左側
◆【作画】ジャンル: ビジネスに最適化した統一スタイル。作画スタイル: 日本のアニメ・マンガ調イラスト、クリーンな線画、デジタル彩色、現代ビジネスマンガ風、清潔感重視。色調: 落ち着いた色調、グレー・ネイビー・白基調。線画: 整った線、クリーンな表現。演出: オフィス空間、グラフや資料の描写、必要に応じて集中線、効果線、擬音などのマンガらしい演出
◆【ストーリー】
1コマ目 (上段): 凛が表情を引き締めて注意点を話す。人差し指を立てている。背景にドット模様。 セリフ: ［凛］の吹き出しに「ただし注意点があるわ」 オノマトペ: なし
2コマ目 (下段右側): 凛のタブレットに「AI能力範囲外では19%低下」という警告グラフ。赤い下向き矢印。背景にストライプ模様。 セリフ: ［凛］の吹き出しに「範囲外だと19%低下する」 オノマトペ: なし
3コマ目 (下段左側): 美咲が真剣に頷いている。メモを取っている。背景にグラデーション。 セリフ: ［美咲］の吹き出しに「得意分野を見極めるのね」 オノマトペ: なし"
"36","テンプレ5","◆【注意】【】で囲まれた単語は感情や状況の指示であり、画像内に文字として描画しないでください
◆【絶対最優先】必ずフルカラーにしてください
◆【絶対最優先】キャラクター外見: 天野凛は添付のamano_rin_20260324_134234.pngと100%同一の外見で描画、桜井美咲は添付のsakurai_misaki_20260324_134641.pngと100%同一の外見で描画
◆【出力サイズ】9:16
◆【補足情報】上下左右に50ピクセルの余白を設けてください
◆【補足情報】服装: 凛はライトグレーのジャケットにブルーのインナー、黒のスラックス。美咲は白いブラウスにネイビーのタイトスカート、首元にパールのネックレス
◆【コマ構成】テンプレ5: 上・中・下の3段構成、読み順は上→中→下
◆【作画】ジャンル: ビジネスに最適化した統一スタイル。作画スタイル: 日本のアニメ・マンガ調イラスト、クリーンな線画、デジタル彩色、現代ビジネスマンガ風、清潔感重視。色調: 落ち着いた色調、グレー・ネイビー・白基調。線画: 整った線、クリーンな表現。演出: オフィス空間、グラフや資料の描写、必要に応じて集中線、効果線、擬音などのマンガらしい演出
◆【ストーリー】
1コマ目 (上段): 凛がホワイトボードに「AIが得意なこと」と「AIが苦手なこと」のリストを書いている。得意側：文書作成、データ分析、翻訳。苦手側：創造的判断、人間関係。背景にストライプ模様。 セリフ: ［凛］の吹き出しに「使い分けが大切なの」 オノマトペ: なし
2コマ目 (中段): 美咲がメモを取りながら頷いている。真剣な学びの姿勢。背景に半円模様。 セリフ: ［美咲］の吹き出しに「万能じゃないってことね」 オノマトペ: なし
3コマ目 (下段): 凛が微笑みながら美咲を見ている。師弟のような温かい雰囲気。背景にグラデーション。 セリフ: ［凛］の吹き出しに「道具は使い手次第よ」 オノマトペ: なし"
"37","テンプレ2","◆【注意】【】で囲まれた単語は感情や状況の指示であり、画像内に文字として描画しないでください
◆【絶対最優先】必ずフルカラーにしてください
◆【絶対最優先】キャラクター外見: 桜井美咲は添付のsakurai_misaki_20260324_134641.pngと100%同一の外見で描画
◆【出力サイズ】9:16
◆【補足情報】上下左右に50ピクセルの余白を設けてください
◆【補足情報】服装: 美咲はカジュアルな服装（自宅）、パーカーとジーンズ
◆【コマ構成】テンプレ2: 上下に均等2分割、読み順は上段→下段
◆【作画】ジャンル: ビジネスに最適化した統一スタイル。作画スタイル: 日本のアニメ・マンガ調イラスト、クリーンな線画、デジタル彩色、現代ビジネスマンガ風、清潔感重視。色調: 落ち着いた色調、グレー・ネイビー・白基調。線画: 整った線、クリーンな表現。演出: オフィス空間、グラフや資料の描写、必要に応じて集中線、効果線、擬音などのマンガらしい演出
◆【ストーリー】
1コマ目 (上段): 美咲の自宅、夜。デスクに座りAIと一緒にプレゼン資料を作成中。画面にスライドのアウトライン。集中した表情。背景にドット模様。 セリフ: ［美咲］の吹き出しに「プレゼン資料も作れるんだ」 オノマトペ: なし
2コマ目 (下段): 完成したプレゼンスライドが画面に並ぶ。美咲が満足げに微笑み、伸びをしている。時計は21時。背景にフラッシュエフェクト。 セリフ: ［美咲］の吹き出しに「2時間で完成、すごい…」 オノマトペ: ぱぁっ"
"38","テンプレ7","◆【注意】【】で囲まれた単語は感情や状況の指示であり、画像内に文字として描画しないでください
◆【絶対最優先】必ずフルカラーにしてください
◆【絶対最優先】キャラクター外見: 桜井美咲は添付のsakurai_misaki_20260324_134641.pngと100%同一の外見で描画
◆【出力サイズ】9:16
◆【補足情報】上下左右に50ピクセルの余白を設けてください
◆【補足情報】服装: 美咲はカジュアルな服装（自宅）、パーカーとジーンズ
◆【コマ構成】テンプレ7: 上段左右2コマ＋下段1コマ、読み順は上段右側→上段左側→下段
◆【作画】ジャンル: ビジネスに最適化した統一スタイル。作画スタイル: 日本のアニメ・マンガ調イラスト、クリーンな線画、デジタル彩色、現代ビジネスマンガ風、清潔感重視。色調: 落ち着いた色調、グレー・ネイビー・白基調。線画: 整った線、クリーンな表現。演出: オフィス空間、グラフや資料の描写、必要に応じて集中線、効果線、擬音などのマンガらしい演出
◆【ストーリー】
1コマ目 (上段右側): 美咲がプレゼン資料の内容を確認。グラフやチャートが綺麗に並んだスライド。背景にドット模様。 セリフ: ［美咲］の吹き出しに「グラフも提案してくれた」 オノマトペ: なし
2コマ目 (上段左側): 美咲がスライドのデザインを微調整。AIが提案した配色パターンが画面に表示。背景に水玉模様。 セリフ: ［美咲］の吹き出しに「仕上げは自分の感性で」 オノマトペ: なし
3コマ目 (下段): 美咲がPCを閉じ、充実した表情で窓の外の夜景を見ている。明日のプレゼンへの自信。背景にグラデーション。 セリフ: ［美咲］の吹き出しに「明日が楽しみになってきた」 オノマトペ: キュン"
"39","テンプレ5","◆【注意】【】で囲まれた単語は感情や状況の指示であり、画像内に文字として描画しないでください
◆【絶対最優先】必ずフルカラーにしてください
◆【絶対最優先】キャラクター外見: 桜井美咲は添付のsakurai_misaki_20260324_134641.pngと100%同一の外見で描画、高橋誠一は添付のtakahashi_seiichi_20260324_134230.pngと100%同一の外見で描画
◆【出力サイズ】9:16
◆【補足情報】上下左右に50ピクセルの余白を設けてください
◆【補足情報】服装: 美咲は白いブラウスにネイビーのタイトスカート、首元にパールのネックレス。高橋はチャコールグレーのスーツにネイビーのネクタイ、胸ポケットにペン
◆【コマ構成】テンプレ5: 上・中・下の3段構成、読み順は上→中→下
◆【作画】ジャンル: ビジネスに最適化した統一スタイル。作画スタイル: 日本のアニメ・マンガ調イラスト、クリーンな線画、デジタル彩色、現代ビジネスマンガ風、清潔感重視。色調: 落ち着いた色調、グレー・ネイビー・白基調。線画: 整った線、クリーンな表現。演出: オフィス空間、グラフや資料の描写、必要に応じて集中線、効果線、擬音などのマンガらしい演出
◆【ストーリー】
1コマ目 (上段): 翌日の会議室。美咲がプロジェクターの前でプレゼン。スクリーンには整ったスライド。背景にストライプ模様。 セリフ: なし オノマトペ: なし
2コマ目 (中段): 美咲が自信を持ってプレゼン。社員たちが感心した表情で頷いている。背景に半円模様。 セリフ: ［美咲］の吹き出しに「以上が今月の提案です」 オノマトペ: なし
3コマ目 (下段): 高橋が腕を組んで聞いている。少し驚いた表情だが認めたくない複雑な感情。背景にドット模様。 セリフ: ［高橋］の吹き出しに「（入社2年目にしては…）」 オノマトペ: なし"
"40","テンプレ3","◆【注意】【】で囲まれた単語は感情や状況の指示であり、画像内に文字として描画しないでください
◆【絶対最優先】必ずフルカラーにしてください
◆【絶対最優先】キャラクター外見: 桜井美咲は添付のsakurai_misaki_20260324_134641.pngと100%同一の外見で描画、天野凛は添付のamano_rin_20260324_134234.pngと100%同一の外見で描画
◆【出力サイズ】9:16
◆【補足情報】上下左右に50ピクセルの余白を設けてください
◆【補足情報】服装: 美咲は白いブラウスにネイビーのタイトスカート、首元にパールのネックレス。凛はライトグレーのジャケットにブルーのインナー、黒のスラックス
◆【コマ構成】テンプレ3: 上下2分割（上段小→下段大）、読み順は上段→下段
◆【作画】ジャンル: ビジネスに最適化した統一スタイル。作画スタイル: 日本のアニメ・マンガ調イラスト、クリーンな線画、デジタル彩色、現代ビジネスマンガ風、清潔感重視。色調: 落ち着いた色調、グレー・ネイビー・白基調。線画: 整った線、クリーンな表現。演出: オフィス空間、グラフや資料の描写、必要に応じて集中線、効果線、擬音などのマンガらしい演出
◆【ストーリー】
1コマ目 (上段・小): プレゼン後、廊下で美咲と凛が並んで歩いている。美咲は嬉しそう。背景にドット模様。 セリフ: ［美咲］の吹き出しに「うまくいった気がする！」 オノマトペ: なし
2コマ目 (下段・大): 凛が美咲の肩をポンと叩いて微笑んでいる。先輩としての温かさ。背景にフラッシュエフェクトと光の粒子。 セリフ: ［凛］の吹き出しに「AIと美咲の力の掛け算よ」 オノマトペ: ぱぁっ"
"41","テンプレ5","◆【注意】【】で囲まれた単語は感情や状況の指示であり、画像内に文字として描画しないでください
◆【絶対最優先】必ずフルカラーにしてください
◆【絶対最優先】キャラクター外見: 天野凛は添付のamano_rin_20260324_134234.pngと100%同一の外見で描画、桜井美咲は添付のsakurai_misaki_20260324_134641.pngと100%同一の外見で描画
◆【出力サイズ】9:16
◆【補足情報】上下左右に50ピクセルの余白を設けてください
◆【補足情報】服装: 凛はライトグレーのジャケットにブルーのインナー、黒のスラックス。美咲は白いブラウスにネイビーのタイトスカート、首元にパールのネックレス
◆【コマ構成】テンプレ5: 上・中・下の3段構成、読み順は上→中→下
◆【作画】ジャンル: ビジネスに最適化した統一スタイル。作画スタイル: 日本のアニメ・マンガ調イラスト、クリーンな線画、デジタル彩色、現代ビジネスマンガ風、清潔感重視。色調: 落ち着いた色調、グレー・ネイビー・白基調。線画: 整った線、クリーンな表現。演出: オフィス空間、グラフや資料の描写、必要に応じて集中線、効果線、擬音などのマンガらしい演出
◆【ストーリー】
1コマ目 (上段): 凛が美咲にさらにアドバイス。休憩室のソファに二人で座っている。背景にストライプ模様。 セリフ: ［凛］の吹き出しに「次のステップを教えるわ」 オノマトペ: なし
2コマ目 (中段): 凛がノートに書きながら説明。「(1)定型業務をAIに (2)確認は人間 (3)改善を繰り返す」のフロー図。背景に半円模様。 セリフ: ［凛］の吹き出しに「AI活用の3ステップよ」 オノマトペ: なし
3コマ目 (下段): 美咲がメモを取りながら真剣だが楽しそうな表情。学ぶことの喜び。背景にグラデーション。 セリフ: ［美咲］の吹き出しに「もっとAIと一緒に成長する」 オノマトペ: キュン"
"42","テンプレ4","◆【注意】【】で囲まれた単語は感情や状況の指示であり、画像内に文字として描画しないでください
◆【絶対最優先】必ずフルカラーにしてください
◆【絶対最優先】キャラクター外見: 桜井美咲は添付のsakurai_misaki_20260324_134641.pngと100%同一の外見で描画、高橋誠一は添付のtakahashi_seiichi_20260324_134230.pngと100%同一の外見で描画
◆【出力サイズ】9:16
◆【補足情報】上下左右に50ピクセルの余白を設けてください
◆【補足情報】服装: 美咲は白いブラウスにネイビーのタイトスカート、首元にパールのネックレス。高橋はチャコールグレーのスーツにネイビーのネクタイ、胸ポケットにペン
◆【コマ構成】テンプレ4: 上下2分割（上段大→下段小）、読み順は上段→下段
◆【作画】ジャンル: ビジネスに最適化した統一スタイル。作画スタイル: 日本のアニメ・マンガ調イラスト、クリーンな線画、デジタル彩色、現代ビジネスマンガ風、清潔感重視。色調: 落ち着いた色調、グレー・ネイビー・白基調。線画: 整った線、クリーンな表現。演出: オフィス空間、グラフや資料の描写、必要に応じて集中線、効果線、擬音などのマンガらしい演出
◆【ストーリー】
1コマ目 (上段・大): オフィスの対比シーン。左半分に美咲がAIでサクサク仕事をこなす姿。右半分に高橋が従来のやり方で書類と格闘する姿。真ん中に分割線。背景に左はフラッシュエフェクト、右はドット模様。 セリフ: なし オノマトペ: なし
2コマ目 (下段・小): 時計が17時。美咲はすでに帰り支度をしているが、高橋はまだデスクに向かっている。背景にグラデーション。 セリフ: ［美咲］の吹き出しに「お先に失礼します」 オノマトペ: なし"
"43","テンプレ6","◆【注意】【】で囲まれた単語は感情や状況の指示であり、画像内に文字として描画しないでください
◆【絶対最優先】必ずフルカラーにしてください
◆【絶対最優先】キャラクター外見: 桜井美咲は添付のsakurai_misaki_20260324_134641.pngと100%同一の外見で描画、天野凛は添付のamano_rin_20260324_134234.pngと100%同一の外見で描画
◆【出力サイズ】9:16
◆【補足情報】上下左右に50ピクセルの余白を設けてください
◆【補足情報】服装: 美咲は白いブラウスにネイビーのタイトスカート、首元にパールのネックレス。凛はライトグレーのジャケットにブルーのインナー、黒のスラックス
◆【コマ構成】テンプレ6: 上段1コマ＋下段左右2コマ、読み順は上段→下段右側→下段左側
◆【作画】ジャンル: ビジネスに最適化した統一スタイル。作画スタイル: 日本のアニメ・マンガ調イラスト、クリーンな線画、デジタル彩色、現代ビジネスマンガ風、清潔感重視。色調: 落ち着いた色調、グレー・ネイビー・白基調。線画: 整った線、クリーンな表現。演出: オフィス空間、グラフや資料の描写、必要に応じて集中線、効果線、擬音などのマンガらしい演出
◆【ストーリー】
1コマ目 (上段): 美咲が帰宅途中の夕暮れの道を歩いている。スマホで学習レコメンドを見て微笑み。背景にグラデーション。 セリフ: ［美咲］の吹き出しに「次はデータ分析を学ぼう」 オノマトペ: なし
2コマ目 (下段右側): 美咲の自宅。PCで凛にメッセージを送っている。背景に水玉模様。 セリフ: ［美咲］の吹き出しに「凛さんにお礼しなきゃ」 オノマトペ: なし
3コマ目 (下段左側): 凛が自宅でスマホを見て微笑んでいる。美咲のメッセージを読んでいる。背景にドット模様。 セリフ: ［凛］の吹き出しに「頑張ってるわね、美咲」 オノマトペ: ぱぁっ"
"44","テンプレ1","◆【注意】【】で囲まれた単語は感情や状況の指示であり、画像内に文字として描画しないでください
◆【絶対最優先】必ずフルカラーにしてください
◆【絶対最優先】キャラクター外見: 桜井美咲は添付のsakurai_misaki_20260324_134641.pngと100%同一の外見で描画
◆【出力サイズ】9:16
◆【補足情報】上下左右に50ピクセルの余白を設けてください
◆【補足情報】服装: 美咲はカジュアルな服装（自宅）、パーカーとジーンズ
◆【コマ構成】テンプレ1: ページ全体を使った1コマ
◆【作画】ジャンル: ビジネスに最適化した統一スタイル。作画スタイル: 日本のアニメ・マンガ調イラスト、クリーンな線画、デジタル彩色、現代ビジネスマンガ風、清潔感重視。色調: 落ち着いた色調、グレー・ネイビー・白基調。線画: 整った線、クリーンな表現。演出: オフィス空間、グラフや資料の描写、必要に応じて集中線、効果線、擬音などのマンガらしい演出
◆【ストーリー】
1コマ目 (全面): 第2章の締めくくり。美咲が自宅のデスクでAIと一緒にプレゼン資料の仕上げをしている俯瞰ショット。画面にはAIチャットとプレゼンスライドが並んで表示。美咲の表情は充実感と自信に満ちている。デスクの上にメモやコーヒーカップ。集中線で美咲を強調。背景にフラッシュエフェクト。 セリフ: ［美咲］の吹き出しに「AIは最強の相棒だ」 オノマトペ: パァァ"
"45","テンプレ1","◆【注意】【】で囲まれた単語は感情や状況の指示であり、画像内に文字として描画しないでください
◆【絶対最優先】必ずフルカラーにしてください
◆【絶対最優先】キャラクター外見: 桜井美咲は添付のsakurai_misaki_20260324_134641.pngと100%同一の外見で描画、天野凛は添付のamano_rin_20260324_134234.pngと100%同一の外見で描画、高橋誠一は添付のtakahashi_seiichi_20260324_134230.pngと100%同一の外見で描画
◆【出力サイズ】9:16
◆【補足情報】上下左右に50ピクセルの余白を設けてください
◆【補足情報】服装: 美咲は白いブラウスにネイビーのタイトスカート、首元にパールのネックレス。凛はライトグレーのジャケットにブルーのインナー、黒のスラックス。高橋はチャコールグレーのスーツにネイビーのネクタイ、胸ポケットにペン
◆【コマ構成】テンプレ1: ページ全体を使った1コマ
◆【作画】ジャンル: ビジネスに最適化した統一スタイル。作画スタイル: 日本のアニメ・マンガ調イラスト、クリーンな線画、デジタル彩色、現代ビジネスマンガ風、清潔感重視。色調: 落ち着いた色調、グレー・ネイビー・白基調。線画: 整った線、クリーンな表現。演出: オフィス空間、グラフや資料の描写、必要に応じて集中線、効果線、擬音などのマンガらしい演出
◆【ストーリー】
1コマ目 (全面): 第3章タイトルページ。「第3章 労働からの解放と時間の再投資」の文字スペース。時計が背景に大きく描かれ時間の概念を象徴。美咲が時計の前に立ち解放感のあるポーズ。凛と高橋が背景に小さく描かれている。背景にグラデーション。 セリフ: なし オノマトペ: なし"
"46","テンプレ5","◆【注意】【】で囲まれた単語は感情や状況の指示であり、画像内に文字として描画しないでください
◆【絶対最優先】必ずフルカラーにしてください
◆【絶対最優先】キャラクター外見: 桜井美咲は添付のsakurai_misaki_20260324_134641.pngと100%同一の外見で描画
◆【出力サイズ】9:16
◆【補足情報】上下左右に50ピクセルの余白を設けてください
◆【補足情報】服装: 美咲は白いブラウスにネイビーのタイトスカート、首元にパールのネックレス
◆【コマ構成】テンプレ5: 上・中・下の3段構成、読み順は上→中→下
◆【作画】ジャンル: ビジネスに最適化した統一スタイル。作画スタイル: 日本のアニメ・マンガ調イラスト、クリーンな線画、デジタル彩色、現代ビジネスマンガ風、清潔感重視。色調: 落ち着いた色調、グレー・ネイビー・白基調。線画: 整った線、クリーンな表現。演出: オフィス空間、グラフや資料の描写、必要に応じて集中線、効果線、擬音などのマンガらしい演出
◆【ストーリー】
1コマ目 (上段): 美咲のデスク周り。以前は書類が山積みだったが今は整理整頓。PCの画面にはAIツールが常時開かれている。背景にストライプ模様。 セリフ: なし オノマトペ: なし
2コマ目 (中段): 美咲が効率よくタスクをこなしている。タスクリストのチェックマークが増えている。表情は集中しつつも余裕。背景にドット模様。 セリフ: ［美咲］の吹き出しに「午前中で終わっちゃった」 オノマトペ: なし
3コマ目 (下段): 美咲が時計を見て驚いている。まだ12時。以前は残業していた仕事量が午前で片付く。背景にフラッシュエフェクト。 セリフ: ［美咲］の吹き出しに「まだお昼…嘘みたい」 オノマトペ: ビクッ"
"47","テンプレ6","◆【注意】【】で囲まれた単語は感情や状況の指示であり、画像内に文字として描画しないでください
◆【絶対最優先】必ずフルカラーにしてください
◆【絶対最優先】キャラクター外見: 天野凛は添付のamano_rin_20260324_134234.pngと100%同一の外見で描画、桜井美咲は添付のsakurai_misaki_20260324_134641.pngと100%同一の外見で描画
◆【出力サイズ】9:16
◆【補足情報】上下左右に50ピクセルの余白を設けてください
◆【補足情報】服装: 凛はライトグレーのジャケットにブルーのインナー、黒のスラックス。美咲は白いブラウスにネイビーのタイトスカート、首元にパールのネックレス
◆【コマ構成】テンプレ6: 上段1コマ＋下段左右2コマ、読み順は上段→下段右側→下段左側
◆【作画】ジャンル: ビジネスに最適化した統一スタイル。作画スタイル: 日本のアニメ・マンガ調イラスト、クリーンな線画、デジタル彩色、現代ビジネスマンガ風、清潔感重視。色調: 落ち着いた色調、グレー・ネイビー・白基調。線画: 整った線、クリーンな表現。演出: オフィス空間、グラフや資料の描写、必要に応じて集中線、効果線、擬音などのマンガらしい演出
◆【ストーリー】
1コマ目 (上段): 会議室。凛が社内勉強会を開いている。ホワイトボードに「AI導入事例」と書かれている。数名の社員が参加。背景にストライプ模様。 セリフ: ［凛］の吹き出しに「事例を紹介するわね」 オノマトペ: なし
2コマ目 (下段右側): 凛のスライドに「大手銀行：月22万時間削減」という事例。社員たちが驚いている。背景にフラッシュエフェクト。 セリフ: ［凛］の吹き出しに「大手銀行で月22万時間削減」 オノマトペ: ガーン
3コマ目 (下段左側): 別のスライドに「介護施設：送迎計画90%削減」。美咲がメモを取っている。背景にドット模様。 セリフ: ［凛］の吹き出しに「介護では送迎90%削減」 オノマトペ: なし"
"48","テンプレ7","◆【注意】【】で囲まれた単語は感情や状況の指示であり、画像内に文字として描画しないでください
◆【絶対最優先】必ずフルカラーにしてください
◆【絶対最優先】キャラクター外見: 高橋誠一は添付のtakahashi_seiichi_20260324_134230.pngと100%同一の外見で描画、天野凛は添付のamano_rin_20260324_134234.pngと100%同一の外見で描画
◆【出力サイズ】9:16
◆【補足情報】上下左右に50ピクセルの余白を設けてください
◆【補足情報】服装: 高橋はチャコールグレーのスーツにネイビーのネクタイ、胸ポケットにペン。凛はライトグレーのジャケットにブルーのインナー、黒のスラックス
◆【コマ構成】テンプレ7: 上段左右2コマ＋下段1コマ、読み順は上段右側→上段左側→下段
◆【作画】ジャンル: ビジネスに最適化した統一スタイル。作画スタイル: 日本のアニメ・マンガ調イラスト、クリーンな線画、デジタル彩色、現代ビジネスマンガ風、清潔感重視。色調: 落ち着いた色調、グレー・ネイビー・白基調。線画: 整った線、クリーンな表現。演出: オフィス空間、グラフや資料の描写、必要に応じて集中線、効果線、擬音などのマンガらしい演出
◆【ストーリー】
1コマ目 (上段右側): 高橋が勉強会の後方で腕を組んで立っている。懐疑的だが興味もある表情。背景にドット模様。 セリフ: ［高橋］の吹き出しに「数字は立派だがな…」 オノマトペ: むすっ
2コマ目 (上段左側): 高橋が凛に反論。手を挙げて発言。周りの社員が注目。背景にストライプ模様。 セリフ: ［高橋］の吹き出しに「人の信頼関係は置き換え不可」 オノマトペ: なし
3コマ目 (下段): 凛が穏やかに微笑みながら高橋に答えている。対立ではなく理解を示す姿勢。背景にグラデーション。 セリフ: ［凛］の吹き出しに「だからこそAIなんです」 オノマトペ: なし"
"49","テンプレ4","◆【注意】【】で囲まれた単語は感情や状況の指示であり、画像内に文字として描画しないでください
◆【絶対最優先】必ずフルカラーにしてください
◆【絶対最優先】キャラクター外見: 天野凛は添付のamano_rin_20260324_134234.pngと100%同一の外見で描画、高橋誠一は添付のtakahashi_seiichi_20260324_134230.pngと100%同一の外見で描画
◆【出力サイズ】9:16
◆【補足情報】上下左右に50ピクセルの余白を設けてください
◆【補足情報】服装: 凛はライトグレーのジャケットにブルーのインナー、黒のスラックス。高橋はチャコールグレーのスーツにネイビーのネクタイ、胸ポケットにペン
◆【コマ構成】テンプレ4: 上下2分割（上段大→下段小）、読み順は上段→下段
◆【作画】ジャンル: ビジネスに最適化した統一スタイル。作画スタイル: 日本のアニメ・マンガ調イラスト、クリーンな線画、デジタル彩色、現代ビジネスマンガ風、清潔感重視。色調: 落ち着いた色調、グレー・ネイビー・白基調。線画: 整った線、クリーンな表現。演出: オフィス空間、グラフや資料の描写、必要に応じて集中線、効果線、擬音などのマンガらしい演出
◆【ストーリー】
1コマ目 (上段・大): 凛がホワイトボードの前で力強く語っている。「AIが雑務を引き受ける→人間は人間らしい仕事に集中」という図解。高橋が表情を緩めて聞いている。背景にフラッシュエフェクト。 セリフ: ［凛］の吹き出しに「人間らしい仕事に集中する時間をくれる」 オノマトペ: なし
2コマ目 (下段・小): 高橋が考え込んでいる。腕を組んでいるが表情は先ほどより柔らかい。背景にドット模様。 セリフ: ［高橋］の吹き出しに「…一理あるかもな」 オノマトペ: なし"
"50","テンプレ5","◆【注意】【】で囲まれた単語は感情や状況の指示であり、画像内に文字として描画しないでください
◆【絶対最優先】必ずフルカラーにしてください
◆【絶対最優先】キャラクター外見: 天野凛は添付のamano_rin_20260324_134234.pngと100%同一の外見で描画、桜井美咲は添付のsakurai_misaki_20260324_134641.pngと100%同一の外見で描画
◆【出力サイズ】9:16
◆【補足情報】上下左右に50ピクセルの余白を設けてください
◆【補足情報】服装: 凛はライトグレーのジャケットにブルーのインナー、黒のスラックス。美咲は白いブラウスにネイビーのタイトスカート、首元にパールのネックレス
◆【コマ構成】テンプレ5: 上・中・下の3段構成、読み順は上→中→下
◆【作画】ジャンル: ビジネスに最適化した統一スタイル。作画スタイル: 日本のアニメ・マンガ調イラスト、クリーンな線画、デジタル彩色、現代ビジネスマンガ風、清潔感重視。色調: 落ち着いた色調、グレー・ネイビー・白基調。線画: 整った線、クリーンな表現。演出: オフィス空間、グラフや資料の描写、必要に応じて集中線、効果線、擬音などのマンガらしい演出
◆【ストーリー】
1コマ目 (上段): 勉強会の後。凛が美咲に追加の話。ホワイトボードに「時間の再投資先」と書かれている。背景にストライプ模様。 セリフ: ［凛］の吹き出しに「空いた時間の使い方が鍵」 オノマトペ: なし
2コマ目 (中段): 凛がホワイトボードに3つの投資先を書いている。「(1)休息・健康 (2)創造的な仕事 (3)スキルアップ」。背景に半円模様。 セリフ: ［凛］の吹き出しに「3つの再投資先があるわ」 オノマトペ: なし
3コマ目 (下段): 美咲が目を輝かせてメモしている。背景にフラッシュエフェクト。 セリフ: ［美咲］の吹き出しに「休息も投資なんですね」 オノマトペ: ぱぁっ"
"51","テンプレ7","◆【注意】【】で囲まれた単語は感情や状況の指示であり、画像内に文字として描画しないでください
◆【絶対最優先】必ずフルカラーにしてください
◆【絶対最優先】キャラクター外見: 天野凛は添付のamano_rin_20260324_134234.pngと100%同一の外見で描画、桜井美咲は添付のsakurai_misaki_20260324_134641.pngと100%同一の外見で描画
◆【出力サイズ】9:16
◆【補足情報】上下左右に50ピクセルの余白を設けてください
◆【補足情報】服装: 凛はライトグレーのジャケットにブルーのインナー、黒のスラックス。美咲は白いブラウスにネイビーのタイトスカート、首元にパールのネックレス
◆【コマ構成】テンプレ7: 上段左右2コマ＋下段1コマ、読み順は上段右側→上段左側→下段
◆【作画】ジャンル: ビジネスに最適化した統一スタイル。作画スタイル: 日本のアニメ・マンガ調イラスト、クリーンな線画、デジタル彩色、現代ビジネスマンガ風、清潔感重視。色調: 落ち着いた色調、グレー・ネイビー・白基調。線画: 整った線、クリーンな表現。演出: オフィス空間、グラフや資料の描写、必要に応じて集中線、効果線、擬音などのマンガらしい演出
◆【ストーリー】
1コマ目 (上段右側): 凛が「休息・健康」について説明。ヨガをする女性のイラストが背景に。背景にドット模様。 セリフ: ［凛］の吹き出しに「まず休息で体を回復させる」 オノマトペ: なし
2コマ目 (上段左側): 美咲が自分の疲れた目をこすっている。最近の残業を思い出している。背景に水玉模様。 セリフ: ［美咲］の吹き出しに「確かに休めてなかった」 オノマトペ: なし
3コマ目 (下段): 凛が微笑みながら語る。背景にグラデーション。 セリフ: ［凛］の吹き出しに「疲れた脳では良い仕事はできない」 オノマトペ: なし"
"52","テンプレ5","◆【注意】【】で囲まれた単語は感情や状況の指示であり、画像内に文字として描画しないでください
◆【絶対最優先】必ずフルカラーにしてください
◆【絶対最優先】キャラクター外見: 天野凛は添付のamano_rin_20260324_134234.pngと100%同一の外見で描画、桜井美咲は添付のsakurai_misaki_20260324_134641.pngと100%同一の外見で描画
◆【出力サイズ】9:16
◆【補足情報】上下左右に50ピクセルの余白を設けてください
◆【補足情報】服装: 凛はライトグレーのジャケットにブルーのインナー、黒のスラックス。美咲は白いブラウスにネイビーのタイトスカート、首元にパールのネックレス
◆【コマ構成】テンプレ5: 上・中・下の3段構成、読み順は上→中→下
◆【作画】ジャンル: ビジネスに最適化した統一スタイル。作画スタイル: 日本のアニメ・マンガ調イラスト、クリーンな線画、デジタル彩色、現代ビジネスマンガ風、清潔感重視。色調: 落ち着いた色調、グレー・ネイビー・白基調。線画: 整った線、クリーンな表現。演出: オフィス空間、グラフや資料の描写、必要に応じて集中線、効果線、擬音などのマンガらしい演出
◆【ストーリー】
1コマ目 (上段): 凛が「創造的な仕事」について説明。ホワイトボードに企画書やアイデアのイラスト。背景にストライプ模様。 セリフ: ［凛］の吹き出しに「2つ目は創造的な仕事」 オノマトペ: なし
2コマ目 (中段): 美咲が想像している。自分が新しい企画を提案している姿がイメージ雲の中に。背景に水玉模様。 セリフ: ［美咲］の吹き出しに「新しい企画を考える時間！」 オノマトペ: ぱぁっ
3コマ目 (下段): 凛が頷いている。背景にグラデーション。 セリフ: ［凛］の吹き出しに「AIには思いつけない発想よ」 オノマトペ: なし"
"53","テンプレ3","◆【注意】【】で囲まれた単語は感情や状況の指示であり、画像内に文字として描画しないでください
◆【絶対最優先】必ずフルカラーにしてください
◆【絶対最優先】キャラクター外見: 天野凛は添付のamano_rin_20260324_134234.pngと100%同一の外見で描画、桜井美咲は添付のsakurai_misaki_20260324_134641.pngと100%同一の外見で描画
◆【出力サイズ】9:16
◆【補足情報】上下左右に50ピクセルの余白を設けてください
◆【補足情報】服装: 凛はライトグレーのジャケットにブルーのインナー、黒のスラックス。美咲は白いブラウスにネイビーのタイトスカート、首元にパールのネックレス
◆【コマ構成】テンプレ3: 上下2分割（上段小→下段大）、読み順は上段→下段
◆【作画】ジャンル: ビジネスに最適化した統一スタイル。作画スタイル: 日本のアニメ・マンガ調イラスト、クリーンな線画、デジタル彩色、現代ビジネスマンガ風、清潔感重視。色調: 落ち着いた色調、グレー・ネイビー・白基調。線画: 整った線、クリーンな表現。演出: オフィス空間、グラフや資料の描写、必要に応じて集中線、効果線、擬音などのマンガらしい演出
◆【ストーリー】
1コマ目 (上段・小): 凛が3つ目のポイントを示す。背景にドット模様。 セリフ: ［凛］の吹き出しに「3つ目はスキルアップ」 オノマトペ: なし
2コマ目 (下段・大): 凛がタブレットで教育給付金の情報を見せている。「教育訓練給付金 最大80%支給」という画面。美咲が驚いて画面に顔を近づけている。背景にフラッシュエフェクト。 セリフ: ［凛］の吹き出しに「給付金で最大80%戻るわ」 オノマトペ: ガーン"
"54","テンプレ6","◆【注意】【】で囲まれた単語は感情や状況の指示であり、画像内に文字として描画しないでください
◆【絶対最優先】必ずフルカラーにしてください
◆【絶対最優先】キャラクター外見: 桜井美咲は添付のsakurai_misaki_20260324_134641.pngと100%同一の外見で描画
◆【出力サイズ】9:16
◆【補足情報】上下左右に50ピクセルの余白を設けてください
◆【補足情報】服装: 美咲は白いブラウスにネイビーのタイトスカート、首元にパールのネックレス
◆【コマ構成】テンプレ6: 上段1コマ＋下段左右2コマ、読み順は上段→下段右側→下段左側
◆【作画】ジャンル: ビジネスに最適化した統一スタイル。作画スタイル: 日本のアニメ・マンガ調イラスト、クリーンな線画、デジタル彩色、現代ビジネスマンガ風、清潔感重視。色調: 落ち着いた色調、グレー・ネイビー・白基調。線画: 整った線、クリーンな表現。演出: オフィス空間、グラフや資料の描写、必要に応じて集中線、効果線、擬音などのマンガらしい演出
◆【ストーリー】
1コマ目 (上段): 美咲がスマホで教育訓練給付金の詳細を調べている。真剣な表情。背景にストライプ模様。 セリフ: ［美咲］の吹き出しに「本当だ、給付金がある」 オノマトペ: なし
2コマ目 (下段右側): 美咲がオンライン学習サイトを閲覧。「データ分析入門」「プログラミング基礎」などのコースが並ぶ。背景に水玉模様。 セリフ: ［美咲］の吹き出しに「こんな講座があるんだ」 オノマトペ: なし
3コマ目 (下段左側): 美咲が嬉しそうにガッツポーズ。AIで浮いた時間で学べることへの喜び。背景にフラッシュエフェクト。 セリフ: ［美咲］の吹き出しに「空いた時間で勉強できる！」 オノマトペ: パァァ"
"55","テンプレ5","◆【注意】【】で囲まれた単語は感情や状況の指示であり、画像内に文字として描画しないでください
◆【絶対最優先】必ずフルカラーにしてください
◆【絶対最優先】キャラクター外見: 桜井美咲は添付のsakurai_misaki_20260324_134641.pngと100%同一の外見で描画、高橋誠一は添付のtakahashi_seiichi_20260324_134230.pngと100%同一の外見で描画
◆【出力サイズ】9:16
◆【補足情報】上下左右に50ピクセルの余白を設けてください
◆【補足情報】服装: 美咲は白いブラウスにネイビーのタイトスカート、首元にパールのネックレス。高橋はチャコールグレーのスーツにネイビーのネクタイ、胸ポケットにペン
◆【コマ構成】テンプレ5: 上・中・下の3段構成、読み順は上→中→下
◆【作画】ジャンル: ビジネスに最適化した統一スタイル。作画スタイル: 日本のアニメ・マンガ調イラスト、クリーンな線画、デジタル彩色、現代ビジネスマンガ風、清潔感重視。色調: 落ち着いた色調、グレー・ネイビー・白基調。線画: 整った線、クリーンな表現。演出: オフィス空間、グラフや資料の描写、必要に応じて集中線、効果線、擬音などのマンガらしい演出
◆【ストーリー】
1コマ目 (上段): 翌日のオフィス。美咲が定時前に仕事を終わらせている。周囲はまだ忙しそう。背景にストライプ模様。 セリフ: ［美咲］の吹き出しに「今日も定時に終わった」 オノマトペ: なし
2コマ目 (中段): 高橋が残業しながら美咲が帰るのを見ている。複雑な表情。背景にドット模様。 セリフ: ［高橋］の吹き出しに「最近あいつ早いな…」 オノマトペ: なし
3コマ目 (下段): 美咲がオフィスを出て夕暮れの空を見上げている。清々しい表情。まだ明るい空。背景にグラデーション。 セリフ: ［美咲］の吹き出しに「この時間に帰れるなんて」 オノマトペ: ぱぁっ"
"56","テンプレ2","◆【注意】【】で囲まれた単語は感情や状況の指示であり、画像内に文字として描画しないでください
◆【絶対最優先】必ずフルカラーにしてください
◆【絶対最優先】キャラクター外見: 桜井美咲は添付のsakurai_misaki_20260324_134641.pngと100%同一の外見で描画
◆【出力サイズ】9:16
◆【補足情報】上下左右に50ピクセルの余白を設けてください
◆【補足情報】服装: 美咲はカジュアルな服装（自宅）、パーカーとジーンズ
◆【コマ構成】テンプレ2: 上下に均等2分割、読み順は上段→下段
◆【作画】ジャンル: ビジネスに最適化した統一スタイル。作画スタイル: 日本のアニメ・マンガ調イラスト、クリーンな線画、デジタル彩色、現代ビジネスマンガ風、清潔感重視。色調: 落ち着いた色調、グレー・ネイビー・白基調。線画: 整った線、クリーンな表現。演出: オフィス空間、グラフや資料の描写、必要に応じて集中線、効果線、擬音などのマンガらしい演出
◆【ストーリー】
1コマ目 (上段): 美咲が自宅でオンライン講座を受講中。PCに動画講座が映っている。ノートを取りながら集中。背景にドット模様。 セリフ: ［美咲］の吹き出しに「データ分析、面白い」 オノマトペ: なし
2コマ目 (下段): 美咲がオンライン講座の修了証を画面に表示させてガッツポーズ。達成感。背景にフラッシュエフェクト。 セリフ: ［美咲］の吹き出しに「1つ目の講座クリア！」 オノマトペ: パァァ"
"57","テンプレ7","◆【注意】【】で囲まれた単語は感情や状況の指示であり、画像内に文字として描画しないでください
◆【絶対最優先】必ずフルカラーにしてください
◆【絶対最優先】キャラクター外見: 桜井美咲は添付のsakurai_misaki_20260324_134641.pngと100%同一の外見で描画、天野凛は添付のamano_rin_20260324_134234.pngと100%同一の外見で描画
◆【出力サイズ】9:16
◆【補足情報】上下左右に50ピクセルの余白を設けてください
◆【補足情報】服装: 美咲は白いブラウスにネイビーのタイトスカート、首元にパールのネックレス。凛はライトグレーのジャケットにブルーのインナー、黒のスラックス
◆【コマ構成】テンプレ7: 上段左右2コマ＋下段1コマ、読み順は上段右側→上段左側→下段
◆【作画】ジャンル: ビジネスに最適化した統一スタイル。作画スタイル: 日本のアニメ・マンガ調イラスト、クリーンな線画、デジタル彩色、現代ビジネスマンガ風、清潔感重視。色調: 落ち着いた色調、グレー・ネイビー・白基調。線画: 整った線、クリーンな表現。演出: オフィス空間、グラフや資料の描写、必要に応じて集中線、効果線、擬音などのマンガらしい演出
◆【ストーリー】
1コマ目 (上段右側): 休憩室で美咲が凛に報告。嬉しそうに修了証を見せている。背景にドット模様。 セリフ: ［美咲］の吹き出しに「講座を1つ終えました！」 オノマトペ: なし
2コマ目 (上段左側): 凛が嬉しそうに拍手している。背景に水玉模様。 セリフ: ［凛］の吹き出しに「すごいわ、美咲」 オノマトペ: ぱぁっ
3コマ目 (下段): 二人が並んでオフィスの窓から外を眺めている。夕暮れの空。美咲の成長を感じる温かいシーン。背景にグラデーション。 セリフ: ［凛］の吹き出しに「AIで空いた時間の投資の成果ね」 オノマトペ: なし"
"58","テンプレ5","◆【注意】【】で囲まれた単語は感情や状況の指示であり、画像内に文字として描画しないでください
◆【絶対最優先】必ずフルカラーにしてください
◆【絶対最優先】キャラクター外見: 桜井美咲は添付のsakurai_misaki_20260324_134641.pngと100%同一の外見で描画
◆【出力サイズ】9:16
◆【補足情報】上下左右に50ピクセルの余白を設けてください
◆【補足情報】服装: 美咲は白いブラウスにネイビーのタイトスカート、首元にパールのネックレス
◆【コマ構成】テンプレ5: 上・中・下の3段構成、読み順は上→中→下
◆【作画】ジャンル: ビジネスに最適化した統一スタイル。作画スタイル: 日本のアニメ・マンガ調イラスト、クリーンな線画、デジタル彩色、現代ビジネスマンガ風、清潔感重視。色調: 落ち着いた色調、グレー・ネイビー・白基調。線画: 整った線、クリーンな表現。演出: オフィス空間、グラフや資料の描写、必要に応じて集中線、効果線、擬音などのマンガらしい演出
◆【ストーリー】
1コマ目 (上段): 美咲が新しいスキルを活かしてデータ分析レポートを作成。AIツールと自分のスキルを組み合わせ。背景にストライプ模様。 セリフ: ［美咲］の吹き出しに「学んだことが活きてる」 オノマトペ: なし
2コマ目 (中段): 美咲のPC画面にきれいなデータ分析グラフ。AIが下準備し美咲が分析・考察を加えている。背景に半円模様。 セリフ: ［美咲］の吹き出しに「AIの下準備＋私の分析」 オノマトペ: なし
3コマ目 (下段): 美咲が完成したレポートを印刷。自信に満ちた笑顔。背景にフラッシュエフェクト。 セリフ: ［美咲］の吹き出しに「これが1人＋AIの力」 オノマトペ: パァァ"
"59","テンプレ6","◆【注意】【】で囲まれた単語は感情や状況の指示であり、画像内に文字として描画しないでください
◆【絶対最優先】必ずフルカラーにしてください
◆【絶対最優先】キャラクター外見: 桜井美咲は添付のsakurai_misaki_20260324_134641.pngと100%同一の外見で描画、高橋誠一は添付のtakahashi_seiichi_20260324_134230.pngと100%同一の外見で描画
◆【出力サイズ】9:16
◆【補足情報】上下左右に50ピクセルの余白を設けてください
◆【補足情報】服装: 美咲は白いブラウスにネイビーのタイトスカート、首元にパールのネックレス。高橋はチャコールグレーのスーツにネイビーのネクタイ、胸ポケットにペン
◆【コマ構成】テンプレ6: 上段1コマ＋下段左右2コマ、読み順は上段→下段右側→下段左側
◆【作画】ジャンル: ビジネスに最適化した統一スタイル。作画スタイル: 日本のアニメ・マンガ調イラスト、クリーンな線画、デジタル彩色、現代ビジネスマンガ風、清潔感重視。色調: 落ち着いた色調、グレー・ネイビー・白基調。線画: 整った線、クリーンな表現。演出: オフィス空間、グラフや資料の描写、必要に応じて集中線、効果線、擬音などのマンガらしい演出
◆【ストーリー】
1コマ目 (上段): 美咲がデータ分析レポートを上司に提出。上司が感心した表情で見ている。背景にストライプ模様。 セリフ: なし オノマトペ: なし
2コマ目 (下段右側): 高橋が遠くからその光景を見ている。美咲の成長に驚いている表情。背景にドット模様。 セリフ: ［高橋］の吹き出しに「（あのレベルの分析を…）」 オノマトペ: ビクッ
3コマ目 (下段左側): 高橋が一人でデスクに戻り考え込んでいる。自分のやり方への疑問が芽生えている。背景にグラデーション。 セリフ: ［高橋］の吹き出しに「…俺のやり方は古いのか」 オノマトペ: なし"
"60","テンプレ5","◆【注意】【】で囲まれた単語は感情や状況の指示であり、画像内に文字として描画しないでください
◆【絶対最優先】必ずフルカラーにしてください
◆【絶対最優先】キャラクター外見: 天野凛は添付のamano_rin_20260324_134234.pngと100%同一の外見で描画、桜井美咲は添付のsakurai_misaki_20260324_134641.pngと100%同一の外見で描画
◆【出力サイズ】9:16
◆【補足情報】上下左右に50ピクセルの余白を設けてください
◆【補足情報】服装: 凛はライトグレーのジャケットにブルーのインナー、黒のスラックス。美咲は白いブラウスにネイビーのタイトスカート、首元にパールのネックレス
◆【コマ構成】テンプレ5: 上・中・下の3段構成、読み順は上→中→下
◆【作画】ジャンル: ビジネスに最適化した統一スタイル。作画スタイル: 日本のアニメ・マンガ調イラスト、クリーンな線画、デジタル彩色、現代ビジネスマンガ風、清潔感重視。色調: 落ち着いた色調、グレー・ネイビー・白基調。線画: 整った線、クリーンな表現。演出: オフィス空間、グラフや資料の描写、必要に応じて集中線、効果線、擬音などのマンガらしい演出
◆【ストーリー】
1コマ目 (上段): 凛が美咲と一緒にランチ。凛が話している。背景にストライプ模様。 セリフ: ［凛］の吹き出しに「時間の使い方が変わったでしょ」 オノマトペ: なし
2コマ目 (中段): 美咲が頷きながら答えている。以前と今のタイムスケジュールを比較するイメージ。背景に半円模様。 セリフ: ［美咲］の吹き出しに「残業が週0になりました」 オノマトペ: なし
3コマ目 (下段): 凛が微笑む。背景にフラッシュエフェクト。 セリフ: ［凛］の吹き出しに「それが労働からの解放よ」 オノマトペ: ぱぁっ"
"61","テンプレ4","◆【注意】【】で囲まれた単語は感情や状況の指示であり、画像内に文字として描画しないでください
◆【絶対最優先】必ずフルカラーにしてください
◆【絶対最優先】キャラクター外見: 桜井美咲は添付のsakurai_misaki_20260324_134641.pngと100%同一の外見で描画
◆【出力サイズ】9:16
◆【補足情報】上下左右に50ピクセルの余白を設けてください
◆【補足情報】服装: 美咲は白いブラウスにネイビーのタイトスカート、首元にパールのネックレス
◆【コマ構成】テンプレ4: 上下2分割（上段大→下段小）、読み順は上段→下段
◆【作画】ジャンル: ビジネスに最適化した統一スタイル。作画スタイル: 日本のアニメ・マンガ調イラスト、クリーンな線画、デジタル彩色、現代ビジネスマンガ風、清潔感重視。色調: 落ち着いた色調、グレー・ネイビー・白基調。線画: 整った線、クリーンな表現。演出: オフィス空間、グラフや資料の描写、必要に応じて集中線、効果線、擬音などのマンガらしい演出
◆【ストーリー】
1コマ目 (上段・大): 美咲の1日のタイムラインが視覚化。左半分が「Before（AI前）」で仕事と残業で埋まっている。右半分が「After（AI後）」で午前に仕事完了、午後は創造的業務とスキルアップ。背景にストライプ模様。 セリフ: なし オノマトペ: なし
2コマ目 (下段・小): 美咲が笑顔で帰り支度。時計は17時。背景にフラッシュエフェクト。 セリフ: ［美咲］の吹き出しに「時間は作るものだった」 オノマトペ: なし"
"62","テンプレ1","◆【注意】【】で囲まれた単語は感情や状況の指示であり、画像内に文字として描画しないでください
◆【絶対最優先】必ずフルカラーにしてください
◆【絶対最優先】キャラクター外見: 桜井美咲は添付のsakurai_misaki_20260324_134641.pngと100%同一の外見で描画
◆【出力サイズ】9:16
◆【補足情報】上下左右に50ピクセルの余白を設けてください
◆【補足情報】服装: 美咲は白いブラウスにネイビーのタイトスカート、首元にパールのネックレス
◆【コマ構成】テンプレ1: ページ全体を使った1コマ
◆【作画】ジャンル: ビジネスに最適化した統一スタイル。作画スタイル: 日本のアニメ・マンガ調イラスト、クリーンな線画、デジタル彩色、現代ビジネスマンガ風、清潔感重視。色調: 落ち着いた色調、グレー・ネイビー・白基調。線画: 整った線、クリーンな表現。演出: オフィス空間、グラフや資料の描写、必要に応じて集中線、効果線、擬音などのマンガらしい演出
◆【ストーリー】
1コマ目 (全面): 第3章の締めくくり。美咲が夕暮れのオフィスビルを背景にカフェのテラスでオンライン講座を受講。ノートPCとコーヒーカップ。穏やかで充実した表情。「労働からの解放」と「時間の再投資」を体現するシーン。背景にオレンジ色のグラデーション。 セリフ: ［美咲］の吹き出しに「自分の未来に投資する時間」 オノマトペ: なし"
"63","テンプレ1","◆【注意】【】で囲まれた単語は感情や状況の指示であり、画像内に文字として描画しないでください
◆【絶対最優先】必ずフルカラーにしてください
◆【絶対最優先】キャラクター外見: 桜井美咲は添付のsakurai_misaki_20260324_134641.pngと100%同一の外見で描画、高橋誠一は添付のtakahashi_seiichi_20260324_134230.pngと100%同一の外見で描画、天野凛は添付のamano_rin_20260324_134234.pngと100%同一の外見で描画
◆【出力サイズ】9:16
◆【補足情報】上下左右に50ピクセルの余白を設けてください
◆【補足情報】服装: 美咲は白いブラウスにネイビーのタイトスカート、首元にパールのネックレス。高橋はチャコールグレーのスーツにネイビーのネクタイ、胸ポケットにペン。凛はライトグレーのジャケットにブルーのインナー、黒のスラックス
◆【コマ構成】テンプレ1: ページ全体を使った1コマ
◆【作画】ジャンル: ビジネスに最適化した統一スタイル。作画スタイル: 日本のアニメ・マンガ調イラスト、クリーンな線画、デジタル彩色、現代ビジネスマンガ風、清潔感重視。色調: 落ち着いた色調、グレー・ネイビー・白基調。線画: 整った線、クリーンな表現。演出: オフィス空間、グラフや資料の描写、必要に応じて集中線、効果線、擬音などのマンガらしい演出
◆【ストーリー】
1コマ目 (全面): 第4章タイトルページ。「第4章 今日から始めるAI共生アクションプラン」の文字スペース。美咲が明るい表情でノートPCを開いている。高橋が興味を持った表情で後ろに。凛が腕を組んで微笑む。背景にチェックリストやステップ図のイメージ。背景にグラデーション。 セリフ: なし オノマトペ: なし"
"64","テンプレ5","◆【注意】【】で囲まれた単語は感情や状況の指示であり、画像内に文字として描画しないでください
◆【絶対最優先】必ずフルカラーにしてください
◆【絶対最優先】キャラクター外見: 桜井美咲は添付のsakurai_misaki_20260324_134641.pngと100%同一の外見で描画
◆【出力サイズ】9:16
◆【補足情報】上下左右に50ピクセルの余白を設けてください
◆【補足情報】服装: 美咲は白いブラウスにネイビーのタイトスカート、首元にパールのネックレス
◆【コマ構成】テンプレ5: 上・中・下の3段構成、読み順は上→中→下
◆【作画】ジャンル: ビジネスに最適化した統一スタイル。作画スタイル: 日本のアニメ・マンガ調イラスト、クリーンな線画、デジタル彩色、現代ビジネスマンガ風、清潔感重視。色調: 落ち着いた色調、グレー・ネイビー・白基調。線画: 整った線、クリーンな表現。演出: オフィス空間、グラフや資料の描写、必要に応じて集中線、効果線、擬音などのマンガらしい演出
◆【ストーリー】
1コマ目 (上段): 朝のオフィス。美咲がデスクで企画書の最終確認。自信に満ちた表情。背景にストライプ模様。 セリフ: ［美咲］の吹き出しに「企画書の最終チェック完了」 オノマトペ: なし
2コマ目 (中段): 美咲が部長のデスクに企画書を提出。部長が目を通し始める。背景にドット模様。 セリフ: ［美咲］の吹き出しに「部長、企画書です」 オノマトペ: なし
3コマ目 (下段): 部長が企画書を読んで感心した表情。背景にフラッシュエフェクト。 セリフ: ［美咲］の吹き出しに「（ドキドキ…）」 オノマトペ: なし"
"65","テンプレ3","◆【注意】【】で囲まれた単語は感情や状況の指示であり、画像内に文字として描画しないでください
◆【絶対最優先】必ずフルカラーにしてください
◆【絶対最優先】キャラクター外見: 桜井美咲は添付のsakurai_misaki_20260324_134641.pngと100%同一の外見で描画
◆【出力サイズ】9:16
◆【補足情報】上下左右に50ピクセルの余白を設けてください
◆【補足情報】服装: 美咲は白いブラウスにネイビーのタイトスカート、首元にパールのネックレス
◆【コマ構成】テンプレ3: 上下2分割（上段小→下段大）、読み順は上段→下段
◆【作画】ジャンル: ビジネスに最適化した統一スタイル。作画スタイル: 日本のアニメ・マンガ調イラスト、クリーンな線画、デジタル彩色、現代ビジネスマンガ風、清潔感重視。色調: 落ち着いた色調、グレー・ネイビー・白基調。線画: 整った線、クリーンな表現。演出: オフィス空間、グラフや資料の描写、必要に応じて集中線、効果線、擬音などのマンガらしい演出
◆【ストーリー】
1コマ目 (上段・小): 部長が企画書を読み終え、美咲を見上げている。感心した表情。背景にドット模様。 セリフ: なし オノマトペ: なし
2コマ目 (下段・大): 部長が立ち上がり美咲に「素晴らしい企画だ」と言っている。美咲が嬉しさを噛みしめている。周囲の社員も注目。集中線で美咲にフォーカス。背景にフラッシュエフェクト。 セリフ: ［美咲］の吹き出しに「ありがとうございます！」 オノマトペ: パァァ"
"66","テンプレ7","◆【注意】【】で囲まれた単語は感情や状況の指示であり、画像内に文字として描画しないでください
◆【絶対最優先】必ずフルカラーにしてください
◆【絶対最優先】キャラクター外見: 桜井美咲は添付のsakurai_misaki_20260324_134641.pngと100%同一の外見で描画、高橋誠一は添付のtakahashi_seiichi_20260324_134230.pngと100%同一の外見で描画
◆【出力サイズ】9:16
◆【補足情報】上下左右に50ピクセルの余白を設けてください
◆【補足情報】服装: 美咲は白いブラウスにネイビーのタイトスカート、首元にパールのネックレス。高橋はチャコールグレーのスーツにネイビーのネクタイ、胸ポケットにペン
◆【コマ構成】テンプレ7: 上段左右2コマ＋下段1コマ、読み順は上段右側→上段左側→下段
◆【作画】ジャンル: ビジネスに最適化した統一スタイル。作画スタイル: 日本のアニメ・マンガ調イラスト、クリーンな線画、デジタル彩色、現代ビジネスマンガ風、清潔感重視。色調: 落ち着いた色調、グレー・ネイビー・白基調。線画: 整った線、クリーンな表現。演出: オフィス空間、グラフや資料の描写、必要に応じて集中線、効果線、擬音などのマンガらしい演出
◆【ストーリー】
1コマ目 (上段右側): 美咲が高橋のデスクに行き、嬉しそうに報告。背景にドット模様。 セリフ: ［美咲］の吹き出しに「企画書が通りました！」 オノマトペ: なし
2コマ目 (上段左側): 高橋が少し驚いた表情で美咲を見ている。背景に半円模様。 セリフ: ［高橋］の吹き出しに「ほう…あの企画がか」 オノマトペ: なし
3コマ目 (下段): 美咲が真剣な表情で高橋に話しかけている。手にはAIの有料プランの画面を見せている。背景にストライプ模様。 セリフ: ［美咲］の吹き出しに「AI月3000円でメール時間半減」 オノマトペ: なし"
"67","テンプレ4","◆【注意】【】で囲まれた単語は感情や状況の指示であり、画像内に文字として描画しないでください
◆【絶対最優先】必ずフルカラーにしてください
◆【絶対最優先】キャラクター外見: 高橋誠一は添付のtakahashi_seiichi_20260324_134230.pngと100%同一の外見で描画、桜井美咲は添付のsakurai_misaki_20260324_134641.pngと100%同一の外見で描画
◆【出力サイズ】9:16
◆【補足情報】上下左右に50ピクセルの余白を設けてください
◆【補足情報】服装: 高橋はチャコールグレーのスーツにネイビーのネクタイ、胸ポケットにペン。美咲は白いブラウスにネイビーのタイトスカート、首元にパールのネックレス
◆【コマ構成】テンプレ4: 上下2分割（上段大→下段小）、読み順は上段→下段
◆【作画】ジャンル: ビジネスに最適化した統一スタイル。作画スタイル: 日本のアニメ・マンガ調イラスト、クリーンな線画、デジタル彩色、現代ビジネスマンガ風、清潔感重視。色調: 落ち着いた色調、グレー・ネイビー・白基調。線画: 整った線、クリーンな表現。演出: オフィス空間、グラフや資料の描写、必要に応じて集中線、効果線、擬音などのマンガらしい演出
◆【ストーリー】
1コマ目 (上段・大): 高橋が美咲のスマホ画面を覗き込んでいる。AIツールの画面が表示。高橋の表情が少し柔らかくなっている。背景にストライプ模様。 セリフ: ［高橋］の吹き出しに「月3000円でそんなに変わるのか」 オノマトペ: なし
2コマ目 (下段・小): 美咲が力強く頷いている。自信のある表情。背景にフラッシュエフェクト。 セリフ: ［美咲］の吹き出しに「はい、実際に変わりました」 オノマトペ: なし"
"68","テンプレ5","◆【注意】【】で囲まれた単語は感情や状況の指示であり、画像内に文字として描画しないでください
◆【絶対最優先】必ずフルカラーにしてください
◆【絶対最優先】キャラクター外見: 高橋誠一は添付のtakahashi_seiichi_20260324_134230.pngと100%同一の外見で描画、天野凛は添付のamano_rin_20260324_134234.pngと100%同一の外見で描画
◆【出力サイズ】9:16
◆【補足情報】上下左右に50ピクセルの余白を設けてください
◆【補足情報】服装: 高橋はチャコールグレーのスーツにネイビーのネクタイ、胸ポケットにペン。凛はライトグレーのジャケットにブルーのインナー、黒のスラックス
◆【コマ構成】テンプレ5: 上・中・下の3段構成、読み順は上→中→下
◆【作画】ジャンル: ビジネスに最適化した統一スタイル。作画スタイル: 日本のアニメ・マンガ調イラスト、クリーンな線画、デジタル彩色、現代ビジネスマンガ風、清潔感重視。色調: 落ち着いた色調、グレー・ネイビー・白基調。線画: 整った線、クリーンな表現。演出: オフィス空間、グラフや資料の描写、必要に応じて集中線、効果線、擬音などのマンガらしい演出
◆【ストーリー】
1コマ目 (上段): 高橋が凛のデスクを訪ねている。少し照れくさそうな表情。背景にドット模様。 セリフ: ［高橋］の吹き出しに「天野さん、少しいいか」 オノマトペ: なし
2コマ目 (中段): 高橋が頭を下げて凛に頼んでいる。凛が微笑んで見ている。背景にストライプ模様。 セリフ: ［高橋］の吹き出しに「AIの使い方を教えてほしい」 オノマトペ: なし
3コマ目 (下段): 凛が嬉しそうに立ち上がっている。背景にフラッシュエフェクト。 セリフ: ［凛］の吹き出しに「もちろんです、高橋さん」 オノマトペ: ぱぁっ"
"69","テンプレ6","◆【注意】【】で囲まれた単語は感情や状況の指示であり、画像内に文字として描画しないでください
◆【絶対最優先】必ずフルカラーにしてください
◆【絶対最優先】キャラクター外見: 天野凛は添付のamano_rin_20260324_134234.pngと100%同一の外見で描画、高橋誠一は添付のtakahashi_seiichi_20260324_134230.pngと100%同一の外見で描画
◆【出力サイズ】9:16
◆【補足情報】上下左右に50ピクセルの余白を設けてください
◆【補足情報】服装: 凛はライトグレーのジャケットにブルーのインナー、黒のスラックス。高橋はチャコールグレーのスーツにネイビーのネクタイ、胸ポケットにペン
◆【コマ構成】テンプレ6: 上段1コマ＋下段左右2コマ、読み順は上段→下段右側→下段左側
◆【作画】ジャンル: ビジネスに最適化した統一スタイル。作画スタイル: 日本のアニメ・マンガ調イラスト、クリーンな線画、デジタル彩色、現代ビジネスマンガ風、清潔感重視。色調: 落ち着いた色調、グレー・ネイビー・白基調。線画: 整った線、クリーンな表現。演出: オフィス空間、グラフや資料の描写、必要に応じて集中線、効果線、擬音などのマンガらしい演出
◆【ストーリー】
1コマ目 (上段): 会議室で凛が高橋にマンツーマンでAI指導。ホワイトボードに「5ステップ」と書かれている。背景にストライプ模様。 セリフ: ［凛］の吹き出しに「5つのステップで始められます」 オノマトペ: なし
2コマ目 (下段右側): ホワイトボードに「ステップ1：無料AIを登録」「ステップ2：日常業務で試す」。背景にドット模様。 セリフ: ［凛］の吹き出しに「まず無料版で試しましょう」 オノマトペ: なし
3コマ目 (下段左側): 高橋がメモを取りながら真剣に聞いている。眼鏡を上げる仕草。背景に半円模様。 セリフ: ［高橋］の吹き出しに「なるほど、無料からか」 オノマトペ: なし"
"70","テンプレ5","◆【注意】【】で囲まれた単語は感情や状況の指示であり、画像内に文字として描画しないでください
◆【絶対最優先】必ずフルカラーにしてください
◆【絶対最優先】キャラクター外見: 天野凛は添付のamano_rin_20260324_134234.pngと100%同一の外見で描画、高橋誠一は添付のtakahashi_seiichi_20260324_134230.pngと100%同一の外見で描画
◆【出力サイズ】9:16
◆【補足情報】上下左右に50ピクセルの余白を設けてください
◆【補足情報】服装: 凛はライトグレーのジャケットにブルーのインナー、黒のスラックス。高橋はチャコールグレーのスーツにネイビーのネクタイ、胸ポケットにペン
◆【コマ構成】テンプレ5: 上・中・下の3段構成、読み順は上→中→下
◆【作画】ジャンル: ビジネスに最適化した統一スタイル。作画スタイル: 日本のアニメ・マンガ調イラスト、クリーンな線画、デジタル彩色、現代ビジネスマンガ風、清潔感重視。色調: 落ち着いた色調、グレー・ネイビー・白基調。線画: 整った線、クリーンな表現。演出: オフィス空間、グラフや資料の描写、必要に応じて集中線、効果線、擬音などのマンガらしい演出
◆【ストーリー】
1コマ目 (上段): 凛がホワイトボードに続きを書いている。「ステップ3：効果を測定」「ステップ4：有料版を検討」「ステップ5：チームに展開」。背景にストライプ模様。 セリフ: ［凛］の吹き出しに「効果を測って判断するの」 オノマトペ: なし
2コマ目 (中段): 高橋が納得した表情で頷いている。論理的な手順に安心。背景にドット模様。 セリフ: ［高橋］の吹き出しに「段階的に進めるわけだな」 オノマトペ: なし
3コマ目 (下段): 凛が微笑みながら高橋に語りかけている。背景にグラデーション。 セリフ: ［凛］の吹き出しに「無理せず一歩ずつでいいの」 オノマトペ: なし"
"71","テンプレ7","◆【注意】【】で囲まれた単語は感情や状況の指示であり、画像内に文字として描画しないでください
◆【絶対最優先】必ずフルカラーにしてください
◆【絶対最優先】キャラクター外見: 高橋誠一は添付のtakahashi_seiichi_20260324_134230.pngと100%同一の外見で描画、天野凛は添付のamano_rin_20260324_134234.pngと100%同一の外見で描画
◆【出力サイズ】9:16
◆【補足情報】上下左右に50ピクセルの余白を設けてください
◆【補足情報】服装: 高橋はチャコールグレーのスーツにネイビーのネクタイ、胸ポケットにペン。凛はライトグレーのジャケットにブルーのインナー、黒のスラックス
◆【コマ構成】テンプレ7: 上段左右2コマ＋下段1コマ、読み順は上段右側→上段左側→下段
◆【作画】ジャンル: ビジネスに最適化した統一スタイル。作画スタイル: 日本のアニメ・マンガ調イラスト、クリーンな線画、デジタル彩色、現代ビジネスマンガ風、清潔感重視。色調: 落ち着いた色調、グレー・ネイビー・白基調。線画: 整った線、クリーンな表現。演出: オフィス空間、グラフや資料の描写、必要に応じて集中線、効果線、擬音などのマンガらしい演出
◆【ストーリー】
1コマ目 (上段右側): 高橋がPCの前に座り、凛の指導で初めてAIツールを操作。緊張した表情。背景にドット模様。 セリフ: ［高橋］の吹き出しに「こうやって入力するのか」 オノマトペ: なし
2コマ目 (上段左側): AIからの回答が画面に表示。高橋が目を丸くして驚いている。背景にフラッシュエフェクト。 セリフ: ［高橋］の吹き出しに「おお…こんな回答が」 オノマトペ: ビクッ
3コマ目 (下段): 凛が隣で穏やかに見守っている。高橋の表情が少し明るくなっている。背景にグラデーション。 セリフ: ［凛］の吹き出しに「いい感じですよ」 オノマトペ: ぱぁっ"
"72","テンプレ5","◆【注意】【】で囲まれた単語は感情や状況の指示であり、画像内に文字として描画しないでください
◆【絶対最優先】必ずフルカラーにしてください
◆【絶対最優先】キャラクター外見: 高橋誠一は添付のtakahashi_seiichi_20260324_134230.pngと100%同一の外見で描画
◆【出力サイズ】9:16
◆【補足情報】上下左右に50ピクセルの余白を設けてください
◆【補足情報】服装: 高橋はチャコールグレーのスーツにネイビーのネクタイ、胸ポケットにペン
◆【コマ構成】テンプレ5: 上・中・下の3段構成、読み順は上→中→下
◆【作画】ジャンル: ビジネスに最適化した統一スタイル。作画スタイル: 日本のアニメ・マンガ調イラスト、クリーンな線画、デジタル彩色、現代ビジネスマンガ風、清潔感重視。色調: 落ち着いた色調、グレー・ネイビー・白基調。線画: 整った線、クリーンな表現。演出: オフィス空間、グラフや資料の描写、必要に応じて集中線、効果線、擬音などのマンガらしい演出
◆【ストーリー】
1コマ目 (上段): 高橋が自分のデスクに戻り一人でAIツールを使い始めている。まだぎこちないが前向きな表情。背景にストライプ模様。 セリフ: ［高橋］の吹き出しに「営業メールを作ってみるか」 オノマトペ: なし
2コマ目 (中段): 高橋がAIに営業メール作成を依頼し出力されたメール文を読んでいる。感心した表情。背景にドット模様。 セリフ: ［高橋］の吹き出しに「悪くない…いや、かなりいい」 オノマトペ: なし
3コマ目 (下段): 高橋が少し微笑みながらメールを送信。新しい世界への一歩を踏み出した表情。背景にフラッシュエフェクト。 セリフ: ［高橋］の吹き出しに「もっと早く知ればよかった」 オノマトペ: なし"
"73","テンプレ4","◆【注意】【】で囲まれた単語は感情や状況の指示であり、画像内に文字として描画しないでください
◆【絶対最優先】必ずフルカラーにしてください
◆【絶対最優先】キャラクター外見: 高橋誠一は添付のtakahashi_seiichi_20260324_134230.pngと100%同一の外見で描画、天野凛は添付のamano_rin_20260324_134234.pngと100%同一の外見で描画
◆【出力サイズ】9:16
◆【補足情報】上下左右に50ピクセルの余白を設けてください
◆【補足情報】服装: 高橋はチャコールグレーのスーツにネイビーのネクタイ、胸ポケットにペン。凛はライトグレーのジャケットにブルーのインナー、黒のスラックス
◆【コマ構成】テンプレ4: 上下2分割（上段大→下段小）、読み順は上段→下段
◆【作画】ジャンル: ビジネスに最適化した統一スタイル。作画スタイル: 日本のアニメ・マンガ調イラスト、クリーンな線画、デジタル彩色、現代ビジネスマンガ風、清潔感重視。色調: 落ち着いた色調、グレー・ネイビー・白基調。線画: 整った線、クリーンな表現。演出: オフィス空間、グラフや資料の描写、必要に応じて集中線、効果線、擬音などのマンガらしい演出
◆【ストーリー】
1コマ目 (上段・大): 高橋と凛が休憩室で話している。高橋の表情は以前より穏やか。二人の間に信頼関係が生まれている。背景にストライプ模様。 セリフ: ［高橋］の吹き出しに「AIに仕事を奪われると思ってた」 オノマトペ: なし
2コマ目 (下段・小): 凛が穏やかに微笑んでいる。背景にグラデーション。 セリフ: ［凛］の吹き出しに「不安の正体はAIを知らないこと」 オノマトペ: なし"
"74","テンプレ1","◆【注意】【】で囲まれた単語は感情や状況の指示であり、画像内に文字として描画しないでください
◆【絶対最優先】必ずフルカラーにしてください
◆【絶対最優先】キャラクター外見: 高橋誠一は添付のtakahashi_seiichi_20260324_134230.pngと100%同一の外見で描画
◆【出力サイズ】9:16
◆【補足情報】上下左右に50ピクセルの余白を設けてください
◆【補足情報】服装: 高橋はチャコールグレーのスーツにネイビーのネクタイ、胸ポケットにペン
◆【コマ構成】テンプレ1: ページ全体を使った1コマ
◆【作画】ジャンル: ビジネスに最適化した統一スタイル。作画スタイル: 日本のアニメ・マンガ調イラスト、クリーンな線画、デジタル彩色、現代ビジネスマンガ風、清潔感重視。色調: 落ち着いた色調、グレー・ネイビー・白基調。線画: 整った線、クリーンな表現。演出: オフィス空間、グラフや資料の描写、必要に応じて集中線、効果線、擬音などのマンガらしい演出
◆【ストーリー】
1コマ目 (全面): 高橋の感情的なクライマックス。高橋がオフィスの窓辺に立ち夕日を背に受けている。表情は穏やかで長年の思い込みから解放された安堵感。背景にオレンジ色のグラデーションと光の粒子。集中線で高橋にフォーカス。 セリフ: ［高橋］の吹き出しに「知れば怖くない、それだけだ」 オノマトペ: なし"
"75","テンプレ5","◆【注意】【】で囲まれた単語は感情や状況の指示であり、画像内に文字として描画しないでください
◆【絶対最優先】必ずフルカラーにしてください
◆【絶対最優先】キャラクター外見: 高橋誠一は添付のtakahashi_seiichi_20260324_134230.pngと100%同一の外見で描画、桜井美咲は添付のsakurai_misaki_20260324_134641.pngと100%同一の外見で描画
◆【出力サイズ】9:16
◆【補足情報】上下左右に50ピクセルの余白を設けてください
◆【補足情報】服装: 高橋はチャコールグレーのスーツにネイビーのネクタイ、胸ポケットにペン。美咲は白いブラウスにネイビーのタイトスカート、首元にパールのネックレス
◆【コマ構成】テンプレ5: 上・中・下の3段構成、読み順は上→中→下
◆【作画】ジャンル: ビジネスに最適化した統一スタイル。作画スタイル: 日本のアニメ・マンガ調イラスト、クリーンな線画、デジタル彩色、現代ビジネスマンガ風、清潔感重視。色調: 落ち着いた色調、グレー・ネイビー・白基調。線画: 整った線、クリーンな表現。演出: オフィス空間、グラフや資料の描写、必要に応じて集中線、効果線、擬音などのマンガらしい演出
◆【ストーリー】
1コマ目 (上段): 翌日のオフィス。高橋が美咲のデスクにやってくる。以前と違い柔らかい表情。美咲が驚いている。背景にストライプ模様。 セリフ: ［高橋］の吹き出しに「桜井、ちょっといいか」 オノマトペ: なし
2コマ目 (中段): 高橋が頭を少し下げて美咲に話しかけている。背景にドット模様。 セリフ: ［高橋］の吹き出しに「前にAI否定してすまなかった」 オノマトペ: なし
3コマ目 (下段): 美咲が驚きつつも嬉しそうな表情。目が潤んでいる。背景にフラッシュエフェクト。 セリフ: ［美咲］の吹き出しに「高橋さん…！」 オノマトペ: ぱぁっ"
"76","テンプレ6","◆【注意】【】で囲まれた単語は感情や状況の指示であり、画像内に文字として描画しないでください
◆【絶対最優先】必ずフルカラーにしてください
◆【絶対最優先】キャラクター外見: 高橋誠一は添付のtakahashi_seiichi_20260324_134230.pngと100%同一の外見で描画、桜井美咲は添付のsakurai_misaki_20260324_134641.pngと100%同一の外見で描画、天野凛は添付のamano_rin_20260324_134234.pngと100%同一の外見で描画
◆【出力サイズ】9:16
◆【補足情報】上下左右に50ピクセルの余白を設けてください
◆【補足情報】服装: 高橋はチャコールグレーのスーツにネイビーのネクタイ、胸ポケットにペン。美咲は白いブラウスにネイビーのタイトスカート、首元にパールのネックレス。凛はライトグレーのジャケットにブルーのインナー、黒のスラックス
◆【コマ構成】テンプレ6: 上段1コマ＋下段左右2コマ、読み順は上段→下段右側→下段左側
◆【作画】ジャンル: ビジネスに最適化した統一スタイル。作画スタイル: 日本のアニメ・マンガ調イラスト、クリーンな線画、デジタル彩色、現代ビジネスマンガ風、清潔感重視。色調: 落ち着いた色調、グレー・ネイビー・白基調。線画: 整った線、クリーンな表現。演出: オフィス空間、グラフや資料の描写、必要に応じて集中線、効果線、擬音などのマンガらしい演出
◆【ストーリー】
1コマ目 (上段): 高橋が美咲と凛に「一緒にAIを活用するプロジェクトを始めよう」と提案。三人が会議テーブルに座っている。背景にストライプ模様。 セリフ: ［高橋］の吹き出しに「3人でAI活用を広めよう」 オノマトペ: なし
2コマ目 (下段右側): 美咲が嬉しそうに手を挙げている。背景にフラッシュエフェクト。 セリフ: ［美咲］の吹き出しに「やります！」 オノマトペ: パァァ
3コマ目 (下段左側): 凛が満足そうに微笑んでいる。三人の関係が新ステージに入った感。背景にグラデーション。 セリフ: ［凛］の吹き出しに「最高のチームね」 オノマトペ: なし"
"77","テンプレ5","◆【注意】【】で囲まれた単語は感情や状況の指示であり、画像内に文字として描画しないでください
◆【絶対最優先】必ずフルカラーにしてください
◆【絶対最優先】キャラクター外見: 高橋誠一は添付のtakahashi_seiichi_20260324_134230.pngと100%同一の外見で描画、桜井美咲は添付のsakurai_misaki_20260324_134641.pngと100%同一の外見で描画、天野凛は添付のamano_rin_20260324_134234.pngと100%同一の外見で描画
◆【出力サイズ】9:16
◆【補足情報】上下左右に50ピクセルの余白を設けてください
◆【補足情報】服装: 高橋はチャコールグレーのスーツにネイビーのネクタイ、胸ポケットにペン。美咲は白いブラウスにネイビーのタイトスカート、首元にパールのネックレス。凛はライトグレーのジャケットにブルーのインナー、黒のスラックス
◆【コマ構成】テンプレ5: 上・中・下の3段構成、読み順は上→中→下
◆【作画】ジャンル: ビジネスに最適化した統一スタイル。作画スタイル: 日本のアニメ・マンガ調イラスト、クリーンな線画、デジタル彩色、現代ビジネスマンガ風、清潔感重視。色調: 落ち着いた色調、グレー・ネイビー・白基調。線画: 整った線、クリーンな表現。演出: オフィス空間、グラフや資料の描写、必要に応じて集中線、効果線、擬音などのマンガらしい演出
◆【ストーリー】
1コマ目 (上段): 三人がホワイトボードの前でAI導入計画を立てている。高橋がアイデアを出し、凛が整理し、美咲がメモ。チームワークの良さ。背景にストライプ模様。 セリフ: ［高橋］の吹き出しに「営業チームにもAIを導入する」 オノマトペ: なし
2コマ目 (中段): 凛がスケジュールを提案。背景にドット模様。 セリフ: ［凛］の吹き出しに「まず1ヶ月のトライアルから」 オノマトペ: なし
3コマ目 (下段): 美咲が元気よく応えている。三人の明るい表情。背景にフラッシュエフェクト。 セリフ: ［美咲］の吹き出しに「マニュアルも私が作ります」 オノマトペ: なし"
"78","テンプレ7","◆【注意】【】で囲まれた単語は感情や状況の指示であり、画像内に文字として描画しないでください
◆【絶対最優先】必ずフルカラーにしてください
◆【絶対最優先】キャラクター外見: 桜井美咲は添付のsakurai_misaki_20260324_134641.pngと100%同一の外見で描画
◆【出力サイズ】9:16
◆【補足情報】上下左右に50ピクセルの余白を設けてください
◆【補足情報】服装: 美咲は白いブラウスにネイビーのタイトスカート、首元にパールのネックレス
◆【コマ構成】テンプレ7: 上段左右2コマ＋下段1コマ、読み順は上段右側→上段左側→下段
◆【作画】ジャンル: ビジネスに最適化した統一スタイル。作画スタイル: 日本のアニメ・マンガ調イラスト、クリーンな線画、デジタル彩色、現代ビジネスマンガ風、清潔感重視。色調: 落ち着いた色調、グレー・ネイビー・白基調。線画: 整った線、クリーンな表現。演出: オフィス空間、グラフや資料の描写、必要に応じて集中線、効果線、擬音などのマンガらしい演出
◆【ストーリー】
1コマ目 (上段右側): 美咲が社内用のAI活用マニュアルをAIと一緒に作成。PC画面にマニュアルのレイアウト。背景にドット模様。 セリフ: ［美咲］の吹き出しに「マニュアルもAIで効率化」 オノマトペ: なし
2コマ目 (上段左側): 完成したマニュアルが印刷されきれいに並んでいる。美咲が満足げ。背景に水玉模様。 セリフ: ［美咲］の吹き出しに「これで皆に配れる」 オノマトペ: なし
3コマ目 (下段): 美咲がマニュアルを同僚たちに配っている。同僚たちが興味深そうに受け取っている。背景にフラッシュエフェクト。 セリフ: ［美咲］の吹き出しに「AI活用ガイドです」 オノマトペ: ぱぁっ"
"79","テンプレ5","◆【注意】【】で囲まれた単語は感情や状況の指示であり、画像内に文字として描画しないでください
◆【絶対最優先】必ずフルカラーにしてください
◆【絶対最優先】キャラクター外見: 高橋誠一は添付のtakahashi_seiichi_20260324_134230.pngと100%同一の外見で描画、天野凛は添付のamano_rin_20260324_134234.pngと100%同一の外見で描画
◆【出力サイズ】9:16
◆【補足情報】上下左右に50ピクセルの余白を設けてください
◆【補足情報】服装: 高橋はチャコールグレーのスーツにネイビーのネクタイ、胸ポケットにペン。凛はライトグレーのジャケットにブルーのインナー、黒のスラックス
◆【コマ構成】テンプレ5: 上・中・下の3段構成、読み順は上→中→下
◆【作画】ジャンル: ビジネスに最適化した統一スタイル。作画スタイル: 日本のアニメ・マンガ調イラスト、クリーンな線画、デジタル彩色、現代ビジネスマンガ風、清潔感重視。色調: 落ち着いた色調、グレー・ネイビー・白基調。線画: 整った線、クリーンな表現。演出: オフィス空間、グラフや資料の描写、必要に応じて集中線、効果線、擬音などのマンガらしい演出
◆【ストーリー】
1コマ目 (上段): 高橋がチームメンバーにAIの使い方を教えている。以前は否定的だった高橋が教える側に。凛が後方で満足そうに見ている。背景にストライプ模様。 セリフ: ［高橋］の吹き出しに「まず無料版を入れてみろ」 オノマトペ: なし
2コマ目 (中段): チームメンバーが次々とAIツールを試している。活気ある雰囲気。背景にドット模様。 セリフ: なし オノマトペ: なし
3コマ目 (下段): 凛が高橋に小声で話しかけている。二人とも微笑み。背景にグラデーション。 セリフ: ［凛］の吹き出しに「高橋さん、教え方上手ですね」 オノマトペ: なし"
"80","テンプレ1","◆【注意】【】で囲まれた単語は感情や状況の指示であり、画像内に文字として描画しないでください
◆【絶対最優先】必ずフルカラーにしてください
◆【絶対最優先】キャラクター外見: 桜井美咲は添付のsakurai_misaki_20260324_134641.pngと100%同一の外見で描画、高橋誠一は添付のtakahashi_seiichi_20260324_134230.pngと100%同一の外見で描画、天野凛は添付のamano_rin_20260324_134234.pngと100%同一の外見で描画
◆【出力サイズ】9:16
◆【補足情報】上下左右に50ピクセルの余白を設けてください
◆【補足情報】服装: 美咲は白いブラウスにネイビーのタイトスカート、首元にパールのネックレス。高橋はチャコールグレーのスーツにネイビーのネクタイ、胸ポケットにペン。凛はライトグレーのジャケットにブルーのインナー、黒のスラックス
◆【コマ構成】テンプレ1: ページ全体を使った1コマ
◆【作画】ジャンル: ビジネスに最適化した統一スタイル。作画スタイル: 日本のアニメ・マンガ調イラスト、クリーンな線画、デジタル彩色、現代ビジネスマンガ風、清潔感重視。色調: 落ち着いた色調、グレー・ネイビー・白基調。線画: 整った線、クリーンな表現。演出: オフィス空間、グラフや資料の描写、必要に応じて集中線、効果線、擬音などのマンガらしい演出
◆【ストーリー】
1コマ目 (全面): 第4章の締めくくり。オフィスのフロア全体の俯瞰ショット。多くの社員がAIツールを活用して効率的に働いている。中央に美咲・高橋・凛の三人が笑顔で立っている。オフィスは活気に満ちている。背景にフラッシュエフェクトと光の粒子。 セリフ: なし オノマトペ: なし"
"81","テンプレ1","◆【注意】【】で囲まれた単語は感情や状況の指示であり、画像内に文字として描画しないでください
◆【絶対最優先】必ずフルカラーにしてください
◆【絶対最優先】キャラクター外見: 桜井美咲は添付のsakurai_misaki_20260324_134641.pngと100%同一の外見で描画、高橋誠一は添付のtakahashi_seiichi_20260324_134230.pngと100%同一の外見で描画、天野凛は添付のamano_rin_20260324_134234.pngと100%同一の外見で描画
◆【出力サイズ】9:16
◆【補足情報】上下左右に50ピクセルの余白を設けてください
◆【補足情報】服装: 美咲は白いブラウスにネイビーのタイトスカート、首元にパールのネックレス。高橋はチャコールグレーのスーツにネイビーのネクタイ、胸ポケットにペン。凛はライトグレーのジャケットにブルーのインナー、黒のスラックス
◆【コマ構成】テンプレ1: ページ全体を使った1コマ
◆【作画】ジャンル: ビジネスに最適化した統一スタイル。作画スタイル: 日本のアニメ・マンガ調イラスト、クリーンな線画、デジタル彩色、現代ビジネスマンガ風、清潔感重視。色調: 落ち着いた色調、グレー・ネイビー・白基調。線画: 整った線、クリーンな表現。演出: オフィス空間、グラフや資料の描写、必要に応じて集中線、効果線、擬音などのマンガらしい演出
◆【ストーリー】
1コマ目 (全面): 第5章タイトルページ。「第5章 まとめ - 先行者優位という最大のチャンス」の文字スペース。三人が窓辺に立ち遠くを見つめている。窓の外には朝日が昇る都市の風景。希望と可能性を感じさせる構図。背景にオレンジ色のグラデーション。 セリフ: なし オノマトペ: なし"
"82","テンプレ5","◆【注意】【】で囲まれた単語は感情や状況の指示であり、画像内に文字として描画しないでください
◆【絶対最優先】必ずフルカラーにしてください
◆【絶対最優先】キャラクター外見: 高橋誠一は添付のtakahashi_seiichi_20260324_134230.pngと100%同一の外見で描画
◆【出力サイズ】9:16
◆【補足情報】上下左右に50ピクセルの余白を設けてください
◆【補足情報】服装: 高橋はチャコールグレーのスーツにネイビーのネクタイ、胸ポケットにペン
◆【コマ構成】テンプレ5: 上・中・下の3段構成、読み順は上→中→下
◆【作画】ジャンル: ビジネスに最適化した統一スタイル。作画スタイル: 日本のアニメ・マンガ調イラスト、クリーンな線画、デジタル彩色、現代ビジネスマンガ風、清潔感重視。色調: 落ち着いた色調、グレー・ネイビー・白基調。線画: 整った線、クリーンな表現。演出: オフィス空間、グラフや資料の描写、必要に応じて集中線、効果線、擬音などのマンガらしい演出
◆【ストーリー】
1コマ目 (上段): 「3ヶ月後」というテロップ。高橋がデスクでAIを使ってデータ分析。以前とは別人のように生き生きとした表情。背景にストライプ模様。 セリフ: なし オノマトペ: なし
2コマ目 (中段): 高橋のPC画面に営業データの分析結果。右肩上がりのグラフ。高橋が満足げ。背景にドット模様。 セリフ: ［高橋］の吹き出しに「成約率が上がっている」 オノマトペ: なし
3コマ目 (下段): 高橋が営業チームの前で成果報告。チームメンバーが拍手。背景にフラッシュエフェクト。 セリフ: ［高橋］の吹き出しに「AI導入から3ヶ月の成果だ」 オノマトペ: パァァ"
"83","テンプレ6","◆【注意】【】で囲まれた単語は感情や状況の指示であり、画像内に文字として描画しないでください
◆【絶対最優先】必ずフルカラーにしてください
◆【絶対最優先】キャラクター外見: 桜井美咲は添付のsakurai_misaki_20260324_134641.pngと100%同一の外見で描画
◆【出力サイズ】9:16
◆【補足情報】上下左右に50ピクセルの余白を設けてください
◆【補足情報】服装: 美咲は白いブラウスにネイビーのタイトスカート、首元にパールのネックレス
◆【コマ構成】テンプレ6: 上段1コマ＋下段左右2コマ、読み順は上段→下段右側→下段左側
◆【作画】ジャンル: ビジネスに最適化した統一スタイル。作画スタイル: 日本のアニメ・マンガ調イラスト、クリーンな線画、デジタル彩色、現代ビジネスマンガ風、清潔感重視。色調: 落ち着いた色調、グレー・ネイビー・白基調。線画: 整った線、クリーンな表現。演出: オフィス空間、グラフや資料の描写、必要に応じて集中線、効果線、擬音などのマンガらしい演出
◆【ストーリー】
1コマ目 (上段): 美咲がPCで「AIポートフォリオ」を整理。AI活用実績が一覧になっている。背景にストライプ模様。 セリフ: ［美咲］の吹き出しに「こんなに実績が積み上がった」 オノマトペ: なし
2コマ目 (下段右側): 美咲のポートフォリオ画面のアップ。メール作成、プレゼン資料、データ分析、マニュアル作成など多様な成果物。背景にドット模様。 セリフ: なし オノマトペ: なし
3コマ目 (下段左側): 美咲が自分の成長を実感して微笑んでいる。背景にフラッシュエフェクト。 セリフ: ［美咲］の吹き出しに「3ヶ月で別人になれた」 オノマトペ: ぱぁっ"
"84","テンプレ5","◆【注意】【】で囲まれた単語は感情や状況の指示であり、画像内に文字として描画しないでください
◆【絶対最優先】必ずフルカラーにしてください
◆【絶対最優先】キャラクター外見: 天野凛は添付のamano_rin_20260324_134234.pngと100%同一の外見で描画、桜井美咲は添付のsakurai_misaki_20260324_134641.pngと100%同一の外見で描画、高橋誠一は添付のtakahashi_seiichi_20260324_134230.pngと100%同一の外見で描画
◆【出力サイズ】9:16
◆【補足情報】上下左右に50ピクセルの余白を設けてください
◆【補足情報】服装: 凛はライトグレーのジャケットにブルーのインナー、黒のスラックス。美咲は白いブラウスにネイビーのタイトスカート、首元にパールのネックレス。高橋はチャコールグレーのスーツにネイビーのネクタイ、胸ポケットにペン
◆【コマ構成】テンプレ5: 上・中・下の3段構成、読み順は上→中→下
◆【作画】ジャンル: ビジネスに最適化した統一スタイル。作画スタイル: 日本のアニメ・マンガ調イラスト、クリーンな線画、デジタル彩色、現代ビジネスマンガ風、清潔感重視。色調: 落ち着いた色調、グレー・ネイビー・白基調。線画: 整った線、クリーンな表現。演出: オフィス空間、グラフや資料の描写、必要に応じて集中線、効果線、擬音などのマンガらしい演出
◆【ストーリー】
1コマ目 (上段): 三人が再び休憩室に集まっている。凛がタブレットを手に話を始めている。背景にストライプ模様。 セリフ: ［凛］の吹き出しに「歴史のパターンを知ってる？」 オノマトペ: なし
2コマ目 (中段): 凛のタブレットに歴史の年表。「電卓→PC→ネット→AI」と技術革新の流れ。背景に半円模様。 セリフ: ［凛］の吹き出しに「技術革新には共通点がある」 オノマトペ: なし
3コマ目 (下段): 美咲と高橋が真剣に聞いている。二人とも興味深い表情。背景にグラデーション。 セリフ: ［高橋］の吹き出しに「どんな共通点だ？」 オノマトペ: なし"
"85","テンプレ7","◆【注意】【】で囲まれた単語は感情や状況の指示であり、画像内に文字として描画しないでください
◆【絶対最優先】必ずフルカラーにしてください
◆【絶対最優先】キャラクター外見: 天野凛は添付のamano_rin_20260324_134234.pngと100%同一の外見で描画
◆【出力サイズ】9:16
◆【補足情報】上下左右に50ピクセルの余白を設けてください
◆【補足情報】服装: 凛はライトグレーのジャケットにブルーのインナー、黒のスラックス
◆【コマ構成】テンプレ7: 上段左右2コマ＋下段1コマ、読み順は上段右側→上段左側→下段
◆【作画】ジャンル: ビジネスに最適化した統一スタイル。作画スタイル: 日本のアニメ・マンガ調イラスト、クリーンな線画、デジタル彩色、現代ビジネスマンガ風、清潔感重視。色調: 落ち着いた色調、グレー・ネイビー・白基調。線画: 整った線、クリーンな表現。演出: オフィス空間、グラフや資料の描写、必要に応じて集中線、効果線、擬音などのマンガらしい演出
◆【ストーリー】
1コマ目 (上段右側): 凛がタブレットで電卓の登場した時代の話。「電卓登場→計算係が消えた」。背景にドット模様。 セリフ: ［凛］の吹き出しに「電卓で計算係が消えた」 オノマトペ: なし
2コマ目 (上段左側): 凛がインターネットの話。「ネット登場→新産業が生まれた」。背景に水玉模様。 セリフ: ［凛］の吹き出しに「ネットは新産業を生んだ」 オノマトペ: なし
3コマ目 (下段): 凛が力強い表情で語る。背景にフラッシュエフェクト。 セリフ: ［凛］の吹き出しに「今AIが同じことを起こしてる」 オノマトペ: なし"
"86","テンプレ5","◆【注意】【】で囲まれた単語は感情や状況の指示であり、画像内に文字として描画しないでください
◆【絶対最優先】必ずフルカラーにしてください
◆【絶対最優先】キャラクター外見: 天野凛は添付のamano_rin_20260324_134234.pngと100%同一の外見で描画、高橋誠一は添付のtakahashi_seiichi_20260324_134230.pngと100%同一の外見で描画、桜井美咲は添付のsakurai_misaki_20260324_134641.pngと100%同一の外見で描画
◆【出力サイズ】9:16
◆【補足情報】上下左右に50ピクセルの余白を設けてください
◆【補足情報】服装: 凛はライトグレーのジャケットにブルーのインナー、黒のスラックス。高橋はチャコールグレーのスーツにネイビーのネクタイ、胸ポケットにペン。美咲は白いブラウスにネイビーのタイトスカート、首元にパールのネックレス
◆【コマ構成】テンプレ5: 上・中・下の3段構成、読み順は上→中→下
◆【作画】ジャンル: ビジネスに最適化した統一スタイル。作画スタイル: 日本のアニメ・マンガ調イラスト、クリーンな線画、デジタル彩色、現代ビジネスマンガ風、清潔感重視。色調: 落ち着いた色調、グレー・ネイビー・白基調。線画: 整った線、クリーンな表現。演出: オフィス空間、グラフや資料の描写、必要に応じて集中線、効果線、擬音などのマンガらしい演出
◆【ストーリー】
1コマ目 (上段): 凛が語り続けている。背景にストライプ模様。 セリフ: ［凛］の吹き出しに「共通点は先行者が勝つこと」 オノマトペ: なし
2コマ目 (中段): 高橋が深く頷いている。自分の経験と重ね合わせている表情。背景にドット模様。 セリフ: ［高橋］の吹き出しに「確かに…IT化に乗り遅れた会社は」 オノマトペ: なし
3コマ目 (下段): 凛が美咲と高橋を見ながら語る。背景にグラデーション。 セリフ: ［凛］の吹き出しに「だから今始めることに意味がある」 オノマトペ: なし"
"87","テンプレ3","◆【注意】【】で囲まれた単語は感情や状況の指示であり、画像内に文字として描画しないでください
◆【絶対最優先】必ずフルカラーにしてください
◆【絶対最優先】キャラクター外見: 高橋誠一は添付のtakahashi_seiichi_20260324_134230.pngと100%同一の外見で描画
◆【出力サイズ】9:16
◆【補足情報】上下左右に50ピクセルの余白を設けてください
◆【補足情報】服装: 高橋はチャコールグレーのスーツにネイビーのネクタイ、胸ポケットにペン
◆【コマ構成】テンプレ3: 上下2分割（上段小→下段大）、読み順は上段→下段
◆【作画】ジャンル: ビジネスに最適化した統一スタイル。作画スタイル: 日本のアニメ・マンガ調イラスト、クリーンな線画、デジタル彩色、現代ビジネスマンガ風、清潔感重視。色調: 落ち着いた色調、グレー・ネイビー・白基調。線画: 整った線、クリーンな表現。演出: オフィス空間、グラフや資料の描写、必要に応じて集中線、効果線、擬音などのマンガらしい演出
◆【ストーリー】
1コマ目 (上段・小): 高橋が腕を組んで感慨深い表情。背景にドット模様。 セリフ: ［高橋］の吹き出しに「もっと早く始めればよかった」 オノマトペ: なし
2コマ目 (下段・大): 高橋が窓の外を見ながら回想。自分が最初にAIを否定していた場面が薄く背景に描かれ、今の自分がそれを乗り越えた構図。背景にグラデーション。 セリフ: ［高橋］の吹き出しに「でも今からでも遅くはない」 オノマトペ: なし"
"88","テンプレ1","◆【注意】【】で囲まれた単語は感情や状況の指示であり、画像内に文字として描画しないでください
◆【絶対最優先】必ずフルカラーにしてください
◆【絶対最優先】キャラクター外見: 桜井美咲は添付のsakurai_misaki_20260324_134641.pngと100%同一の外見で描画
◆【出力サイズ】9:16
◆【補足情報】上下左右に50ピクセルの余白を設けてください
◆【補足情報】服装: 美咲は白いブラウスにネイビーのタイトスカート、首元にパールのネックレス
◆【コマ構成】テンプレ1: ページ全体を使った1コマ
◆【作画】ジャンル: ビジネスに最適化した統一スタイル。作画スタイル: 日本のアニメ・マンガ調イラスト、クリーンな線画、デジタル彩色、現代ビジネスマンガ風、清潔感重視。色調: 落ち着いた色調、グレー・ネイビー・白基調。線画: 整った線、クリーンな表現。演出: オフィス空間、グラフや資料の描写、必要に応じて集中線、効果線、擬音などのマンガらしい演出
◆【ストーリー】
1コマ目 (全面): 美咲の感動的なシーン。美咲がオフィスの窓辺に立ち夕日を浴びている。手にはスマホを持ちAIアプリの画面が光っている。感慨深い表情。集中線と光の粒子の演出。背景にオレンジ色のグラデーション。 セリフ: ［美咲］の吹き出しに「月7200円と小さな勇気で変われた」 オノマトペ: なし"
"89","テンプレ5","◆【注意】【】で囲まれた単語は感情や状況の指示であり、画像内に文字として描画しないでください
◆【絶対最優先】必ずフルカラーにしてください
◆【絶対最優先】キャラクター外見: 天野凛は添付のamano_rin_20260324_134234.pngと100%同一の外見で描画、桜井美咲は添付のsakurai_misaki_20260324_134641.pngと100%同一の外見で描画、高橋誠一は添付のtakahashi_seiichi_20260324_134230.pngと100%同一の外見で描画
◆【出力サイズ】9:16
◆【補足情報】上下左右に50ピクセルの余白を設けてください
◆【補足情報】服装: 凛はライトグレーのジャケットにブルーのインナー、黒のスラックス。美咲は白いブラウスにネイビーのタイトスカート、首元にパールのネックレス。高橋はチャコールグレーのスーツにネイビーのネクタイ、胸ポケットにペン
◆【コマ構成】テンプレ5: 上・中・下の3段構成、読み順は上→中→下
◆【作画】ジャンル: ビジネスに最適化した統一スタイル。作画スタイル: 日本のアニメ・マンガ調イラスト、クリーンな線画、デジタル彩色、現代ビジネスマンガ風、清潔感重視。色調: 落ち着いた色調、グレー・ネイビー・白基調。線画: 整った線、クリーンな表現。演出: オフィス空間、グラフや資料の描写、必要に応じて集中線、効果線、擬音などのマンガらしい演出
◆【ストーリー】
1コマ目 (上段): 凛が最後の言葉を三人に投げかけている。真剣で力強い表情。背景にストライプ模様。 セリフ: ［凛］の吹き出しに「先行者の窓は永遠じゃない」 オノマトペ: なし
2コマ目 (中段): 美咲と高橋が凛の言葉を噛みしめている。二人とも真剣な表情。背景にドット模様。 セリフ: なし オノマトペ: なし
3コマ目 (下段): 凛が人差し指を立てて締めくくる。背景にフラッシュエフェクト。 セリフ: ［凛］の吹き出しに「始めるなら今この瞬間よ」 オノマトペ: なし"
"90","テンプレ6","◆【注意】【】で囲まれた単語は感情や状況の指示であり、画像内に文字として描画しないでください
◆【絶対最優先】必ずフルカラーにしてください
◆【絶対最優先】キャラクター外見: 桜井美咲は添付のsakurai_misaki_20260324_134641.pngと100%同一の外見で描画、高橋誠一は添付のtakahashi_seiichi_20260324_134230.pngと100%同一の外見で描画
◆【出力サイズ】9:16
◆【補足情報】上下左右に50ピクセルの余白を設けてください
◆【補足情報】服装: 美咲は白いブラウスにネイビーのタイトスカート、首元にパールのネックレス。高橋はチャコールグレーのスーツにネイビーのネクタイ、胸ポケットにペン
◆【コマ構成】テンプレ6: 上段1コマ＋下段左右2コマ、読み順は上段→下段右側→下段左側
◆【作画】ジャンル: ビジネスに最適化した統一スタイル。作画スタイル: 日本のアニメ・マンガ調イラスト、クリーンな線画、デジタル彩色、現代ビジネスマンガ風、清潔感重視。色調: 落ち着いた色調、グレー・ネイビー・白基調。線画: 整った線、クリーンな表現。演出: オフィス空間、グラフや資料の描写、必要に応じて集中線、効果線、擬音などのマンガらしい演出
◆【ストーリー】
1コマ目 (上段): 美咲と高橋が並んで歩きながら将来の話をしている。二人の関係性が変化。背景にグラデーション。 セリフ: ［高橋］の吹き出しに「来期はAI予算を確保する」 オノマトペ: なし
2コマ目 (下段右側): 美咲が嬉しそうに応えている。背景にフラッシュエフェクト。 セリフ: ［美咲］の吹き出しに「私も新しいAI技術を学びます」 オノマトペ: ぱぁっ
3コマ目 (下段左側): 高橋が珍しく笑顔を見せている。背景に水玉模様。 セリフ: ［高橋］の吹き出しに「頼むぞ、桜井」 オノマトペ: なし"
"91","テンプレ5","◆【注意】【】で囲まれた単語は感情や状況の指示であり、画像内に文字として描画しないでください
◆【絶対最優先】必ずフルカラーにしてください
◆【絶対最優先】キャラクター外見: 桜井美咲は添付のsakurai_misaki_20260324_134641.pngと100%同一の外見で描画、高橋誠一は添付のtakahashi_seiichi_20260324_134230.pngと100%同一の外見で描画、天野凛は添付のamano_rin_20260324_134234.pngと100%同一の外見で描画
◆【出力サイズ】9:16
◆【補足情報】上下左右に50ピクセルの余白を設けてください
◆【補足情報】服装: 美咲は白いブラウスにネイビーのタイトスカート、首元にパールのネックレス。高橋はチャコールグレーのスーツにネイビーのネクタイ、胸ポケットにペン。凛はライトグレーのジャケットにブルーのインナー、黒のスラックス
◆【コマ構成】テンプレ5: 上・中・下の3段構成、読み順は上→中→下
◆【作画】ジャンル: ビジネスに最適化した統一スタイル。作画スタイル: 日本のアニメ・マンガ調イラスト、クリーンな線画、デジタル彩色、現代ビジネスマンガ風、清潔感重視。色調: 落ち着いた色調、グレー・ネイビー・白基調。線画: 整った線、クリーンな表現。演出: オフィス空間、グラフや資料の描写、必要に応じて集中線、効果線、擬音などのマンガらしい演出
◆【ストーリー】
1コマ目 (上段): 三人がオフィスのフロアで他の社員たちと一緒に働いている。AI活用が当たり前になったオフィスの風景。背景にストライプ模様。 セリフ: なし オノマトペ: なし
2コマ目 (中段): 部署全体の生産性グラフが表示された大型モニター。右肩上がりの成果。社員たちが喜んでいる。背景にドット模様。 セリフ: なし オノマトペ: パァァ
3コマ目 (下段): 三人が並んで微笑んでいる。チームとしての絆。背景にフラッシュエフェクト。 セリフ: ［凛］の吹き出しに「これがAI共生の成果よ」 オノマトペ: なし"
"92","テンプレ4","◆【注意】【】で囲まれた単語は感情や状況の指示であり、画像内に文字として描画しないでください
◆【絶対最優先】必ずフルカラーにしてください
◆【絶対最優先】キャラクター外見: 桜井美咲は添付のsakurai_misaki_20260324_134641.pngと100%同一の外見で描画
◆【出力サイズ】9:16
◆【補足情報】上下左右に50ピクセルの余白を設けてください
◆【補足情報】服装: 美咲は白いブラウスにネイビーのタイトスカート、首元にパールのネックレス
◆【コマ構成】テンプレ4: 上下2分割（上段大→下段小）、読み順は上段→下段
◆【作画】ジャンル: ビジネスに最適化した統一スタイル。作画スタイル: 日本のアニメ・マンガ調イラスト、クリーンな線画、デジタル彩色、現代ビジネスマンガ風、清潔感重視。色調: 落ち着いた色調、グレー・ネイビー・白基調。線画: 整った線、クリーンな表現。演出: オフィス空間、グラフや資料の描写、必要に応じて集中線、効果線、擬音などのマンガらしい演出
◆【ストーリー】
1コマ目 (上段・大): 美咲のポートフォリオの全体像。AIで作成した成果物が壁一面に並んでいる。メール、プレゼン、データ分析、マニュアル、企画書など。美咲が誇らしげに眺めている。背景にフラッシュエフェクト。 セリフ: なし オノマトペ: なし
2コマ目 (下段・小): 美咲がポートフォリオを見て微笑んでいる。背景にグラデーション。 セリフ: ［美咲］の吹き出しに「AIと歩んだ3ヶ月の記録」 オノマトペ: ぱぁっ"
"93","テンプレ5","◆【注意】【】で囲まれた単語は感情や状況の指示であり、画像内に文字として描画しないでください
◆【絶対最優先】必ずフルカラーにしてください
◆【絶対最優先】キャラクター外見: 天野凛は添付のamano_rin_20260324_134234.pngと100%同一の外見で描画
◆【出力サイズ】9:16
◆【補足情報】上下左右に50ピクセルの余白を設けてください
◆【補足情報】服装: 凛はライトグレーのジャケットにブルーのインナー、黒のスラックス
◆【コマ構成】テンプレ5: 上・中・下の3段構成、読み順は上→中→下
◆【作画】ジャンル: ビジネスに最適化した統一スタイル。作画スタイル: 日本のアニメ・マンガ調イラスト、クリーンな線画、デジタル彩色、現代ビジネスマンガ風、清潔感重視。色調: 落ち着いた色調、グレー・ネイビー・白基調。線画: 整った線、クリーンな表現。演出: オフィス空間、グラフや資料の描写、必要に応じて集中線、効果線、擬音などのマンガらしい演出
◆【ストーリー】
1コマ目 (上段): 凛がオフィスの窓辺でタブレットを見ている。画面には世界のAI動向ニュース。背景にストライプ模様。 セリフ: ［凛］の吹き出しに「AI進化は止まらない」 オノマトペ: なし
2コマ目 (中段): 凛が読者に語りかけるように正面を向いている。知的で優しい表情。背景に半円模様。 セリフ: ［凛］の吹き出しに「大切なのは変化を恐れないこと」 オノマトペ: なし
3コマ目 (下段): 凛が微笑みながら語る。背景にグラデーション。 セリフ: ［凛］の吹き出しに「一歩を踏み出す勇気だけでいい」 オノマトペ: なし"
"94","テンプレ1","◆【注意】【】で囲まれた単語は感情や状況の指示であり、画像内に文字として描画しないでください
◆【絶対最優先】必ずフルカラーにしてください
◆【絶対最優先】キャラクター外見: 桜井美咲は添付のsakurai_misaki_20260324_134641.pngと100%同一の外見で描画、高橋誠一は添付のtakahashi_seiichi_20260324_134230.pngと100%同一の外見で描画、天野凛は添付のamano_rin_20260324_134234.pngと100%同一の外見で描画
◆【出力サイズ】9:16
◆【補足情報】上下左右に50ピクセルの余白を設けてください
◆【補足情報】服装: 美咲は白いブラウスにネイビーのタイトスカート、首元にパールのネックレス。高橋はチャコールグレーのスーツにネイビーのネクタイ、胸ポケットにペン。凛はライトグレーのジャケットにブルーのインナー、黒のスラックス
◆【コマ構成】テンプレ1: ページ全体を使った1コマ
◆【作画】ジャンル: ビジネスに最適化した統一スタイル。作画スタイル: 日本のアニメ・マンガ調イラスト、クリーンな線画、デジタル彩色、現代ビジネスマンガ風、清潔感重視。色調: 落ち着いた色調、グレー・ネイビー・白基調。線画: 整った線、クリーンな表現。演出: オフィス空間、グラフや資料の描写、必要に応じて集中線、効果線、擬音などのマンガらしい演出
◆【ストーリー】
1コマ目 (全面): 第5章の締めくくり。三人がオフィスの窓から朝日に照らされた都市を見つめている。希望に満ちた表情。「先行者優位」を掴んだ者たちの姿。背景に朝日のオレンジグラデーションと光の粒子。集中線で三人を強調。 セリフ: なし オノマトペ: なし"
"95","テンプレ1","◆【注意】【】で囲まれた単語は感情や状況の指示であり、画像内に文字として描画しないでください
◆【絶対最優先】必ずフルカラーにしてください
◆【絶対最優先】キャラクター外見: 桜井美咲は添付のsakurai_misaki_20260324_134641.pngと100%同一の外見で描画
◆【出力サイズ】9:16
◆【補足情報】上下左右に50ピクセルの余白を設けてください
◆【補足情報】服装: 美咲は白いブラウスにネイビーのタイトスカート、首元にパールのネックレス
◆【コマ構成】テンプレ1: ページ全体を使った1コマ
◆【作画】ジャンル: ビジネスに最適化した統一スタイル。作画スタイル: 日本のアニメ・マンガ調イラスト、クリーンな線画、デジタル彩色、現代ビジネスマンガ風、清潔感重視。色調: 落ち着いた色調、グレー・ネイビー・白基調。線画: 整った線、クリーンな表現。演出: オフィス空間、グラフや資料の描写、必要に応じて集中線、効果線、擬音などのマンガらしい演出
◆【ストーリー】
1コマ目 (全面): エピローグ冒頭。「エピローグ」の文字スペース。夕暮れのオフィスビル。時計は17時。美咲が鞄を持って立ち上がっている。定時退社の日常。穏やかで満足な表情。背景にオレンジ色のグラデーション。 セリフ: なし オノマトペ: なし"
"96","テンプレ5","◆【注意】【】で囲まれた単語は感情や状況の指示であり、画像内に文字として描画しないでください
◆【絶対最優先】必ずフルカラーにしてください
◆【絶対最優先】キャラクター外見: 桜井美咲は添付のsakurai_misaki_20260324_134641.pngと100%同一の外見で描画、高橋誠一は添付のtakahashi_seiichi_20260324_134230.pngと100%同一の外見で描画
◆【出力サイズ】9:16
◆【補足情報】上下左右に50ピクセルの余白を設けてください
◆【補足情報】服装: 美咲は白いブラウスにネイビーのタイトスカート、首元にパールのネックレス。高橋はチャコールグレーのスーツにネイビーのネクタイ、胸ポケットにペン
◆【コマ構成】テンプレ5: 上・中・下の3段構成、読み順は上→中→下
◆【作画】ジャンル: ビジネスに最適化した統一スタイル。作画スタイル: 日本のアニメ・マンガ調イラスト、クリーンな線画、デジタル彩色、現代ビジネスマンガ風、清潔感重視。色調: 落ち着いた色調、グレー・ネイビー・白基調。線画: 整った線、クリーンな表現。演出: オフィス空間、グラフや資料の描写、必要に応じて集中線、効果線、擬音などのマンガらしい演出
◆【ストーリー】
1コマ目 (上段): 美咲が帰り支度をしてオフィスを出ようとしている。鞄にはノートPCが入っている。背景にストライプ模様。 セリフ: ［美咲］の吹き出しに「今日も定時で終了」 オノマトペ: なし
2コマ目 (中段): エレベーターホールで美咲がエレベーターを待っている。背景にドット模様。 セリフ: なし オノマトペ: なし
3コマ目 (下段): エレベーターのドアが開くと中に高橋が立っている。二人が目を合わせて微笑む。背景にフラッシュエフェクト。 セリフ: ［高橋］の吹き出しに「桜井、お疲れ」 オノマトペ: ガチャ"
"97","テンプレ3","◆【注意】【】で囲まれた単語は感情や状況の指示であり、画像内に文字として描画しないでください
◆【絶対最優先】必ずフルカラーにしてください
◆【絶対最優先】キャラクター外見: 桜井美咲は添付のsakurai_misaki_20260324_134641.pngと100%同一の外見で描画、高橋誠一は添付のtakahashi_seiichi_20260324_134230.pngと100%同一の外見で描画
◆【出力サイズ】9:16
◆【補足情報】上下左右に50ピクセルの余白を設けてください
◆【補足情報】服装: 美咲は白いブラウスにネイビーのタイトスカート、首元にパールのネックレス。高橋はチャコールグレーのスーツにネイビーのネクタイ、胸ポケットにペン
◆【コマ構成】テンプレ3: 上下2分割（上段小→下段大）、読み順は上段→下段
◆【作画】ジャンル: ビジネスに最適化した統一スタイル。作画スタイル: 日本のアニメ・マンガ調イラスト、クリーンな線画、デジタル彩色、現代ビジネスマンガ風、清潔感重視。色調: 落ち着いた色調、グレー・ネイビー・白基調。線画: 整った線、クリーンな表現。演出: オフィス空間、グラフや資料の描写、必要に応じて集中線、効果線、擬音などのマンガらしい演出
◆【ストーリー】
1コマ目 (上段・小): エレベーターの中で高橋と美咲が並んでいる。以前とは違う穏やかな雰囲気。背景にドット模様。 セリフ: ［高橋］の吹き出しに「来月のプレゼンの件だが」 オノマトペ: なし
2コマ目 (下段・大): 高橋が美咲に向かって提案。穏やかで前向きな表情。エレベーターの扉越しに夕焼けが見える。背景にグラデーション。 セリフ: ［高橋］の吹き出しに「一緒にAIで準備しないか」 オノマトペ: ぱぁっ"
"98","テンプレ2","◆【注意】【】で囲まれた単語は感情や状況の指示であり、画像内に文字として描画しないでください
◆【絶対最優先】必ずフルカラーにしてください
◆【絶対最優先】キャラクター外見: 桜井美咲は添付のsakurai_misaki_20260324_134641.pngと100%同一の外見で描画
◆【出力サイズ】9:16
◆【補足情報】上下左右に50ピクセルの余白を設けてください
◆【補足情報】服装: 美咲は白いブラウスにネイビーのタイトスカート、首元にパールのネックレス
◆【コマ構成】テンプレ2: 上下に均等2分割、読み順は上段→下段
◆【作画】ジャンル: ビジネスに最適化した統一スタイル。作画スタイル: 日本のアニメ・マンガ調イラスト、クリーンな線画、デジタル彩色、現代ビジネスマンガ風、清潔感重視。色調: 落ち着いた色調、グレー・ネイビー・白基調。線画: 整った線、クリーンな表現。演出: オフィス空間、グラフや資料の描写、必要に応じて集中線、効果線、擬音などのマンガらしい演出
◆【ストーリー】
1コマ目 (上段): 夕焼けのオフィス街を美咲が歩いている。穏やかで満たされた表情。オレンジ色の空が美しい。背景にグラデーション。 セリフ: なし オノマトペ: なし
2コマ目 (下段): 美咲がスマホを取り出しAIポートフォリオアプリを開いている。今日の成果を記録する。夕日に照らされた横顔。背景にフラッシュエフェクト。 セリフ: ［美咲］の吹き出しに「今日の記録もつけておこう」 オノマトペ: なし"
"99","テンプレ4","◆【注意】【】で囲まれた単語は感情や状況の指示であり、画像内に文字として描画しないでください
◆【絶対最優先】必ずフルカラーにしてください
◆【絶対最優先】キャラクター外見: 桜井美咲は添付のsakurai_misaki_20260324_134641.pngと100%同一の外見で描画
◆【出力サイズ】9:16
◆【補足情報】上下左右に50ピクセルの余白を設けてください
◆【補足情報】服装: 美咲は白いブラウスにネイビーのタイトスカート、首元にパールのネックレス
◆【コマ構成】テンプレ4: 上下2分割（上段大→下段小）、読み順は上段→下段
◆【作画】ジャンル: ビジネスに最適化した統一スタイル。作画スタイル: 日本のアニメ・マンガ調イラスト、クリーンな線画、デジタル彩色、現代ビジネスマンガ風、清潔感重視。色調: 落ち着いた色調、グレー・ネイビー・白基調。線画: 整った線、クリーンな表現。演出: オフィス空間、グラフや資料の描写、必要に応じて集中線、効果線、擬音などのマンガらしい演出
◆【ストーリー】
1コマ目 (上段・大): 美咲がスマホの画面を見つめている。画面にはこの3ヶ月間のAI活用の記録がスクロール表示。一つ一つの成果が輝いている。夕日に照らされた穏やかな表情。背景にグラデーション。 セリフ: ［美咲］の吹き出しに「月7200円と小さな勇気」 オノマトペ: なし
2コマ目 (下段・小): 美咲が夕焼け空を見上げて微笑んでいる。背景にフラッシュエフェクト。 セリフ: ［美咲］の吹き出しに「それだけで世界が変わった」 オノマトペ: なし"
"100","テンプレ1","◆【注意】【】で囲まれた単語は感情や状況の指示であり、画像内に文字として描画しないでください
◆【絶対最優先】必ずフルカラーにしてください
◆【絶対最優先】キャラクター外見: 桜井美咲は添付のsakurai_misaki_20260324_134641.pngと100%同一の外見で描画
◆【出力サイズ】9:16
◆【補足情報】上下左右に50ピクセルの余白を設けてください
◆【補足情報】服装: 美咲は白いブラウスにネイビーのタイトスカート、首元にパールのネックレス
◆【コマ構成】テンプレ1: ページ全体を使った1コマ
◆【作画】ジャンル: ビジネスに最適化した統一スタイル。作画スタイル: 日本のアニメ・マンガ調イラスト、クリーンな線画、デジタル彩色、現代ビジネスマンガ風、清潔感重視。色調: 落ち着いた色調、グレー・ネイビー・白基調。線画: 整った線、クリーンな表現。演出: オフィス空間、グラフや資料の描写、必要に応じて集中線、効果線、擬音などのマンガらしい演出
◆【ストーリー】
1コマ目 (全面): 最終ページ。夕暮れのオフィス街を背景に美咲が微笑みながら読者の方を向いている。胸にノートPCを抱え目には自信と希望が輝いている。背景にはオレンジとネイビーの美しいグラデーション空。光の粒子が舞い集中線で美咲を強調する演出。感動的な締めくくりのシーン。 セリフ: ［美咲］の吹き出しに「さあ、あなたも始めよう」 オノマトペ: パァァ"
