"ページ番号","使用するコマ割りテンプレ","漫画作成のプロンプト"
"1","テンプレ1","◆【注意】【】で囲まれた単語は感情や状況の指示であり、画像内に文字として描画しないでください
◆【絶対最優先】必ずフルカラーにしてください
◆【絶対最優先】必ず日本のアニメ・マンガ調のイラストで描いてください。実写風・フォトリアル風は禁止です。
◆【絶対最優先】キャラクター外見: ミサキは添付のミサキ.pngと100%同一の外見で描画
◆【出力サイズ】9:16
◆【補足情報】上下左右に50ピクセルの余白を設けてください
◆【補足情報】服装: ミサキ: ボーダー柄（白と紺）のカットソーにデニムパンツ、白いスニーカー
◆【コマ構成】テンプレ1: ページ全体1コマ
◆【作画】ジャンル: 副業に最適化した統一スタイル / 作画スタイル: 親しみやすく実践的,現代的なライフスタイル表現 / 色調: 明るく前向きな色調,オレンジ・青・黄色基調,活力ある配色 / 線画: 親しみやすい柔らかな線,カジュアルで読みやすい表現 / 演出: パソコン作業,スマホ,時計,収入の可視化,ステップ図解,必要に応じて集中線,効果線,擬音などのマンガらしい演出
◆【ストーリー】
1コマ目 (ページ全体): 【タイトルページ】朝の洗面台。ミサキが妊娠検査薬を手に持ち、陽性反応の二本線を見つめている。驚きと喜びの涙が頬を伝う。背景に朝日の光が差し込む。タイトル「出産でキャリアを失った元事務職ママが、AIで初めて稼ぐまで」が大きく配置。 セリフ: なし オノマトペ: なし"
"2","テンプレ5","◆【注意】【】で囲まれた単語は感情や状況の指示であり、画像内に文字として描画しないでください
◆【絶対最優先】必ずフルカラーにしてください
◆【絶対最優先】必ず日本のアニメ・マンガ調のイラストで描いてください。実写風・フォトリアル風は禁止です。
◆【絶対最優先】キャラクター外見: ミサキは添付のミサキ.pngと100%同一の外見で描画
◆【出力サイズ】9:16
◆【補足情報】上下左右に50ピクセルの余白を設けてください
◆【補足情報】服装: ミサキ: ボーダー柄（白と紺）のカットソーにデニムパンツ、白いスニーカー
◆【コマ構成】テンプレ5: 上・中・下3段
◆【作画】ジャンル: 副業に最適化した統一スタイル / 作画スタイル: 親しみやすく実践的,現代的なライフスタイル表現 / 色調: 明るく前向きな色調,オレンジ・青・黄色基調,活力ある配色 / 線画: 親しみやすい柔らかな線,カジュアルで読みやすい表現 / 演出: パソコン作業,スマホ,時計,収入の可視化,ステップ図解,必要に応じて集中線,効果線,擬音などのマンガらしい演出
◆【ストーリー】
1コマ目 (上段): 洗面台のアップ。ミサキの手が妊娠検査薬を握っている。二本線がくっきり見える。 セリフ: ［ミサキ］の吹き出しに「……できた」 オノマトペ: なし
2コマ目 (中段): ミサキの顔のアップ。目に涙が浮かび、口元がほころんでいる。喜びと驚きの表情。 セリフ: なし オノマトペ: ぽろ…
3コマ目 (下段): ミサキがお腹に手を当てて微笑んでいる。背景に柔らかい光。 セリフ: なし オノマトペ: なし"
"3","テンプレ6","◆【注意】【】で囲まれた単語は感情や状況の指示であり、画像内に文字として描画しないでください
◆【絶対最優先】必ずフルカラーにしてください
◆【絶対最優先】必ず日本のアニメ・マンガ調のイラストで描いてください。実写風・フォトリアル風は禁止です。
◆【絶対最優先】キャラクター外見: ミサキは添付のミサキ.pngと100%同一の外見で描画、ケンタは添付のケンタ.pngと100%同一の外見で描画
◆【出力サイズ】9:16
◆【補足情報】上下左右に50ピクセルの余白を設けてください
◆【補足情報】服装: ミサキ: ボーダー柄（白と紺）のカットソーにデニムパンツ、白いスニーカー / ケンタ: 紺のスーツに白ワイシャツ、ネクタイを緩めた帰宅直後の姿
◆【コマ構成】テンプレ6: 上段1コマ + 下段左右2コマ
◆【作画】ジャンル: 副業に最適化した統一スタイル / 作画スタイル: 親しみやすく実践的,現代的なライフスタイル表現 / 色調: 明るく前向きな色調,オレンジ・青・黄色基調,活力ある配色 / 線画: 親しみやすい柔らかな線,カジュアルで読みやすい表現 / 演出: パソコン作業,スマホ,時計,収入の可視化,ステップ図解,必要に応じて集中線,効果線,擬音などのマンガらしい演出
◆【ストーリー】
1コマ目 (上段): 夜のリビング。ケンタが玄関から帰宅し、ミサキが駆け寄っている場面。 セリフ: ［ミサキ］の吹き出しに「できたよ……！」 オノマトペ: なし
2コマ目 (下段右): ケンタが驚いた表情でミサキを見つめている。目を見開いている。 セリフ: ［ケンタ］の吹き出しに「本当に！？」 オノマトペ: なし
3コマ目 (下段左): ケンタがミサキを抱きしめている。二人とも泣いている。幸せな涙。 セリフ: ［ケンタ］の吹き出しに「やった……！」 オノマトペ: ぎゅっ"
"4","テンプレ2","◆【注意】【】で囲まれた単語は感情や状況の指示であり、画像内に文字として描画しないでください
◆【絶対最優先】必ずフルカラーにしてください
◆【絶対最優先】必ず日本のアニメ・マンガ調のイラストで描いてください。実写風・フォトリアル風は禁止です。
◆【絶対最優先】キャラクター外見: ミサキは添付のミサキ.pngと100%同一の外見で描画、山田課長は添付の山田課長.pngと100%同一の外見で描画
◆【出力サイズ】9:16
◆【補足情報】上下左右に50ピクセルの余白を設けてください
◆【補足情報】服装: ミサキ: 白いブラウスにグレーのタイトスカート、黒いパンプス（オフィス服装） / 山田課長: 紺のスーツに白シャツ（ネクタイなし）
◆【コマ構成】テンプレ2: 上下均等2分割
◆【作画】ジャンル: 副業に最適化した統一スタイル / 作画スタイル: 親しみやすく実践的,現代的なライフスタイル表現 / 色調: 明るく前向きな色調,オレンジ・青・黄色基調,活力ある配色 / 線画: 親しみやすい柔らかな線,カジュアルで読みやすい表現 / 演出: パソコン作業,スマホ,時計,収入の可視化,ステップ図解,必要に応じて集中線,効果線,擬音などのマンガらしい演出
◆【ストーリー】
1コマ目 (上段): オフィスの会議室。ミサキが上司の山田課長に妊娠を報告している。課長は穏やかな表情。 セリフ: ［山田課長］の吹き出しに「おめでとう。手続きしよう」 オノマトペ: なし
2コマ目 (下段): ミサキがほっとした表情で一礼している。安堵の空気。 セリフ: ［ミサキ］の吹き出しに「ありがとうございます」 オノマトペ: ほっ…"
"5","テンプレ7","◆【注意】【】で囲まれた単語は感情や状況の指示であり、画像内に文字として描画しないでください
◆【絶対最優先】必ずフルカラーにしてください
◆【絶対最優先】必ず日本のアニメ・マンガ調のイラストで描いてください。実写風・フォトリアル風は禁止です。
◆【絶対最優先】キャラクター外見: ミサキは添付のミサキ.pngと100%同一の外見で描画
◆【出力サイズ】9:16
◆【補足情報】上下左右に50ピクセルの余白を設けてください
◆【補足情報】服装: ミサキ: 白いブラウスにグレーのタイトスカート、黒いパンプス（オフィス服装）
◆【コマ構成】テンプレ7: 上段左右2コマ + 下段1コマ
◆【作画】ジャンル: 副業に最適化した統一スタイル / 作画スタイル: 親しみやすく実践的,現代的なライフスタイル表現 / 色調: 明るく前向きな色調,オレンジ・青・黄色基調,活力ある配色 / 線画: 親しみやすい柔らかな線,カジュアルで読みやすい表現 / 演出: パソコン作業,スマホ,時計,収入の可視化,ステップ図解,必要に応じて集中線,効果線,擬音などのマンガらしい演出
◆【ストーリー】
1コマ目 (上段右): 給湯室の入口付近。ミサキが廊下で足を止めている。 セリフ: なし オノマトペ: ピタッ
2コマ目 (上段左): 給湯室の中で同僚二人がひそひそ話している。影のある表情。 セリフ: ［同僚］の吹き出しに「また産休か…しわ寄せが」 オノマトペ: ヒソヒソ
3コマ目 (下段): ミサキが聞こえなかったふりをしてその場を離れる後ろ姿。暗い影が差している。 セリフ: なし オノマトペ: …"
"6","テンプレ3","◆【注意】【】で囲まれた単語は感情や状況の指示であり、画像内に文字として描画しないでください
◆【絶対最優先】必ずフルカラーにしてください
◆【絶対最優先】必ず日本のアニメ・マンガ調のイラストで描いてください。実写風・フォトリアル風は禁止です。
◆【絶対最優先】キャラクター外見: ミサキは添付のミサキ.pngと100%同一の外見で描画
◆【出力サイズ】9:16
◆【補足情報】上下左右に50ピクセルの余白を設けてください
◆【補足情報】服装: ミサキ: ピンクのスウェットトレーナーにグレーのルームパンツ、裸足（部屋着）
◆【コマ構成】テンプレ3: 上段小→下段大
◆【作画】ジャンル: 副業に最適化した統一スタイル / 作画スタイル: 親しみやすく実践的,現代的なライフスタイル表現 / 色調: 明るく前向きな色調,オレンジ・青・黄色基調,活力ある配色 / 線画: 親しみやすい柔らかな線,カジュアルで読みやすい表現 / 演出: パソコン作業,スマホ,時計,収入の可視化,ステップ図解,必要に応じて集中線,効果線,擬音などのマンガらしい演出
◆【ストーリー】
1コマ目 (上段小): 暗い寝室の天井。時計が深夜を示している。 セリフ: なし オノマトペ: シーン…
2コマ目 (下段大): ベッドの中でミサキがスマホを見ている。画面の光だけが顔を照らす。検索バーに「産休 復帰 不安」と入力されている。不安そうな表情。 セリフ: ［ミサキ］の吹き出しに「……戻れるよね？」 オノマトペ: なし"
"7","テンプレ5","◆【注意】【】で囲まれた単語は感情や状況の指示であり、画像内に文字として描画しないでください
◆【絶対最優先】必ずフルカラーにしてください
◆【絶対最優先】必ず日本のアニメ・マンガ調のイラストで描いてください。実写風・フォトリアル風は禁止です。
◆【絶対最優先】キャラクター外見: ミサキは添付のミサキ.pngと100%同一の外見で描画、ケンタは添付のケンタ.pngと100%同一の外見で描画、山田課長は添付の山田課長.pngと100%同一の外見で描画
◆【出力サイズ】9:16
◆【補足情報】上下左右に50ピクセルの余白を設けてください
◆【補足情報】服装: ミサキ: 白いブラウスにグレーのタイトスカート、黒いパンプス（オフィス服装） / ケンタ: グレーのTシャツにネイビーのスウェットパンツ、黒い靴下 / 山田課長: 紺のスーツに白シャツ（ネクタイなし）
◆【コマ構成】テンプレ5: 上・中・下3段
◆【作画】ジャンル: 副業に最適化した統一スタイル / 作画スタイル: 親しみやすく実践的,現代的なライフスタイル表現 / 色調: 明るく前向きな色調,オレンジ・青・黄色基調,活力ある配色 / 線画: 親しみやすい柔らかな線,カジュアルで読みやすい表現 / 演出: パソコン作業,スマホ,時計,収入の可視化,ステップ図解,必要に応じて集中線,効果線,擬音などのマンガらしい演出
◆【ストーリー】
1コマ目 (上段): 【プロローグ回想】ミサキが妊娠検査薬を見つめるシーン（回想）。やわらかな光。 セリフ: なし オノマトペ: なし
2コマ目 (中段): ケンタとミサキが抱き合って喜ぶ夜のリビング。 セリフ: なし オノマトペ: なし
3コマ目 (下段): オフィスでの報告シーン。山田課長の穏やかな笑顔。 セリフ: なし オノマトペ: なし"
"8","テンプレ4","◆【注意】【】で囲まれた単語は感情や状況の指示であり、画像内に文字として描画しないでください
◆【絶対最優先】必ずフルカラーにしてください
◆【絶対最優先】必ず日本のアニメ・マンガ調のイラストで描いてください。実写風・フォトリアル風は禁止です。
◆【絶対最優先】キャラクター外見: ミサキは添付のミサキ.pngと100%同一の外見で描画
◆【出力サイズ】9:16
◆【補足情報】上下左右に50ピクセルの余白を設けてください
◆【補足情報】服装: ミサキ: 白いブラウスにグレーのタイトスカート、黒いパンプス（オフィス服装）
◆【コマ構成】テンプレ4: 上段大→下段小
◆【作画】ジャンル: 副業に最適化した統一スタイル / 作画スタイル: 親しみやすく実践的,現代的なライフスタイル表現 / 色調: 明るく前向きな色調,オレンジ・青・黄色基調,活力ある配色 / 線画: 親しみやすい柔らかな線,カジュアルで読みやすい表現 / 演出: パソコン作業,スマホ,時計,収入の可視化,ステップ図解,必要に応じて集中線,効果線,擬音などのマンガらしい演出
◆【ストーリー】
1コマ目 (上段大): 給湯室前の廊下。ミサキが同僚のひそひそ話を聞いてしまい、足を止めている横顔。暗い影。 セリフ: なし オノマトペ: ドキッ
2コマ目 (下段小): ミサキが何事もなかったかのように歩き去る後ろ姿。肩が少し震えている。 セリフ: なし オノマトペ: …"
"9","テンプレ6","◆【注意】【】で囲まれた単語は感情や状況の指示であり、画像内に文字として描画しないでください
◆【絶対最優先】必ずフルカラーにしてください
◆【絶対最優先】必ず日本のアニメ・マンガ調のイラストで描いてください。実写風・フォトリアル風は禁止です。
◆【絶対最優先】キャラクター外見: ミサキは添付のミサキ.pngと100%同一の外見で描画
◆【出力サイズ】9:16
◆【補足情報】上下左右に50ピクセルの余白を設けてください
◆【補足情報】服装: ミサキ: ピンクのスウェットトレーナーにグレーのルームパンツ、裸足（部屋着）
◆【コマ構成】テンプレ6: 上段1コマ + 下段左右2コマ
◆【作画】ジャンル: 副業に最適化した統一スタイル / 作画スタイル: 親しみやすく実践的,現代的なライフスタイル表現 / 色調: 明るく前向きな色調,オレンジ・青・黄色基調,活力ある配色 / 線画: 親しみやすい柔らかな線,カジュアルで読みやすい表現 / 演出: パソコン作業,スマホ,時計,収入の可視化,ステップ図解,必要に応じて集中線,効果線,擬音などのマンガらしい演出
◆【ストーリー】
1コマ目 (上段): 暗い寝室。ベッドに横たわるミサキ。スマホの青白い光が顔を照らす。 セリフ: なし オノマトペ: カチカチ
2コマ目 (下段右): スマホ画面のアップ。検索バーに「産休 復帰 不安」と表示。検索結果が並ぶ。 セリフ: なし オノマトペ: なし
3コマ目 (下段左): ミサキの不安そうな横顔のアップ。スマホの光に照らされ、目が潤んでいる。 セリフ: ［ミサキ］の吹き出しに「……戻れるよね？」 オノマトペ: なし"
"10","テンプレ1","◆【注意】【】で囲まれた単語は感情や状況の指示であり、画像内に文字として描画しないでください
◆【絶対最優先】必ずフルカラーにしてください
◆【絶対最優先】必ず日本のアニメ・マンガ調のイラストで描いてください。実写風・フォトリアル風は禁止です。
◆【絶対最優先】キャラクター外見: ミサキは添付のミサキ.pngと100%同一の外見で描画
◆【出力サイズ】9:16
◆【補足情報】上下左右に50ピクセルの余白を設けてください
◆【補足情報】服装: ミサキ: ピンクのスウェットトレーナーにグレーのルームパンツ、裸足（部屋着）
◆【コマ構成】テンプレ1: ページ全体1コマ
◆【作画】ジャンル: 副業に最適化した統一スタイル / 作画スタイル: 親しみやすく実践的,現代的なライフスタイル表現 / 色調: 明るく前向きな色調,オレンジ・青・黄色基調,活力ある配色 / 線画: 親しみやすい柔らかな線,カジュアルで読みやすい表現 / 演出: パソコン作業,スマホ,時計,収入の可視化,ステップ図解,必要に応じて集中線,効果線,擬音などのマンガらしい演出
◆【ストーリー】
1コマ目 (ページ全体): 【感情クライマックス】暗い部屋でスマホの光だけに照らされたミサキの全身像。不安の芽が生まれた瞬間。背景に暗いグラデーション。プロローグの締めくくり。 セリフ: なし オノマトペ: なし"
"11","テンプレ1","◆【注意】【】で囲まれた単語は感情や状況の指示であり、画像内に文字として描画しないでください
◆【絶対最優先】必ずフルカラーにしてください
◆【絶対最優先】必ず日本のアニメ・マンガ調のイラストで描いてください。実写風・フォトリアル風は禁止です。
◆【出力サイズ】9:16
◆【補足情報】上下左右に50ピクセルの余白を設けてください
◆【コマ構成】テンプレ1: ページ全体1コマ
◆【作画】ジャンル: 副業に最適化した統一スタイル / 作画スタイル: 親しみやすく実践的,現代的なライフスタイル表現 / 色調: 明るく前向きな色調,オレンジ・青・黄色基調,活力ある配色 / 線画: 親しみやすい柔らかな線,カジュアルで読みやすい表現 / 演出: パソコン作業,スマホ,時計,収入の可視化,ステップ図解,必要に応じて集中線,効果線,擬音などのマンガらしい演出
◆【ストーリー】
1コマ目 (ページ全体): 【コラム背景イラスト】テキストオーバーレイ用の背景画像。キャラクターは描画しない。人物なし。画面全体にシンプルなグラフやデータのイラストを美しく描く。上部30%にタイトル用の余白、中央〜下部にテキスト用の余白を確保。背景は淡い色調でテキストが読みやすいよう明度を抑える。 セリフ: なし オノマトペ: なし
◆【テキストオーバーレイ情報（EPUB製本時に使用）】タイトル: コラム：女性のキャリアと出産 / 本文: 日本の女性の約5割が第一子出産を機に離職。「マミートラック」の現実。制度はあっても使える空気があるかは別問題"
"12","テンプレ1","◆【注意】【】で囲まれた単語は感情や状況の指示であり、画像内に文字として描画しないでください
◆【絶対最優先】必ずフルカラーにしてください
◆【絶対最優先】必ず日本のアニメ・マンガ調のイラストで描いてください。実写風・フォトリアル風は禁止です。
◆【絶対最優先】キャラクター外見: ミサキは添付のミサキ.pngと100%同一の外見で描画、ひなたは添付のひなた_赤ちゃん期.pngと100%同一の外見で描画
◆【出力サイズ】9:16
◆【補足情報】上下左右に50ピクセルの余白を設けてください
◆【補足情報】服装: ミサキ: ボーダー柄（白と紺）のカットソーにデニムパンツ、白いスニーカー / ひなた: ピンクのロンパース
◆【コマ構成】テンプレ1: ページ全体1コマ
◆【作画】ジャンル: 副業に最適化した統一スタイル / 作画スタイル: 親しみやすく実践的,現代的なライフスタイル表現 / 色調: 明るく前向きな色調,オレンジ・青・黄色基調,活力ある配色 / 線画: 親しみやすい柔らかな線,カジュアルで読みやすい表現 / 演出: パソコン作業,スマホ,時計,収入の可視化,ステップ図解,必要に応じて集中線,効果線,擬音などのマンガらしい演出
◆【ストーリー】
1コマ目 (ページ全体): 【第1章タイトル】「第1章：保育園落ちた」のタイトルページ。ミサキが赤ちゃんのひなたを片腕に抱きながら、もう片方の手で書類を書いている。テーブルに保育園申請書が散乱。背景に時計と哺乳瓶。 セリフ: なし オノマトペ: なし"
"13","テンプレ5","◆【注意】【】で囲まれた単語は感情や状況の指示であり、画像内に文字として描画しないでください
◆【絶対最優先】必ずフルカラーにしてください
◆【絶対最優先】必ず日本のアニメ・マンガ調のイラストで描いてください。実写風・フォトリアル風は禁止です。
◆【絶対最優先】キャラクター外見: ミサキは添付のミサキ.pngと100%同一の外見で描画、ひなたは添付のひなた_赤ちゃん期.pngと100%同一の外見で描画
◆【出力サイズ】9:16
◆【補足情報】上下左右に50ピクセルの余白を設けてください
◆【補足情報】服装: ミサキ: ボーダー柄（白と紺）のカットソーにデニムパンツ、白いスニーカー / ひなた: ピンクのロンパース
◆【コマ構成】テンプレ5: 上・中・下3段
◆【作画】ジャンル: 副業に最適化した統一スタイル / 作画スタイル: 親しみやすく実践的,現代的なライフスタイル表現 / 色調: 明るく前向きな色調,オレンジ・青・黄色基調,活力ある配色 / 線画: 親しみやすい柔らかな線,カジュアルで読みやすい表現 / 演出: パソコン作業,スマホ,時計,収入の可視化,ステップ図解,必要に応じて集中線,効果線,擬音などのマンガらしい演出
◆【ストーリー】
1コマ目 (上段): 出産半年後。ミサキが赤ちゃんのひなたを抱きながら書類に記入している。テーブルに保育園申請書が積まれている。 セリフ: なし オノマトペ: カリカリ
2コマ目 (中段): 郵便受けから茶色い封筒を取り出すミサキの手。 セリフ: なし オノマトペ: ガサ…
3コマ目 (下段): 封筒の中身「不承諾」の三文字のアップ。ミサキの手が震えている。 セリフ: なし オノマトペ: ガーン"
"14","テンプレ7","◆【注意】【】で囲まれた単語は感情や状況の指示であり、画像内に文字として描画しないでください
◆【絶対最優先】必ずフルカラーにしてください
◆【絶対最優先】必ず日本のアニメ・マンガ調のイラストで描いてください。実写風・フォトリアル風は禁止です。
◆【絶対最優先】キャラクター外見: ミサキは添付のミサキ.pngと100%同一の外見で描画、山田課長は添付の山田課長.pngと100%同一の外見で描画、ひなたは添付のひなた_赤ちゃん期.pngと100%同一の外見で描画
◆【出力サイズ】9:16
◆【補足情報】上下左右に50ピクセルの余白を設けてください
◆【補足情報】服装: ミサキ: ボーダー柄（白と紺）のカットソーにデニムパンツ、白いスニーカー / 山田課長: 紺のスーツに白シャツ（ネクタイなし） / ひなた: ピンクのロンパース
◆【コマ構成】テンプレ7: 上段左右2コマ + 下段1コマ
◆【作画】ジャンル: 副業に最適化した統一スタイル / 作画スタイル: 親しみやすく実践的,現代的なライフスタイル表現 / 色調: 明るく前向きな色調,オレンジ・青・黄色基調,活力ある配色 / 線画: 親しみやすい柔らかな線,カジュアルで読みやすい表現 / 演出: パソコン作業,スマホ,時計,収入の可視化,ステップ図解,必要に応じて集中線,効果線,擬音などのマンガらしい演出
◆【ストーリー】
1コマ目 (上段右): ミサキがスマホで会社に電話している。緊張した表情。 セリフ: ［ミサキ］の吹き出しに「在宅勤務の制度は…」 オノマトペ: なし
2コマ目 (上段左): 電話の向こうの山田課長（小さなイメージ）。申し訳なさそうな表情。 セリフ: ［山田課長］の吹き出しに「リモートは対応してなくて」 オノマトペ: なし
3コマ目 (下段): ミサキが電話を切った後、がっくりとうなだれている。ひなたが横で無邪気に笑っている対比。 セリフ: なし オノマトペ: ガクッ"
"15","テンプレ6","◆【注意】【】で囲まれた単語は感情や状況の指示であり、画像内に文字として描画しないでください
◆【絶対最優先】必ずフルカラーにしてください
◆【絶対最優先】必ず日本のアニメ・マンガ調のイラストで描いてください。実写風・フォトリアル風は禁止です。
◆【絶対最優先】キャラクター外見: ミサキは添付のミサキ.pngと100%同一の外見で描画
◆【出力サイズ】9:16
◆【補足情報】上下左右に50ピクセルの余白を設けてください
◆【補足情報】服装: ミサキ: ボーダー柄（白と紺）のカットソーにデニムパンツ、白いスニーカー
◆【コマ構成】テンプレ6: 上段1コマ + 下段左右2コマ
◆【作画】ジャンル: 副業に最適化した統一スタイル / 作画スタイル: 親しみやすく実践的,現代的なライフスタイル表現 / 色調: 明るく前向きな色調,オレンジ・青・黄色基調,活力ある配色 / 線画: 親しみやすい柔らかな線,カジュアルで読みやすい表現 / 演出: パソコン作業,スマホ,時計,収入の可視化,ステップ図解,必要に応じて集中線,効果線,擬音などのマンガらしい演出
◆【ストーリー】
1コマ目 (上段): パソコン画面のアップ。社内チャットに知らないプロジェクト名と新人の名前が並んでいる。 セリフ: なし オノマトペ: なし
2コマ目 (下段右): ミサキがパソコン画面を見て愕然としている表情。 セリフ: ［ミサキ］の吹き出しに「私の居場所、まだある？」 オノマトペ: なし
3コマ目 (下段左): 育休延長申請書を書くミサキの手元。ペンを握る手に力が入っている。 セリフ: なし オノマトペ: カリ…"
"16","テンプレ2","◆【注意】【】で囲まれた単語は感情や状況の指示であり、画像内に文字として描画しないでください
◆【絶対最優先】必ずフルカラーにしてください
◆【絶対最優先】必ず日本のアニメ・マンガ調のイラストで描いてください。実写風・フォトリアル風は禁止です。
◆【絶対最優先】キャラクター外見: ミサキは添付のミサキ.pngと100%同一の外見で描画、ひなたは添付のひなた_赤ちゃん期.pngと100%同一の外見で描画
◆【出力サイズ】9:16
◆【補足情報】上下左右に50ピクセルの余白を設けてください
◆【補足情報】服装: ミサキ: ピンクのスウェットトレーナーにグレーのルームパンツ、裸足（部屋着） / ひなた: ピンクのロンパース
◆【コマ構成】テンプレ2: 上下均等2分割
◆【作画】ジャンル: 副業に最適化した統一スタイル / 作画スタイル: 親しみやすく実践的,現代的なライフスタイル表現 / 色調: 明るく前向きな色調,オレンジ・青・黄色基調,活力ある配色 / 線画: 親しみやすい柔らかな線,カジュアルで読みやすい表現 / 演出: パソコン作業,スマホ,時計,収入の可視化,ステップ図解,必要に応じて集中線,効果線,擬音などのマンガらしい演出
◆【ストーリー】
1コマ目 (上段): 暗い部屋。夜中にミサキが一人で泣いている赤ちゃんをあやしている。時計は深夜2時。 セリフ: なし オノマトペ: おぎゃあ おぎゃあ
2コマ目 (下段): 疲れ切った表情のミサキ。目の下にクマ。ひなたはようやく寝た。窓の外はまだ暗い。 セリフ: なし オノマトペ: すぅ…すぅ…"
"17","テンプレ5","◆【注意】【】で囲まれた単語は感情や状況の指示であり、画像内に文字として描画しないでください
◆【絶対最優先】必ずフルカラーにしてください
◆【絶対最優先】必ず日本のアニメ・マンガ調のイラストで描いてください。実写風・フォトリアル風は禁止です。
◆【絶対最優先】キャラクター外見: ミサキは添付のミサキ.pngと100%同一の外見で描画
◆【出力サイズ】9:16
◆【補足情報】上下左右に50ピクセルの余白を設けてください
◆【補足情報】服装: ミサキ: ベージュのカーディガンに白Tシャツ、デニムパンツ、白いスニーカー（外出着）
◆【コマ構成】テンプレ5: 上・中・下3段
◆【作画】ジャンル: 副業に最適化した統一スタイル / 作画スタイル: 親しみやすく実践的,現代的なライフスタイル表現 / 色調: 明るく前向きな色調,オレンジ・青・黄色基調,活力ある配色 / 線画: 親しみやすい柔らかな線,カジュアルで読みやすい表現 / 演出: パソコン作業,スマホ,時計,収入の可視化,ステップ図解,必要に応じて集中線,効果線,擬音などのマンガらしい演出
◆【ストーリー】
1コマ目 (上段): 支援センターでママ友がミサキに話しかけている。明るい室内。 セリフ: ［ママ友］の吹き出しに「実家が近くて助かって〜」 オノマトペ: なし
2コマ目 (中段): ミサキが笑顔で答えている。でも目が笑っていない。 セリフ: ［ミサキ］の吹き出しに「いいなぁ」 オノマトペ: なし
3コマ目 (下段): 帰り道。ベビーカーを押すミサキの後ろ姿。うつむいている。夕暮れの道。 セリフ: なし オノマトペ: …"
"18","テンプレ4","◆【注意】【】で囲まれた単語は感情や状況の指示であり、画像内に文字として描画しないでください
◆【絶対最優先】必ずフルカラーにしてください
◆【絶対最優先】必ず日本のアニメ・マンガ調のイラストで描いてください。実写風・フォトリアル風は禁止です。
◆【絶対最優先】キャラクター外見: ミサキは添付のミサキ.pngと100%同一の外見で描画
◆【出力サイズ】9:16
◆【補足情報】上下左右に50ピクセルの余白を設けてください
◆【補足情報】服装: ミサキ: ピンクのスウェットトレーナーにグレーのルームパンツ、裸足（部屋着）
◆【コマ構成】テンプレ4: 上段大→下段小
◆【作画】ジャンル: 副業に最適化した統一スタイル / 作画スタイル: 親しみやすく実践的,現代的なライフスタイル表現 / 色調: 明るく前向きな色調,オレンジ・青・黄色基調,活力ある配色 / 線画: 親しみやすい柔らかな線,カジュアルで読みやすい表現 / 演出: パソコン作業,スマホ,時計,収入の可視化,ステップ図解,必要に応じて集中線,効果線,擬音などのマンガらしい演出
◆【ストーリー】
1コマ目 (上段大): 夜中の授乳シーン。ミサキがスマホで「育児中 在宅ワーク おすすめ」と検索している。画面にデータ入力時給800円、アンケート月5000円の文字。 セリフ: なし オノマトペ: カチカチ
2コマ目 (下段小): ミサキの涙ぐんだ目のアップ。スマホの光に照らされている。 セリフ: ［ミサキ］の吹き出しに「何ができるの……」 オノマトペ: ぽろ…"
"19","テンプレ3","◆【注意】【】で囲まれた単語は感情や状況の指示であり、画像内に文字として描画しないでください
◆【絶対最優先】必ずフルカラーにしてください
◆【絶対最優先】必ず日本のアニメ・マンガ調のイラストで描いてください。実写風・フォトリアル風は禁止です。
◆【絶対最優先】キャラクター外見: ミサキは添付のミサキ.pngと100%同一の外見で描画、ひなたは添付のひなた_赤ちゃん期.pngと100%同一の外見で描画
◆【出力サイズ】9:16
◆【補足情報】上下左右に50ピクセルの余白を設けてください
◆【補足情報】服装: ミサキ: ピンクのスウェットトレーナーにグレーのルームパンツ、裸足（部屋着） / ひなた: ピンクのロンパース
◆【コマ構成】テンプレ3: 上段小→下段大
◆【作画】ジャンル: 副業に最適化した統一スタイル / 作画スタイル: 親しみやすく実践的,現代的なライフスタイル表現 / 色調: 明るく前向きな色調,オレンジ・青・黄色基調,活力ある配色 / 線画: 親しみやすい柔らかな線,カジュアルで読みやすい表現 / 演出: パソコン作業,スマホ,時計,収入の可視化,ステップ図解,必要に応じて集中線,効果線,擬音などのマンガらしい演出
◆【ストーリー】
1コマ目 (上段小): ひなたの寝顔のアップ。安らかに眠っている。 セリフ: なし オノマトペ: すぅ…
2コマ目 (下段大): ミサキがひなたの寝顔を見ながら泣いている。暗い部屋。涙が頬を伝う。 セリフ: ［ミサキ］の吹き出しに「ごめんね。ママ何もできなくて」 オノマトペ: ぽろぽろ"
"20","テンプレ1","◆【注意】【】で囲まれた単語は感情や状況の指示であり、画像内に文字として描画しないでください
◆【絶対最優先】必ずフルカラーにしてください
◆【絶対最優先】必ず日本のアニメ・マンガ調のイラストで描いてください。実写風・フォトリアル風は禁止です。
◆【絶対最優先】キャラクター外見: ミサキは添付のミサキ.pngと100%同一の外見で描画、ひなたは添付のひなた_赤ちゃん期.pngと100%同一の外見で描画
◆【出力サイズ】9:16
◆【補足情報】上下左右に50ピクセルの余白を設けてください
◆【補足情報】服装: ミサキ: ピンクのスウェットトレーナーにグレーのルームパンツ、裸足（部屋着） / ひなた: ピンクのロンパース
◆【コマ構成】テンプレ1: ページ全体1コマ
◆【作画】ジャンル: 副業に最適化した統一スタイル / 作画スタイル: 親しみやすく実践的,現代的なライフスタイル表現 / 色調: 明るく前向きな色調,オレンジ・青・黄色基調,活力ある配色 / 線画: 親しみやすい柔らかな線,カジュアルで読みやすい表現 / 演出: パソコン作業,スマホ,時計,収入の可視化,ステップ図解,必要に応じて集中線,効果線,擬音などのマンガらしい演出
◆【ストーリー】
1コマ目 (ページ全体): 【感情クライマックス】暗闘の中、ひなたの寝顔を見つめるミサキの全身像。涙を流しながらも赤ちゃんの手を握っている。「何もできない自分」への悔しさと、母としての愛情が交差する1枚。第1章の締めくくり。 セリフ: なし オノマトペ: なし"
"21","テンプレ1","◆【注意】【】で囲まれた単語は感情や状況の指示であり、画像内に文字として描画しないでください
◆【絶対最優先】必ずフルカラーにしてください
◆【絶対最優先】必ず日本のアニメ・マンガ調のイラストで描いてください。実写風・フォトリアル風は禁止です。
◆【出力サイズ】9:16
◆【補足情報】上下左右に50ピクセルの余白を設けてください
◆【コマ構成】テンプレ1: ページ全体1コマ
◆【作画】ジャンル: 副業に最適化した統一スタイル / 作画スタイル: 親しみやすく実践的,現代的なライフスタイル表現 / 色調: 明るく前向きな色調,オレンジ・青・黄色基調,活力ある配色 / 線画: 親しみやすい柔らかな線,カジュアルで読みやすい表現 / 演出: パソコン作業,スマホ,時計,収入の可視化,ステップ図解,必要に応じて集中線,効果線,擬音などのマンガらしい演出
◆【ストーリー】
1コマ目 (ページ全体): 【コラム背景イラスト】テキストオーバーレイ用の背景画像。キャラクターは描画しない。人物なし。画面全体にオフィスと赤ちゃんのシルエットのイラストを美しく描く。上部30%にタイトル用の余白、中央〜下部にテキスト用の余白を確保。背景は淡い色調でテキストが読みやすいよう明度を抑える。 セリフ: なし オノマトペ: なし
◆【テキストオーバーレイ情報（EPUB製本時に使用）】タイトル: コラム：育休制度の構造的欠陥 / 本文: 「誰がカバーするのか問題」。育休取得者も残された社員もどちらも被害者。悪いのは制度設計"
"22","テンプレ1","◆【注意】【】で囲まれた単語は感情や状況の指示であり、画像内に文字として描画しないでください
◆【絶対最優先】必ずフルカラーにしてください
◆【絶対最優先】必ず日本のアニメ・マンガ調のイラストで描いてください。実写風・フォトリアル風は禁止です。
◆【絶対最優先】キャラクター外見: ミサキは添付のミサキ.pngと100%同一の外見で描画、ケンタは添付のケンタ.pngと100%同一の外見で描画
◆【出力サイズ】9:16
◆【補足情報】上下左右に50ピクセルの余白を設けてください
◆【補足情報】服装: ミサキ: ピンクのスウェットトレーナーにグレーのルームパンツ、裸足（部屋着） / ケンタ: グレーのTシャツにネイビーのスウェットパンツ、黒い靴下
◆【コマ構成】テンプレ1: ページ全体1コマ
◆【作画】ジャンル: 副業に最適化した統一スタイル / 作画スタイル: 親しみやすく実践的,現代的なライフスタイル表現 / 色調: 明るく前向きな色調,オレンジ・青・黄色基調,活力ある配色 / 線画: 親しみやすい柔らかな線,カジュアルで読みやすい表現 / 演出: パソコン作業,スマホ,時計,収入の可視化,ステップ図解,必要に応じて集中線,効果線,擬音などのマンガらしい演出
◆【ストーリー】
1コマ目 (ページ全体): 【第2章タイトル】「第2章：退職届」のタイトルページ。夜のリビング。ミサキとケンタがソファに向かい合って座っている。重い空気。テーブルの上に便箋とペン。 セリフ: なし オノマトペ: なし"
"23","テンプレ5","◆【注意】【】で囲まれた単語は感情や状況の指示であり、画像内に文字として描画しないでください
◆【絶対最優先】必ずフルカラーにしてください
◆【絶対最優先】必ず日本のアニメ・マンガ調のイラストで描いてください。実写風・フォトリアル風は禁止です。
◆【絶対最優先】キャラクター外見: ミサキは添付のミサキ.pngと100%同一の外見で描画、ケンタは添付のケンタ.pngと100%同一の外見で描画
◆【出力サイズ】9:16
◆【補足情報】上下左右に50ピクセルの余白を設けてください
◆【補足情報】服装: ミサキ: ピンクのスウェットトレーナーにグレーのルームパンツ、裸足（部屋着） / ケンタ: 紺のスーツに白ワイシャツ、ネクタイを緩めた帰宅直後の姿
◆【コマ構成】テンプレ5: 上・中・下3段
◆【作画】ジャンル: 副業に最適化した統一スタイル / 作画スタイル: 親しみやすく実践的,現代的なライフスタイル表現 / 色調: 明るく前向きな色調,オレンジ・青・黄色基調,活力ある配色 / 線画: 親しみやすい柔らかな線,カジュアルで読みやすい表現 / 演出: パソコン作業,スマホ,時計,収入の可視化,ステップ図解,必要に応じて集中線,効果線,擬音などのマンガらしい演出
◆【ストーリー】
1コマ目 (上段): 保育園の二次募集結果通知。また「不承諾」の文字。認可外も空きなしの張り紙。 セリフ: なし オノマトペ: なし
2コマ目 (中段): 夜のリビング。ケンタが珍しく早く帰宅し、ミサキに真剣な表情で話しかけている。 セリフ: ［ケンタ］の吹き出しに「一緒に考えたくて」 オノマトペ: なし
3コマ目 (下段): ミサキがうつむいている。言葉が出ない表情。 セリフ: なし オノマトペ: …"
"24","テンプレ2","◆【注意】【】で囲まれた単語は感情や状況の指示であり、画像内に文字として描画しないでください
◆【絶対最優先】必ずフルカラーにしてください
◆【絶対最優先】必ず日本のアニメ・マンガ調のイラストで描いてください。実写風・フォトリアル風は禁止です。
◆【絶対最優先】キャラクター外見: ケンタは添付のケンタ.pngと100%同一の外見で描画、ミサキは添付のミサキ.pngと100%同一の外見で描画
◆【出力サイズ】9:16
◆【補足情報】上下左右に50ピクセルの余白を設けてください
◆【補足情報】服装: ミサキ: ピンクのスウェットトレーナーにグレーのルームパンツ、裸足（部屋着） / ケンタ: グレーのTシャツにネイビーのスウェットパンツ、黒い靴下
◆【コマ構成】テンプレ2: 上下均等2分割
◆【作画】ジャンル: 副業に最適化した統一スタイル / 作画スタイル: 親しみやすく実践的,現代的なライフスタイル表現 / 色調: 明るく前向きな色調,オレンジ・青・黄色基調,活力ある配色 / 線画: 親しみやすい柔らかな線,カジュアルで読みやすい表現 / 演出: パソコン作業,スマホ,時計,収入の可視化,ステップ図解,必要に応じて集中線,効果線,擬音などのマンガらしい演出
◆【ストーリー】
1コマ目 (上段): ケンタが優しい表情でミサキの手を握っている。 セリフ: ［ケンタ］の吹き出しに「俺の給料だけでも大丈夫」 オノマトペ: なし
2コマ目 (下段): ミサキの表情のアップ。優しさに感謝しつつも、退路を塞がれた複雑な感情。 セリフ: なし オノマトペ: ズキ…"
"25","テンプレ7","◆【注意】【】で囲まれた単語は感情や状況の指示であり、画像内に文字として描画しないでください
◆【絶対最優先】必ずフルカラーにしてください
◆【絶対最優先】必ず日本のアニメ・マンガ調のイラストで描いてください。実写風・フォトリアル風は禁止です。
◆【絶対最優先】キャラクター外見: ミサキは添付のミサキ.pngと100%同一の外見で描画
◆【出力サイズ】9:16
◆【補足情報】上下左右に50ピクセルの余白を設けてください
◆【補足情報】服装: ミサキ: ボーダー柄（白と紺）のカットソーにデニムパンツ、白いスニーカー
◆【コマ構成】テンプレ7: 上段左右2コマ + 下段1コマ
◆【作画】ジャンル: 副業に最適化した統一スタイル / 作画スタイル: 親しみやすく実践的,現代的なライフスタイル表現 / 色調: 明るく前向きな色調,オレンジ・青・黄色基調,活力ある配色 / 線画: 親しみやすい柔らかな線,カジュアルで読みやすい表現 / 演出: パソコン作業,スマホ,時計,収入の可視化,ステップ図解,必要に応じて集中線,効果線,擬音などのマンガらしい演出
◆【ストーリー】
1コマ目 (上段右): 翌朝。ミサキが机に向かい、便箋にペンを走らせようとしている。 セリフ: なし オノマトペ: なし
2コマ目 (上段左): ペンを持つ手のアップ。「退職届」と書こうとして震えている。 セリフ: なし オノマトペ: プルプル…
3コマ目 (下段): 便箋に「一身上の都合により」と書かれた文字のアップ。ミサキの影が覆いかぶさっている。 セリフ: ［ミサキ（心の声）］の吹き出しに「自分のせいみたいだ」 オノマトペ: なし"
"26","テンプレ6","◆【注意】【】で囲まれた単語は感情や状況の指示であり、画像内に文字として描画しないでください
◆【絶対最優先】必ずフルカラーにしてください
◆【絶対最優先】必ず日本のアニメ・マンガ調のイラストで描いてください。実写風・フォトリアル風は禁止です。
◆【絶対最優先】キャラクター外見: ミサキは添付のミサキ.pngと100%同一の外見で描画
◆【出力サイズ】9:16
◆【補足情報】上下左右に50ピクセルの余白を設けてください
◆【補足情報】服装: ミサキ: 紺のジャケットに白ブラウス、グレーのタイトスカート、黒いパンプス（最終出社日スーツ）
◆【コマ構成】テンプレ6: 上段1コマ + 下段左右2コマ
◆【作画】ジャンル: 副業に最適化した統一スタイル / 作画スタイル: 親しみやすく実践的,現代的なライフスタイル表現 / 色調: 明るく前向きな色調,オレンジ・青・黄色基調,活力ある配色 / 線画: 親しみやすい柔らかな線,カジュアルで読みやすい表現 / 演出: パソコン作業,スマホ,時計,収入の可視化,ステップ図解,必要に応じて集中線,効果線,擬音などのマンガらしい演出
◆【ストーリー】
1コマ目 (上段): 最終出社日。ミサキがスーツ姿でオフィスの受付に立っている。来客用入館証を手渡されている。 セリフ: なし オノマトペ: なし
2コマ目 (下段右): かつてのミサキのデスク。若い女性が座っている。ミサキが遠くから見つめている。 セリフ: なし オノマトペ: なし
3コマ目 (下段左): 段ボール一つに私物を詰めるミサキの手元。5年間が段ボール一つに収まった。 セリフ: ［ミサキ］の吹き出しに「5年間が、これだけ」 オノマトペ: なし"
"27","テンプレ5","◆【注意】【】で囲まれた単語は感情や状況の指示であり、画像内に文字として描画しないでください
◆【絶対最優先】必ずフルカラーにしてください
◆【絶対最優先】必ず日本のアニメ・マンガ調のイラストで描いてください。実写風・フォトリアル風は禁止です。
◆【絶対最優先】キャラクター外見: ミサキは添付のミサキ.pngと100%同一の外見で描画、山田課長は添付の山田課長.pngと100%同一の外見で描画
◆【出力サイズ】9:16
◆【補足情報】上下左右に50ピクセルの余白を設けてください
◆【補足情報】服装: ミサキ: 紺のジャケットに白ブラウス、グレーのタイトスカート、黒いパンプス（最終出社日スーツ） / 山田課長: 紺のスーツに白シャツ（ネクタイなし）
◆【コマ構成】テンプレ5: 上・中・下3段
◆【作画】ジャンル: 副業に最適化した統一スタイル / 作画スタイル: 親しみやすく実践的,現代的なライフスタイル表現 / 色調: 明るく前向きな色調,オレンジ・青・黄色基調,活力ある配色 / 線画: 親しみやすい柔らかな線,カジュアルで読みやすい表現 / 演出: パソコン作業,スマホ,時計,収入の可視化,ステップ図解,必要に応じて集中線,効果線,擬音などのマンガらしい演出
◆【ストーリー】
1コマ目 (上段): 山田課長がミサキに声をかけている。穏やかだが形式的な笑顔。 セリフ: ［山田課長］の吹き出しに「また戻っておいでよ」 オノマトペ: なし
2コマ目 (中段): 同期の加藤さんがミサキを見送っている。 セリフ: ［加藤］の吹き出しに「また会おうね」 オノマトペ: なし
3コマ目 (下段): ミサキが心の中で思っている。淡い笑顔。 セリフ: ［ミサキ（心の声）］の吹き出しに「行かないだろうな」 オノマトペ: なし"
"28","テンプレ1","◆【注意】【】で囲まれた単語は感情や状況の指示であり、画像内に文字として描画しないでください
◆【絶対最優先】必ずフルカラーにしてください
◆【絶対最優先】必ず日本のアニメ・マンガ調のイラストで描いてください。実写風・フォトリアル風は禁止です。
◆【絶対最優先】キャラクター外見: ミサキは添付のミサキ.pngと100%同一の外見で描画
◆【出力サイズ】9:16
◆【補足情報】上下左右に50ピクセルの余白を設けてください
◆【補足情報】服装: ミサキ: 紺のジャケットに白ブラウス、グレーのタイトスカート、黒いパンプス（最終出社日スーツ）
◆【コマ構成】テンプレ1: ページ全体1コマ
◆【作画】ジャンル: 副業に最適化した統一スタイル / 作画スタイル: 親しみやすく実践的,現代的なライフスタイル表現 / 色調: 明るく前向きな色調,オレンジ・青・黄色基調,活力ある配色 / 線画: 親しみやすい柔らかな線,カジュアルで読みやすい表現 / 演出: パソコン作業,スマホ,時計,収入の可視化,ステップ図解,必要に応じて集中線,効果線,擬音などのマンガらしい演出
◆【ストーリー】
1コマ目 (ページ全体): 【インパクト】オフィスビルの外。ミサキが段ボールを抱えて立ち止まり、8階の窓を見上げている。もう自分の居場所はない。涙は出なかった。出ないことが一番つらかった。風が髪を揺らしている。 セリフ: なし オノマトペ: なし"
"29","テンプレ7","◆【注意】【】で囲まれた単語は感情や状況の指示であり、画像内に文字として描画しないでください
◆【絶対最優先】必ずフルカラーにしてください
◆【絶対最優先】必ず日本のアニメ・マンガ調のイラストで描いてください。実写風・フォトリアル風は禁止です。
◆【絶対最優先】キャラクター外見: ミサキは添付のミサキ.pngと100%同一の外見で描画、ひなたは添付のひなた_赤ちゃん期.pngと100%同一の外見で描画
◆【出力サイズ】9:16
◆【補足情報】上下左右に50ピクセルの余白を設けてください
◆【補足情報】服装: ミサキ: 紺のジャケットに白ブラウス、グレーのタイトスカート、黒いパンプス（最終出社日スーツ） / ひなた: ピンクのロンパース
◆【コマ構成】テンプレ7: 上段左右2コマ + 下段1コマ
◆【作画】ジャンル: 副業に最適化した統一スタイル / 作画スタイル: 親しみやすく実践的,現代的なライフスタイル表現 / 色調: 明るく前向きな色調,オレンジ・青・黄色基調,活力ある配色 / 線画: 親しみやすい柔らかな線,カジュアルで読みやすい表現 / 演出: パソコン作業,スマホ,時計,収入の可視化,ステップ図解,必要に応じて集中線,効果線,擬音などのマンガらしい演出
◆【ストーリー】
1コマ目 (上段右): 家に帰ったミサキ。誰もいないリビングに「ただいま」と言う。 セリフ: ［ミサキ］の吹き出しに「ただいま」 オノマトペ: シーン…
2コマ目 (上段左): 名刺入れから名刺を取り出す手元。「佐藤ミサキ 経理部」の文字。 セリフ: なし オノマトペ: なし
3コマ目 (下段): ひなたがミサキに手を伸ばしている。ミサキが複雑な表情でひなたを見つめる。 セリフ: ［ミサキ（心の声）］の吹き出しに「ママだけが私の全て？」 オノマトペ: なし"
"30","テンプレ4","◆【注意】【】で囲まれた単語は感情や状況の指示であり、画像内に文字として描画しないでください
◆【絶対最優先】必ずフルカラーにしてください
◆【絶対最優先】必ず日本のアニメ・マンガ調のイラストで描いてください。実写風・フォトリアル風は禁止です。
◆【絶対最優先】キャラクター外見: ミサキは添付のミサキ.pngと100%同一の外見で描画
◆【出力サイズ】9:16
◆【補足情報】上下左右に50ピクセルの余白を設けてください
◆【補足情報】服装: ミサキ: ピンクのスウェットトレーナーにグレーのルームパンツ、裸足（部屋着）
◆【コマ構成】テンプレ4: 上段大→下段小
◆【作画】ジャンル: 副業に最適化した統一スタイル / 作画スタイル: 親しみやすく実践的,現代的なライフスタイル表現 / 色調: 明るく前向きな色調,オレンジ・青・黄色基調,活力ある配色 / 線画: 親しみやすい柔らかな線,カジュアルで読みやすい表現 / 演出: パソコン作業,スマホ,時計,収入の可視化,ステップ図解,必要に応じて集中線,効果線,擬音などのマンガらしい演出
◆【ストーリー】
1コマ目 (上段大): 夜。ミサキがスマホでSNSを見ている。画面に同僚の昇進報告、友人の転職報告が並ぶ。みんな前に進んでいる。 セリフ: なし オノマトペ: スクロール…
2コマ目 (下段小): スマホの暗い画面にミサキ自身の顔が映っている。虚ろな表情。 セリフ: ［ミサキ］の吹き出しに「私、何者なんだろう」 オノマトペ: なし"
"31","テンプレ3","◆【注意】【】で囲まれた単語は感情や状況の指示であり、画像内に文字として描画しないでください
◆【絶対最優先】必ずフルカラーにしてください
◆【絶対最優先】必ず日本のアニメ・マンガ調のイラストで描いてください。実写風・フォトリアル風は禁止です。
◆【絶対最優先】キャラクター外見: ミサキは添付のミサキ.pngと100%同一の外見で描画
◆【出力サイズ】9:16
◆【補足情報】上下左右に50ピクセルの余白を設けてください
◆【補足情報】服装: ミサキ: ボーダー柄（白と紺）のカットソーにデニムパンツ、白いスニーカー
◆【コマ構成】テンプレ3: 上段小→下段大
◆【作画】ジャンル: 副業に最適化した統一スタイル / 作画スタイル: 親しみやすく実践的,現代的なライフスタイル表現 / 色調: 明るく前向きな色調,オレンジ・青・黄色基調,活力ある配色 / 線画: 親しみやすい柔らかな線,カジュアルで読みやすい表現 / 演出: パソコン作業,スマホ,時計,収入の可視化,ステップ図解,必要に応じて集中線,効果線,擬音などのマンガらしい演出
◆【ストーリー】
1コマ目 (上段小): 退職届の封筒のアップ。きれいに封がされている。 セリフ: なし オノマトペ: なし
2コマ目 (下段大): ミサキの手のアップ。もう震えていない。震えないことが怖い、という表情。背景に静けさを表す空白。 セリフ: ［ミサキ（心の声）］の吹き出しに「震えないことが怖い」 オノマトペ: なし"
"32","テンプレ1","◆【注意】【】で囲まれた単語は感情や状況の指示であり、画像内に文字として描画しないでください
◆【絶対最優先】必ずフルカラーにしてください
◆【絶対最優先】必ず日本のアニメ・マンガ調のイラストで描いてください。実写風・フォトリアル風は禁止です。
◆【絶対最優先】キャラクター外見: ミサキは添付のミサキ.pngと100%同一の外見で描画
◆【出力サイズ】9:16
◆【補足情報】上下左右に50ピクセルの余白を設けてください
◆【補足情報】服装: ミサキ: ピンクのスウェットトレーナーにグレーのルームパンツ、裸足（部屋着）
◆【コマ構成】テンプレ1: ページ全体1コマ
◆【作画】ジャンル: 副業に最適化した統一スタイル / 作画スタイル: 親しみやすく実践的,現代的なライフスタイル表現 / 色調: 明るく前向きな色調,オレンジ・青・黄色基調,活力ある配色 / 線画: 親しみやすい柔らかな線,カジュアルで読みやすい表現 / 演出: パソコン作業,スマホ,時計,収入の可視化,ステップ図解,必要に応じて集中線,効果線,擬音などのマンガらしい演出
◆【ストーリー】
1コマ目 (ページ全体): 【感情クライマックス】暗い部屋でスマホの画面に映る自分の顔を見つめるミサキ。「何者でもない自分」への恐怖。周囲にSNSの投稿が浮かぶ演出。みんなが前に進む中、自分だけが止まっている孤独感。第2章の締めくくり。 セリフ: なし オノマトペ: なし"
"33","テンプレ1","◆【注意】【】で囲まれた単語は感情や状況の指示であり、画像内に文字として描画しないでください
◆【絶対最優先】必ずフルカラーにしてください
◆【絶対最優先】必ず日本のアニメ・マンガ調のイラストで描いてください。実写風・フォトリアル風は禁止です。
◆【出力サイズ】9:16
◆【補足情報】上下左右に50ピクセルの余白を設けてください
◆【コマ構成】テンプレ1: ページ全体1コマ
◆【作画】ジャンル: 副業に最適化した統一スタイル / 作画スタイル: 親しみやすく実践的,現代的なライフスタイル表現 / 色調: 明るく前向きな色調,オレンジ・青・黄色基調,活力ある配色 / 線画: 親しみやすい柔らかな線,カジュアルで読みやすい表現 / 演出: パソコン作業,スマホ,時計,収入の可視化,ステップ図解,必要に応じて集中線,効果線,擬音などのマンガらしい演出
◆【ストーリー】
1コマ目 (ページ全体): 【コラム背景イラスト】テキストオーバーレイ用の背景画像。キャラクターは描画しない。人物なし。画面全体に名刺とシルエットのイラストを美しく描く。上部30%にタイトル用の余白、中央〜下部にテキスト用の余白を確保。背景は淡い色調でテキストが読みやすいよう明度を抑える。 セリフ: なし オノマトペ: なし
◆【テキストオーバーレイ情報（EPUB製本時に使用）】タイトル: コラム：アイデンティティの喪失 / 本文: 「何者か」を会社に預けていた日本社会の構造。「会社員」以外の自分を想像できない問題。本当は「会社員」は働き方の一つに過ぎない"
"34","テンプレ1","◆【注意】【】で囲まれた単語は感情や状況の指示であり、画像内に文字として描画しないでください
◆【絶対最優先】必ずフルカラーにしてください
◆【絶対最優先】必ず日本のアニメ・マンガ調のイラストで描いてください。実写風・フォトリアル風は禁止です。
◆【出力サイズ】9:16
◆【補足情報】上下左右に50ピクセルの余白を設けてください
◆【コマ構成】テンプレ1: ページ全体1コマ
◆【作画】ジャンル: 副業に最適化した統一スタイル / 作画スタイル: 親しみやすく実践的,現代的なライフスタイル表現 / 色調: 明るく前向きな色調,オレンジ・青・黄色基調,活力ある配色 / 線画: 親しみやすい柔らかな線,カジュアルで読みやすい表現 / 演出: パソコン作業,スマホ,時計,収入の可視化,ステップ図解,必要に応じて集中線,効果線,擬音などのマンガらしい演出
◆【ストーリー】
1コマ目 (ページ全体): 【コラム背景イラスト】テキストオーバーレイ用の背景画像。キャラクターは描画しない。人物なし。画面全体に分岐する道のイラストを美しく描く。上部30%にタイトル用の余白、中央〜下部にテキスト用の余白を確保。背景は淡い色調でテキストが読みやすいよう明度を抑える。 セリフ: なし オノマトペ: なし
◆【テキストオーバーレイ情報（EPUB製本時に使用）】タイトル: コラム：キャリアの再定義に向けて / 本文: 退職は終わりではなく自分で選ぶキャリアの始まり。フリーランス、副業、個人事業という選択肢。働き方は一つではない"
"35","テンプレ1","◆【注意】【】で囲まれた単語は感情や状況の指示であり、画像内に文字として描画しないでください
◆【絶対最優先】必ずフルカラーにしてください
◆【絶対最優先】必ず日本のアニメ・マンガ調のイラストで描いてください。実写風・フォトリアル風は禁止です。
◆【絶対最優先】キャラクター外見: ミサキは添付のミサキ.pngと100%同一の外見で描画
◆【出力サイズ】9:16
◆【補足情報】上下左右に50ピクセルの余白を設けてください
◆【補足情報】服装: ミサキ: ボーダー柄（白と紺）のカットソーにデニムパンツ、白いスニーカー
◆【コマ構成】テンプレ1: ページ全体1コマ
◆【作画】ジャンル: 副業に最適化した統一スタイル / 作画スタイル: 親しみやすく実践的,現代的なライフスタイル表現 / 色調: 明るく前向きな色調,オレンジ・青・黄色基調,活力ある配色 / 線画: 親しみやすい柔らかな線,カジュアルで読みやすい表現 / 演出: パソコン作業,スマホ,時計,収入の可視化,ステップ図解,必要に応じて集中線,効果線,擬音などのマンガらしい演出
◆【ストーリー】
1コマ目 (ページ全体): 【第3章タイトル】「第3章：ワンオペと通帳残高」のタイトルページ。ミサキが朝6時に起きて、おむつ替え、ミルク、洗濯を同時にこなしている。時計、哺乳瓶、洗濯物が背景に。ワンオペ育児の日常。 セリフ: なし オノマトペ: なし"
"36","テンプレ5","◆【注意】【】で囲まれた単語は感情や状況の指示であり、画像内に文字として描画しないでください
◆【絶対最優先】必ずフルカラーにしてください
◆【絶対最優先】必ず日本のアニメ・マンガ調のイラストで描いてください。実写風・フォトリアル風は禁止です。
◆【絶対最優先】キャラクター外見: ミサキは添付のミサキ.pngと100%同一の外見で描画
◆【出力サイズ】9:16
◆【補足情報】上下左右に50ピクセルの余白を設けてください
◆【補足情報】服装: ミサキ: ボーダー柄（白と紺）のカットソーにデニムパンツ、白いスニーカー / ケンタ: 紺のスーツに白ワイシャツ、ネクタイを緩めた帰宅直後の姿
◆【コマ構成】テンプレ5: 上・中・下3段
◆【作画】ジャンル: 副業に最適化した統一スタイル / 作画スタイル: 親しみやすく実践的,現代的なライフスタイル表現 / 色調: 明るく前向きな色調,オレンジ・青・黄色基調,活力ある配色 / 線画: 親しみやすい柔らかな線,カジュアルで読みやすい表現 / 演出: パソコン作業,スマホ,時計,収入の可視化,ステップ図解,必要に応じて集中線,効果線,擬音などのマンガらしい演出
◆【ストーリー】
1コマ目 (上段): 朝6時。目覚まし時計のアップ。ミサキが起き上がる。 セリフ: なし オノマトペ: ピピピ
2コマ目 (中段): ミサキがおむつを替え、ミルクを作り、離乳食を準備している忙しいモンタージュ。 セリフ: なし オノマトペ: バタバタ
3コマ目 (下段): 夜22時。ケンタが帰宅。疲れた表情の二人。 セリフ: ［ケンタ］の吹き出しに「お疲れ様」 オノマトペ: ガチャ"
"37","テンプレ7","◆【注意】【】で囲まれた単語は感情や状況の指示であり、画像内に文字として描画しないでください
◆【絶対最優先】必ずフルカラーにしてください
◆【絶対最優先】必ず日本のアニメ・マンガ調のイラストで描いてください。実写風・フォトリアル風は禁止です。
◆【絶対最優先】キャラクター外見: ミサキは添付のミサキ.pngと100%同一の外見で描画
◆【出力サイズ】9:16
◆【補足情報】上下左右に50ピクセルの余白を設けてください
◆【補足情報】服装: ミサキ: ベージュのカーディガンに白Tシャツ、デニムパンツ、白いスニーカー（外出着）
◆【コマ構成】テンプレ7: 上段左右2コマ + 下段1コマ
◆【作画】ジャンル: 副業に最適化した統一スタイル / 作画スタイル: 親しみやすく実践的,現代的なライフスタイル表現 / 色調: 明るく前向きな色調,オレンジ・青・黄色基調,活力ある配色 / 線画: 親しみやすい柔らかな線,カジュアルで読みやすい表現 / 演出: パソコン作業,スマホ,時計,収入の可視化,ステップ図解,必要に応じて集中線,効果線,擬音などのマンガらしい演出
◆【ストーリー】
1コマ目 (上段右): 銀行のATMでミサキが通帳を記帳している。 セリフ: なし オノマトペ: ウィーン
2コマ目 (上段左): 通帳のアップ。給与振込が先月で止まっている。残高が減っていく数字の列。 セリフ: なし オノマトペ: なし
3コマ目 (下段): ミサキが通帳を見つめて青ざめている。背景に暗い影。 セリフ: なし オノマトペ: ゾクッ"
"38","テンプレ6","◆【注意】【】で囲まれた単語は感情や状況の指示であり、画像内に文字として描画しないでください
◆【絶対最優先】必ずフルカラーにしてください
◆【絶対最優先】必ず日本のアニメ・マンガ調のイラストで描いてください。実写風・フォトリアル風は禁止です。
◆【絶対最優先】キャラクター外見: ミサキは添付のミサキ.pngと100%同一の外見で描画、ケンタは添付のケンタ.pngと100%同一の外見で描画
◆【出力サイズ】9:16
◆【補足情報】上下左右に50ピクセルの余白を設けてください
◆【補足情報】服装: ミサキ: ボーダー柄（白と紺）のカットソーにデニムパンツ、白いスニーカー / ケンタ: グレーのTシャツにネイビーのスウェットパンツ、黒い靴下
◆【コマ構成】テンプレ6: 上段1コマ + 下段左右2コマ
◆【作画】ジャンル: 副業に最適化した統一スタイル / 作画スタイル: 親しみやすく実践的,現代的なライフスタイル表現 / 色調: 明るく前向きな色調,オレンジ・青・黄色基調,活力ある配色 / 線画: 親しみやすい柔らかな線,カジュアルで読みやすい表現 / 演出: パソコン作業,スマホ,時計,収入の可視化,ステップ図解,必要に応じて集中線,効果線,擬音などのマンガらしい演出
◆【ストーリー】
1コマ目 (上段): リビングのソファ。ケンタがミサキに気遣って話しかけている。 セリフ: ［ケンタ］の吹き出しに「家計のこと、気にしてる？」 オノマトペ: なし
2コマ目 (下段右): ミサキが笑顔を作って答える。 セリフ: ［ミサキ］の吹き出しに「大丈夫だよ」 オノマトペ: なし
3コマ目 (下段左): ケンタが真剣な表情で言う。 セリフ: ［ケンタ］の吹き出しに「嘘つくなよ」 オノマトペ: なし"
"39","テンプレ2","◆【注意】【】で囲まれた単語は感情や状況の指示であり、画像内に文字として描画しないでください
◆【絶対最優先】必ずフルカラーにしてください
◆【絶対最優先】必ず日本のアニメ・マンガ調のイラストで描いてください。実写風・フォトリアル風は禁止です。
◆【絶対最優先】キャラクター外見: ケンタは添付のケンタ.pngと100%同一の外見で描画、ミサキは添付のミサキ.pngと100%同一の外見で描画
◆【出力サイズ】9:16
◆【補足情報】上下左右に50ピクセルの余白を設けてください
◆【補足情報】服装: ミサキ: ボーダー柄（白と紺）のカットソーにデニムパンツ、白いスニーカー / ケンタ: グレーのTシャツにネイビーのスウェットパンツ、黒い靴下
◆【コマ構成】テンプレ2: 上下均等2分割
◆【作画】ジャンル: 副業に最適化した統一スタイル / 作画スタイル: 親しみやすく実践的,現代的なライフスタイル表現 / 色調: 明るく前向きな色調,オレンジ・青・黄色基調,活力ある配色 / 線画: 親しみやすい柔らかな線,カジュアルで読みやすい表現 / 演出: パソコン作業,スマホ,時計,収入の可視化,ステップ図解,必要に応じて集中線,効果線,擬音などのマンガらしい演出
◆【ストーリー】
1コマ目 (上段): ケンタが穏やかに言う。優しい目。 セリフ: ［ケンタ］の吹き出しに「そばにいてくれるだけで十分」 オノマトペ: なし
2コマ目 (下段): ミサキの表情アップ。嬉しさと同時に刺さっている。善意の言葉が深く突き刺さる。 セリフ: ［ミサキ（心の声）］の吹き出しに「他に何もできないって事？」 オノマトペ: ズキン"
"40","テンプレ5","◆【注意】【】で囲まれた単語は感情や状況の指示であり、画像内に文字として描画しないでください
◆【絶対最優先】必ずフルカラーにしてください
◆【絶対最優先】必ず日本のアニメ・マンガ調のイラストで描いてください。実写風・フォトリアル風は禁止です。
◆【絶対最優先】キャラクター外見: ミサキは添付のミサキ.pngと100%同一の外見で描画
◆【出力サイズ】9:16
◆【補足情報】上下左右に50ピクセルの余白を設けてください
◆【補足情報】服装: ミサキ: ピンクのスウェットトレーナーにグレーのルームパンツ、裸足（部屋着）
◆【コマ構成】テンプレ5: 上・中・下3段
◆【作画】ジャンル: 副業に最適化した統一スタイル / 作画スタイル: 親しみやすく実践的,現代的なライフスタイル表現 / 色調: 明るく前向きな色調,オレンジ・青・黄色基調,活力ある配色 / 線画: 親しみやすい柔らかな線,カジュアルで読みやすい表現 / 演出: パソコン作業,スマホ,時計,収入の可視化,ステップ図解,必要に応じて集中線,効果線,擬音などのマンガらしい演出
◆【ストーリー】
1コマ目 (上段): 夜中のリビング。ミサキがスマホで検索している。画面に「在宅ワーク 育児中 稼げる」。 セリフ: なし オノマトペ: カチカチ
2コマ目 (中段): 検索結果画面。データ入力月2〜3万、クラウドソーシング、ライティング、デザイン、プログラミングの文字が並ぶ。 セリフ: なし オノマトペ: なし
3コマ目 (下段): ミサキの暗い表情。何度も同じ検索を繰り返している。 セリフ: ［ミサキ］の吹き出しに「事務しかやったことない」 オノマトペ: …"
"41","テンプレ4","◆【注意】【】で囲まれた単語は感情や状況の指示であり、画像内に文字として描画しないでください
◆【絶対最優先】必ずフルカラーにしてください
◆【絶対最優先】必ず日本のアニメ・マンガ調のイラストで描いてください。実写風・フォトリアル風は禁止です。
◆【絶対最優先】キャラクター外見: ミサキは添付のミサキ.pngと100%同一の外見で描画
◆【出力サイズ】9:16
◆【補足情報】上下左右に50ピクセルの余白を設けてください
◆【補足情報】服装: ミサキ: ピンクのスウェットトレーナーにグレーのルームパンツ、裸足（部屋着）
◆【コマ構成】テンプレ4: 上段大→下段小
◆【作画】ジャンル: 副業に最適化した統一スタイル / 作画スタイル: 親しみやすく実践的,現代的なライフスタイル表現 / 色調: 明るく前向きな色調,オレンジ・青・黄色基調,活力ある配色 / 線画: 親しみやすい柔らかな線,カジュアルで読みやすい表現 / 演出: パソコン作業,スマホ,時計,収入の可視化,ステップ図解,必要に応じて集中線,効果線,擬音などのマンガらしい演出
◆【ストーリー】
1コマ目 (上段大): ミサキが暗い部屋で膝を抱えている。泣く気力もない。涙は希望があるときに出る。「こうなりたい」が見えなくなっている。 セリフ: なし オノマトペ: なし
2コマ目 (下段小): ミサキの目のアップ。涙は出ていないが、焦りだけが確かにある。 セリフ: ［ミサキ（心の声）］の吹き出しに「このままじゃ無理だ」 オノマトペ: なし"
"42","テンプレ3","◆【注意】【】で囲まれた単語は感情や状況の指示であり、画像内に文字として描画しないでください
◆【絶対最優先】必ずフルカラーにしてください
◆【絶対最優先】必ず日本のアニメ・マンガ調のイラストで描いてください。実写風・フォトリアル風は禁止です。
◆【絶対最優先】キャラクター外見: ミサキは添付のミサキ.pngと100%同一の外見で描画
◆【出力サイズ】9:16
◆【補足情報】上下左右に50ピクセルの余白を設けてください
◆【補足情報】服装: ミサキ: ベージュのカーディガンに白Tシャツ、デニムパンツ、白いスニーカー（外出着）
◆【コマ構成】テンプレ3: 上段小→下段大
◆【作画】ジャンル: 副業に最適化した統一スタイル / 作画スタイル: 親しみやすく実践的,現代的なライフスタイル表現 / 色調: 明るく前向きな色調,オレンジ・青・黄色基調,活力ある配色 / 線画: 親しみやすい柔らかな線,カジュアルで読みやすい表現 / 演出: パソコン作業,スマホ,時計,収入の可視化,ステップ図解,必要に応じて集中線,効果線,擬音などのマンガらしい演出
◆【ストーリー】
1コマ目 (上段小): 美容院に行っていないミサキの髪。鏡に映る疲れた顔。 セリフ: なし オノマトペ: なし
2コマ目 (下段大): ママ友のランチの誘いをスマホで断るミサキ。「ごめんね、今月はちょっと…」と打っている画面。「自分で稼いでいない」ことがじわじわと蝕んでいる。 セリフ: なし オノマトペ: なし"
"43","テンプレ6","◆【注意】【】で囲まれた単語は感情や状況の指示であり、画像内に文字として描画しないでください
◆【絶対最優先】必ずフルカラーにしてください
◆【絶対最優先】必ず日本のアニメ・マンガ調のイラストで描いてください。実写風・フォトリアル風は禁止です。
◆【絶対最優先】キャラクター外見: ミサキは添付のミサキ.pngと100%同一の外見で描画
◆【出力サイズ】9:16
◆【補足情報】上下左右に50ピクセルの余白を設けてください
◆【補足情報】服装: ミサキ: ピンクのスウェットトレーナーにグレーのルームパンツ、裸足（部屋着）
◆【コマ構成】テンプレ6: 上段1コマ + 下段左右2コマ
◆【作画】ジャンル: 副業に最適化した統一スタイル / 作画スタイル: 親しみやすく実践的,現代的なライフスタイル表現 / 色調: 明るく前向きな色調,オレンジ・青・黄色基調,活力ある配色 / 線画: 親しみやすい柔らかな線,カジュアルで読みやすい表現 / 演出: パソコン作業,スマホ,時計,収入の可視化,ステップ図解,必要に応じて集中線,効果線,擬音などのマンガらしい演出
◆【ストーリー】
1コマ目 (上段): 毎日同じループを表すモンタージュ。時計の針が回る演出。6時起床→おむつ→ミルク→洗濯→掃除。 セリフ: なし オノマトペ: ぐるぐる
2コマ目 (下段右): 減っていく通帳残高のアップ。赤い下向き矢印。 セリフ: なし オノマトペ: なし
3コマ目 (下段左): 暗い部屋でうつむくミサキ。でも焦りだけは確かにある表情。 セリフ: なし オノマトペ: なし"
"44","テンプレ1","◆【注意】【】で囲まれた単語は感情や状況の指示であり、画像内に文字として描画しないでください
◆【絶対最優先】必ずフルカラーにしてください
◆【絶対最優先】必ず日本のアニメ・マンガ調のイラストで描いてください。実写風・フォトリアル風は禁止です。
◆【絶対最優先】キャラクター外見: ミサキは添付のミサキ.pngと100%同一の外見で描画
◆【出力サイズ】9:16
◆【補足情報】上下左右に50ピクセルの余白を設けてください
◆【補足情報】服装: ミサキ: ピンクのスウェットトレーナーにグレーのルームパンツ、裸足（部屋着）
◆【コマ構成】テンプレ1: ページ全体1コマ
◆【作画】ジャンル: 副業に最適化した統一スタイル / 作画スタイル: 親しみやすく実践的,現代的なライフスタイル表現 / 色調: 明るく前向きな色調,オレンジ・青・黄色基調,活力ある配色 / 線画: 親しみやすい柔らかな線,カジュアルで読みやすい表現 / 演出: パソコン作業,スマホ,時計,収入の可視化,ステップ図解,必要に応じて集中線,効果線,擬音などのマンガらしい演出
◆【ストーリー】
1コマ目 (ページ全体): 【感情クライマックス】暗い部屋で膝を抱えるミサキ。泣く気力もない。でも「このままじゃ無理だ」という焦りの炎が小さく灯っている演出。第3章の締めくくり。 セリフ: なし オノマトペ: なし"
"45","テンプレ1","◆【注意】【】で囲まれた単語は感情や状況の指示であり、画像内に文字として描画しないでください
◆【絶対最優先】必ずフルカラーにしてください
◆【絶対最優先】必ず日本のアニメ・マンガ調のイラストで描いてください。実写風・フォトリアル風は禁止です。
◆【出力サイズ】9:16
◆【補足情報】上下左右に50ピクセルの余白を設けてください
◆【コマ構成】テンプレ1: ページ全体1コマ
◆【作画】ジャンル: 副業に最適化した統一スタイル / 作画スタイル: 親しみやすく実践的,現代的なライフスタイル表現 / 色調: 明るく前向きな色調,オレンジ・青・黄色基調,活力ある配色 / 線画: 親しみやすい柔らかな線,カジュアルで読みやすい表現 / 演出: パソコン作業,スマホ,時計,収入の可視化,ステップ図解,必要に応じて集中線,効果線,擬音などのマンガらしい演出
◆【ストーリー】
1コマ目 (ページ全体): 【コラム背景イラスト】テキストオーバーレイ用の背景画像。キャラクターは描画しない。人物なし。画面全体にスキルマップのイラストを美しく描く。上部30%にタイトル用の余白、中央〜下部にテキスト用の余白を確保。背景は淡い色調でテキストが読みやすいよう明度を抑える。 セリフ: なし オノマトペ: なし
◆【テキストオーバーレイ情報（EPUB製本時に使用）】タイトル: コラム：事務職スキルの棚卸し / 本文: 正確な書類作成、Excel管理、スケジュール管理、コミュニケーション。本質は情報整理力・段取り力。「誰でもできる」ように見えるのは「できる人がやっているから」。可能性を狭めているのは市場ではなく自分自身"
"46","テンプレ1","◆【注意】【】で囲まれた単語は感情や状況の指示であり、画像内に文字として描画しないでください
◆【絶対最優先】必ずフルカラーにしてください
◆【絶対最優先】必ず日本のアニメ・マンガ調のイラストで描いてください。実写風・フォトリアル風は禁止です。
◆【絶対最優先】キャラクター外見: ミサキは添付のミサキ.pngと100%同一の外見で描画
◆【出力サイズ】9:16
◆【補足情報】上下左右に50ピクセルの余白を設けてください
◆【補足情報】服装: ミサキ: ピンクのスウェットトレーナーにグレーのルームパンツ、裸足（部屋着）
◆【コマ構成】テンプレ1: ページ全体1コマ
◆【作画】ジャンル: 副業に最適化した統一スタイル / 作画スタイル: 親しみやすく実践的,現代的なライフスタイル表現 / 色調: 明るく前向きな色調,オレンジ・青・黄色基調,活力ある配色 / 線画: 親しみやすい柔らかな線,カジュアルで読みやすい表現 / 演出: パソコン作業,スマホ,時計,収入の可視化,ステップ図解,必要に応じて集中線,効果線,擬音などのマンガらしい演出
◆【ストーリー】
1コマ目 (ページ全体): 【第4章タイトル】「第4章：画面の向こうの先輩」のタイトルページ。深夜2時。ミサキがスマホを見つめている。画面にブログ記事が映っている。暗い部屋にスマホの光だけが希望のように差し込む。 セリフ: なし オノマトペ: なし"
"47","テンプレ5","◆【注意】【】で囲まれた単語は感情や状況の指示であり、画像内に文字として描画しないでください
◆【絶対最優先】必ずフルカラーにしてください
◆【絶対最優先】必ず日本のアニメ・マンガ調のイラストで描いてください。実写風・フォトリアル風は禁止です。
◆【絶対最優先】キャラクター外見: ミサキは添付のミサキ.pngと100%同一の外見で描画、ひなたは添付のひなた_赤ちゃん期.pngと100%同一の外見で描画
◆【出力サイズ】9:16
◆【補足情報】上下左右に50ピクセルの余白を設けてください
◆【補足情報】服装: ミサキ: ピンクのスウェットトレーナーにグレーのルームパンツ、裸足（部屋着） / ひなた: ピンクのロンパース
◆【コマ構成】テンプレ5: 上・中・下3段
◆【作画】ジャンル: 副業に最適化した統一スタイル / 作画スタイル: 親しみやすく実践的,現代的なライフスタイル表現 / 色調: 明るく前向きな色調,オレンジ・青・黄色基調,活力ある配色 / 線画: 親しみやすい柔らかな線,カジュアルで読みやすい表現 / 演出: パソコン作業,スマホ,時計,収入の可視化,ステップ図解,必要に応じて集中線,効果線,擬音などのマンガらしい演出
◆【ストーリー】
1コマ目 (上段): 深夜2時。ひなたの夜泣きで目が覚めるミサキ。暗い部屋。 セリフ: なし オノマトペ: おぎゃあ…
2コマ目 (中段): ひなたを寝かしつけた後、スマホをスクロールしているミサキ。SNS広告が目に入る。 セリフ: なし オノマトペ: スクロール…
3コマ目 (下段): スマホ画面のアップ。「非エンジニアの僕がAIで月10万稼いだ方法」の記事タイトル。「元営業マンが語る」の一行。 セリフ: ［ミサキ（心の声）］の吹き出しに「エンジニアじゃないんだ」 オノマトペ: ピタッ"
"48","テンプレ7","◆【注意】【】で囲まれた単語は感情や状況の指示であり、画像内に文字として描画しないでください
◆【絶対最優先】必ずフルカラーにしてください
◆【絶対最優先】必ず日本のアニメ・マンガ調のイラストで描いてください。実写風・フォトリアル風は禁止です。
◆【絶対最優先】キャラクター外見: ミサキは添付のミサキ.pngと100%同一の外見で描画、タクヤは添付のタクヤ.pngと100%同一の外見で描画
◆【出力サイズ】9:16
◆【補足情報】上下左右に50ピクセルの余白を設けてください
◆【補足情報】服装: ミサキ: ピンクのスウェットトレーナーにグレーのルームパンツ、裸足（部屋着） / タクヤ: 白い無地のシャツにベージュのチノパン、茶色の革靴
◆【コマ構成】テンプレ7: 上段左右2コマ + 下段1コマ
◆【作画】ジャンル: 副業に最適化した統一スタイル / 作画スタイル: 親しみやすく実践的,現代的なライフスタイル表現 / 色調: 明るく前向きな色調,オレンジ・青・黄色基調,活力ある配色 / 線画: 親しみやすい柔らかな線,カジュアルで読みやすい表現 / 演出: パソコン作業,スマホ,時計,収入の可視化,ステップ図解,必要に応じて集中線,効果線,擬音などのマンガらしい演出
◆【ストーリー】
1コマ目 (上段右): ミサキがブログを読んでいる。画面にタクヤの自己紹介。「佐々木拓也、42歳。元メーカーの営業職」。 セリフ: なし オノマトペ: なし
2コマ目 (上段左): ブログの内容。「WordとExcelしか使えない40手前のおっさんが、なぜ独立できたか」。素朴な文章。高級時計の写真もない。 セリフ: なし オノマトペ: なし
3コマ目 (下段): ミサキが考え込んでいる。「WordとExcelしか使えない」が頭から離れない。 セリフ: ［ミサキ（心の声）］の吹き出しに「私と、そう遠くない…」 オノマトペ: なし"
"49","テンプレ2","◆【注意】【】で囲まれた単語は感情や状況の指示であり、画像内に文字として描画しないでください
◆【絶対最優先】必ずフルカラーにしてください
◆【絶対最優先】必ず日本のアニメ・マンガ調のイラストで描いてください。実写風・フォトリアル風は禁止です。
◆【絶対最優先】キャラクター外見: ミサキは添付のミサキ.pngと100%同一の外見で描画、ひなたは添付のひなた_赤ちゃん期.pngと100%同一の外見で描画
◆【出力サイズ】9:16
◆【補足情報】上下左右に50ピクセルの余白を設けてください
◆【補足情報】服装: ミサキ: ピンクのスウェットトレーナーにグレーのルームパンツ、裸足（部屋着） / ひなた: ピンクのロンパース
◆【コマ構成】テンプレ2: 上下均等2分割
◆【作画】ジャンル: 副業に最適化した統一スタイル / 作画スタイル: 親しみやすく実践的,現代的なライフスタイル表現 / 色調: 明るく前向きな色調,オレンジ・青・黄色基調,活力ある配色 / 線画: 親しみやすい柔らかな線,カジュアルで読みやすい表現 / 演出: パソコン作業,スマホ,時計,収入の可視化,ステップ図解,必要に応じて集中線,効果線,擬音などのマンガらしい演出
◆【ストーリー】
1コマ目 (上段): 翌日、もう一度ブログを読むミサキ。昼間のリビング。ひなたが隣で遊んでいる。 セリフ: なし オノマトペ: なし
2コマ目 (下段): 無料ウェビナーの申し込みボタンに指を伸ばすミサキ。決心した表情。 セリフ: ［ミサキ（心の声）］の吹き出しに「無料なら損はしない」 オノマトペ: ポチッ"
"50","テンプレ6","◆【注意】【】で囲まれた単語は感情や状況の指示であり、画像内に文字として描画しないでください
◆【絶対最優先】必ずフルカラーにしてください
◆【絶対最優先】必ず日本のアニメ・マンガ調のイラストで描いてください。実写風・フォトリアル風は禁止です。
◆【絶対最優先】キャラクター外見: ミサキは添付のミサキ.pngと100%同一の外見で描画、タクヤは添付のタクヤ.pngと100%同一の外見で描画、ひなたは添付のひなた_赤ちゃん期.pngと100%同一の外見で描画
◆【出力サイズ】9:16
◆【補足情報】上下左右に50ピクセルの余白を設けてください
◆【補足情報】服装: ミサキ: ピンクのスウェットトレーナーにグレーのルームパンツ、裸足（部屋着） / タクヤ: 白い無地のシャツにベージュのチノパン、茶色の革靴 / ひなた: ピンクのロンパース
◆【コマ構成】テンプレ6: 上段1コマ + 下段左右2コマ
◆【作画】ジャンル: 副業に最適化した統一スタイル / 作画スタイル: 親しみやすく実践的,現代的なライフスタイル表現 / 色調: 明るく前向きな色調,オレンジ・青・黄色基調,活力ある配色 / 線画: 親しみやすい柔らかな線,カジュアルで読みやすい表現 / 演出: パソコン作業,スマホ,時計,収入の可視化,ステップ図解,必要に応じて集中線,効果線,擬音などのマンガらしい演出
◆【ストーリー】
1コマ目 (上段): ウェビナー当日の夜。ミサキがひなたの寝かしつけに手間取っている。時計が開始時刻ギリギリを指す。 セリフ: なし オノマトペ: バタバタ
2コマ目 (下段右): ギリギリでパソコンの前に座るミサキ。 セリフ: なし オノマトペ: はぁはぁ
3コマ目 (下段左): パソコン画面にタクヤが映る。普通の部屋、普通の服。親しみやすい笑顔。 セリフ: ［タクヤ］の吹き出しに「元営業マンです。プログラミング経験ゼロ」 オノマトペ: なし"
"51","テンプレ5","◆【注意】【】で囲まれた単語は感情や状況の指示であり、画像内に文字として描画しないでください
◆【絶対最優先】必ずフルカラーにしてください
◆【絶対最優先】必ず日本のアニメ・マンガ調のイラストで描いてください。実写風・フォトリアル風は禁止です。
◆【絶対最優先】キャラクター外見: タクヤは添付のタクヤ.pngと100%同一の外見で描画、ミサキは添付のミサキ.pngと100%同一の外見で描画
◆【出力サイズ】9:16
◆【補足情報】上下左右に50ピクセルの余白を設けてください
◆【補足情報】服装: ミサキ: ピンクのスウェットトレーナーにグレーのルームパンツ、裸足（部屋着） / タクヤ: 白い無地のシャツにベージュのチノパン、茶色の革靴
◆【コマ構成】テンプレ5: 上・中・下3段
◆【作画】ジャンル: 副業に最適化した統一スタイル / 作画スタイル: 親しみやすく実践的,現代的なライフスタイル表現 / 色調: 明るく前向きな色調,オレンジ・青・黄色基調,活力ある配色 / 線画: 親しみやすい柔らかな線,カジュアルで読みやすい表現 / 演出: パソコン作業,スマホ,時計,収入の可視化,ステップ図解,必要に応じて集中線,効果線,擬音などのマンガらしい演出
◆【ストーリー】
1コマ目 (上段): タクヤがウェビナーで語っている。退職後の半年間、貯金が減り面接に落ち続けた日々。 セリフ: ［タクヤ］の吹き出しに「貯金は減り面接にも落ちた」 オノマトペ: なし
2コマ目 (中段): タクヤがAIとの出会いを語る。「日本語で話しかけるだけで企画書が作れる」。画面にAIの対話画面が映る。 セリフ: ［タクヤ］の吹き出しに「言葉にする力が大事です」 オノマトペ: なし
3コマ目 (下段): ミサキが真剣にメモを取っている。ペンが速く動く。「言語化力」にハッとした表情。 セリフ: ［ミサキ（心の声）］の吹き出しに「報告書褒められたあれも…」 オノマトペ: カリカリ"
"52","テンプレ4","◆【注意】【】で囲まれた単語は感情や状況の指示であり、画像内に文字として描画しないでください
◆【絶対最優先】必ずフルカラーにしてください
◆【絶対最優先】必ず日本のアニメ・マンガ調のイラストで描いてください。実写風・フォトリアル風は禁止です。
◆【絶対最優先】キャラクター外見: ミサキは添付のミサキ.pngと100%同一の外見で描画
◆【出力サイズ】9:16
◆【補足情報】上下左右に50ピクセルの余白を設けてください
◆【補足情報】服装: ミサキ: ピンクのスウェットトレーナーにグレーのルームパンツ、裸足（部屋着）
◆【コマ構成】テンプレ4: 上段大→下段小
◆【作画】ジャンル: 副業に最適化した統一スタイル / 作画スタイル: 親しみやすく実践的,現代的なライフスタイル表現 / 色調: 明るく前向きな色調,オレンジ・青・黄色基調,活力ある配色 / 線画: 親しみやすい柔らかな線,カジュアルで読みやすい表現 / 演出: パソコン作業,スマホ,時計,収入の可視化,ステップ図解,必要に応じて集中線,効果線,擬音などのマンガらしい演出
◆【ストーリー】
1コマ目 (上段大): ウェビナー終了後。有料プログラムの案内画面。月額3万円×3ヶ月で9万円。ミサキが画面を見つめている。 セリフ: なし オノマトペ: なし
2コマ目 (下段小): ミサキが布団の中で天秤にかけている。通帳の残高と9万円。でも何もしなければ何も変わらない。 セリフ: ［ミサキ（心の声）］の吹き出しに「何もしなければ変わらない」 オノマトペ: なし"
"53","テンプレ7","◆【注意】【】で囲まれた単語は感情や状況の指示であり、画像内に文字として描画しないでください
◆【絶対最優先】必ずフルカラーにしてください
◆【絶対最優先】必ず日本のアニメ・マンガ調のイラストで描いてください。実写風・フォトリアル風は禁止です。
◆【絶対最優先】キャラクター外見: ミサキは添付のミサキ.pngと100%同一の外見で描画、ひなたは添付のひなた_赤ちゃん期.pngと100%同一の外見で描画
◆【出力サイズ】9:16
◆【補足情報】上下左右に50ピクセルの余白を設けてください
◆【補足情報】服装: ミサキ: ピンクのスウェットトレーナーにグレーのルームパンツ、裸足（部屋着） / ひなた: ピンクのロンパース
◆【コマ構成】テンプレ7: 上段左右2コマ + 下段1コマ
◆【作画】ジャンル: 副業に最適化した統一スタイル / 作画スタイル: 親しみやすく実践的,現代的なライフスタイル表現 / 色調: 明るく前向きな色調,オレンジ・青・黄色基調,活力ある配色 / 線画: 親しみやすい柔らかな線,カジュアルで読みやすい表現 / 演出: パソコン作業,スマホ,時計,収入の可視化,ステップ図解,必要に応じて集中線,効果線,擬音などのマンガらしい演出
◆【ストーリー】
1コマ目 (上段右): ミサキが布団の中でスマホを見ている。申し込みボタンが光っている。 セリフ: なし オノマトペ: なし
2コマ目 (上段左): ひなたが大きくなった未来の想像。「ママは何してるの？」と聞かれる場面。 セリフ: なし オノマトペ: なし
3コマ目 (下段): 震える指で申し込みボタンを押すミサキの手のアップ。 セリフ: ［ミサキ］の吹き出しに「やってみよう」 オノマトペ: ポチッ"
"54","テンプレ3","◆【注意】【】で囲まれた単語は感情や状況の指示であり、画像内に文字として描画しないでください
◆【絶対最優先】必ずフルカラーにしてください
◆【絶対最優先】必ず日本のアニメ・マンガ調のイラストで描いてください。実写風・フォトリアル風は禁止です。
◆【絶対最優先】キャラクター外見: ミサキは添付のミサキ.pngと100%同一の外見で描画
◆【出力サイズ】9:16
◆【補足情報】上下左右に50ピクセルの余白を設けてください
◆【補足情報】服装: ミサキ: ピンクのスウェットトレーナーにグレーのルームパンツ、裸足（部屋着）
◆【コマ構成】テンプレ3: 上段小→下段大
◆【作画】ジャンル: 副業に最適化した統一スタイル / 作画スタイル: 親しみやすく実践的,現代的なライフスタイル表現 / 色調: 明るく前向きな色調,オレンジ・青・黄色基調,活力ある配色 / 線画: 親しみやすい柔らかな線,カジュアルで読みやすい表現 / 演出: パソコン作業,スマホ,時計,収入の可視化,ステップ図解,必要に応じて集中線,効果線,擬音などのマンガらしい演出
◆【ストーリー】
1コマ目 (上段小): 退職届を書いた時の手の震えの回想。「失う恐怖」の震え。 セリフ: なし オノマトペ: プルプル…
2コマ目 (下段大): 今回の申し込みボタンを押す手の震え。「始める恐怖」の震え。でも口元に小さな笑み。 セリフ: ［ミサキ（心の声）］の吹き出しに「今度は始める震えだ」 オノマトペ: なし"
"55","テンプレ6","◆【注意】【】で囲まれた単語は感情や状況の指示であり、画像内に文字として描画しないでください
◆【絶対最優先】必ずフルカラーにしてください
◆【絶対最優先】必ず日本のアニメ・マンガ調のイラストで描いてください。実写風・フォトリアル風は禁止です。
◆【絶対最優先】キャラクター外見: ミサキは添付のミサキ.pngと100%同一の外見で描画、ひなたは添付のひなた_赤ちゃん期.pngと100%同一の外見で描画
◆【出力サイズ】9:16
◆【補足情報】上下左右に50ピクセルの余白を設けてください
◆【補足情報】服装: ミサキ: ピンクのスウェットトレーナーにグレーのルームパンツ、裸足（部屋着） / ひなた: ピンクのロンパース
◆【コマ構成】テンプレ6: 上段1コマ + 下段左右2コマ
◆【作画】ジャンル: 副業に最適化した統一スタイル / 作画スタイル: 親しみやすく実践的,現代的なライフスタイル表現 / 色調: 明るく前向きな色調,オレンジ・青・黄色基調,活力ある配色 / 線画: 親しみやすい柔らかな線,カジュアルで読みやすい表現 / 演出: パソコン作業,スマホ,時計,収入の可視化,ステップ図解,必要に応じて集中線,効果線,擬音などのマンガらしい演出
◆【ストーリー】
1コマ目 (上段): ミサキが暗い部屋でスマホの申し込み完了画面を見つめている。画面の光が希望のように顔を照らす。 セリフ: なし オノマトペ: なし
2コマ目 (下段右): ひなたが隣で眠っている穏やかな寝顔。 セリフ: なし オノマトペ: すぅ…
3コマ目 (下段左): ミサキの横顔。涙と笑みが混じった表情。新しい一歩を踏み出した瞬間。 セリフ: なし オノマトペ: なし"
"56","テンプレ1","◆【注意】【】で囲まれた単語は感情や状況の指示であり、画像内に文字として描画しないでください
◆【絶対最優先】必ずフルカラーにしてください
◆【絶対最優先】必ず日本のアニメ・マンガ調のイラストで描いてください。実写風・フォトリアル風は禁止です。
◆【絶対最優先】キャラクター外見: ミサキは添付のミサキ.pngと100%同一の外見で描画
◆【出力サイズ】9:16
◆【補足情報】上下左右に50ピクセルの余白を設けてください
◆【補足情報】服装: ミサキ: ピンクのスウェットトレーナーにグレーのルームパンツ、裸足（部屋着）
◆【コマ構成】テンプレ1: ページ全体1コマ
◆【作画】ジャンル: 副業に最適化した統一スタイル / 作画スタイル: 親しみやすく実践的,現代的なライフスタイル表現 / 色調: 明るく前向きな色調,オレンジ・青・黄色基調,活力ある配色 / 線画: 親しみやすい柔らかな線,カジュアルで読みやすい表現 / 演出: パソコン作業,スマホ,時計,収入の可視化,ステップ図解,必要に応じて集中線,効果線,擬音などのマンガらしい演出
◆【ストーリー】
1コマ目 (ページ全体): 【感情クライマックス】暗い部屋の中、スマホの光に照らされたミサキ。「やってみよう」と小さく呟いた瞬間。背景に小さな光の粒子が舞い、希望の始まりを暗示。第4章の締めくくり。 セリフ: なし オノマトペ: なし"
"57","テンプレ5","◆【注意】【】で囲まれた単語は感情や状況の指示であり、画像内に文字として描画しないでください
◆【絶対最優先】必ずフルカラーにしてください
◆【絶対最優先】必ず日本のアニメ・マンガ調のイラストで描いてください。実写風・フォトリアル風は禁止です。
◆【絶対最優先】キャラクター外見: ミサキは添付のミサキ.pngと100%同一の外見で描画、ひなたは添付のひなた_赤ちゃん期.pngと100%同一の外見で描画
◆【出力サイズ】9:16
◆【補足情報】上下左右に50ピクセルの余白を設けてください
◆【補足情報】服装: ミサキ: ボーダー柄（白と紺）のカットソーにデニムパンツ、白いスニーカー / ひなた: ピンクのロンパース
◆【コマ構成】テンプレ5: 上・中・下3段
◆【作画】ジャンル: 副業に最適化した統一スタイル / 作画スタイル: 親しみやすく実践的,現代的なライフスタイル表現 / 色調: 明るく前向きな色調,オレンジ・青・黄色基調,活力ある配色 / 線画: 親しみやすい柔らかな線,カジュアルで読みやすい表現 / 演出: パソコン作業,スマホ,時計,収入の可視化,ステップ図解,必要に応じて集中線,効果線,擬音などのマンガらしい演出
◆【ストーリー】
1コマ目 (上段): 9万円の重みを考えるミサキ。通帳を見ている。 セリフ: なし オノマトペ: なし
2コマ目 (中段): ひなたが笑顔でミサキを見つめている。この子のために。 セリフ: なし オノマトペ: きゃっきゃ
3コマ目 (下段): 決意の表情のミサキ。朝日が差し込む窓辺。新しい章が始まる予感。 セリフ: なし オノマトペ: なし"
"58","テンプレ1","◆【注意】【】で囲まれた単語は感情や状況の指示であり、画像内に文字として描画しないでください
◆【絶対最優先】必ずフルカラーにしてください
◆【絶対最優先】必ず日本のアニメ・マンガ調のイラストで描いてください。実写風・フォトリアル風は禁止です。
◆【出力サイズ】9:16
◆【補足情報】上下左右に50ピクセルの余白を設けてください
◆【コマ構成】テンプレ1: ページ全体1コマ
◆【作画】ジャンル: 副業に最適化した統一スタイル / 作画スタイル: 親しみやすく実践的,現代的なライフスタイル表現 / 色調: 明るく前向きな色調,オレンジ・青・黄色基調,活力ある配色 / 線画: 親しみやすい柔らかな線,カジュアルで読みやすい表現 / 演出: パソコン作業,スマホ,時計,収入の可視化,ステップ図解,必要に応じて集中線,効果線,擬音などのマンガらしい演出
◆【ストーリー】
1コマ目 (ページ全体): 【コラム背景イラスト】テキストオーバーレイ用の背景画像。キャラクターは描画しない。人物なし。画面全体に階段を上るシルエットのイラストを美しく描く。上部30%にタイトル用の余白、中央〜下部にテキスト用の余白を確保。背景は淡い色調でテキストが読みやすいよう明度を抑える。 セリフ: なし オノマトペ: なし
◆【テキストオーバーレイ情報（EPUB製本時に使用）】タイトル: コラム：キャリアの再定義 / 本文: 再就職だけがキャリアではない。フリーランス、副業、個人事業。「何をやりたいか」が先、手段は後から見つかる。9万円はスキルへの投資ではなく「自分は変われる」という仮説への投資"
"59","テンプレ1","◆【注意】【】で囲まれた単語は感情や状況の指示であり、画像内に文字として描画しないでください
◆【絶対最優先】必ずフルカラーにしてください
◆【絶対最優先】必ず日本のアニメ・マンガ調のイラストで描いてください。実写風・フォトリアル風は禁止です。
◆【出力サイズ】9:16
◆【補足情報】上下左右に50ピクセルの余白を設けてください
◆【コマ構成】テンプレ1: ページ全体1コマ
◆【作画】ジャンル: 副業に最適化した統一スタイル / 作画スタイル: 親しみやすく実践的,現代的なライフスタイル表現 / 色調: 明るく前向きな色調,オレンジ・青・黄色基調,活力ある配色 / 線画: 親しみやすい柔らかな線,カジュアルで読みやすい表現 / 演出: パソコン作業,スマホ,時計,収入の可視化,ステップ図解,必要に応じて集中線,効果線,擬音などのマンガらしい演出
◆【ストーリー】
1コマ目 (ページ全体): 【コラム背景イラスト】テキストオーバーレイ用の背景画像。キャラクターは描画しない。人物なし。画面全体に種から芽が出るイラストを美しく描く。上部30%にタイトル用の余白、中央〜下部にテキスト用の余白を確保。背景は淡い色調でテキストが読みやすいよう明度を抑える。 セリフ: なし オノマトペ: なし
◆【テキストオーバーレイ情報（EPUB製本時に使用）】タイトル: コラム：投資としての学び / 本文: 自己投資は金額ではなく覚悟の大きさで測る。高額セミナーに注意しつつも、学びへの投資は未来の自分への種まき。大事なのは「何を学ぶか」より「学んだ後に行動するか」"
"60","テンプレ1","◆【注意】【】で囲まれた単語は感情や状況の指示であり、画像内に文字として描画しないでください
◆【絶対最優先】必ずフルカラーにしてください
◆【絶対最優先】必ず日本のアニメ・マンガ調のイラストで描いてください。実写風・フォトリアル風は禁止です。
◆【絶対最優先】キャラクター外見: ミサキは添付のミサキ.pngと100%同一の外見で描画、タクヤは添付のタクヤ.pngと100%同一の外見で描画
◆【出力サイズ】9:16
◆【補足情報】上下左右に50ピクセルの余白を設けてください
◆【補足情報】服装: ミサキ: ボーダー柄（白と紺）のカットソーにデニムパンツ、白いスニーカー / タクヤ: 白い無地のシャツにベージュのチノパン、茶色の革靴
◆【コマ構成】テンプレ1: ページ全体1コマ
◆【作画】ジャンル: 副業に最適化した統一スタイル / 作画スタイル: 親しみやすく実践的,現代的なライフスタイル表現 / 色調: 明るく前向きな色調,オレンジ・青・黄色基調,活力ある配色 / 線画: 親しみやすい柔らかな線,カジュアルで読みやすい表現 / 演出: パソコン作業,スマホ,時計,収入の可視化,ステップ図解,必要に応じて集中線,効果線,擬音などのマンガらしい演出
◆【ストーリー】
1コマ目 (ページ全体): 【第5章タイトル】「第5章：はじめてのClaude」のタイトルページ。ミサキがノートパソコンの前に座り、画面にClaudeの対話画面が映っている。タクヤがZoomで笑顔で見守っている。明るい光が差す昼下がり。 セリフ: なし オノマトペ: なし"
"61","テンプレ5","◆【注意】【】で囲まれた単語は感情や状況の指示であり、画像内に文字として描画しないでください
◆【絶対最優先】必ずフルカラーにしてください
◆【絶対最優先】必ず日本のアニメ・マンガ調のイラストで描いてください。実写風・フォトリアル風は禁止です。
◆【絶対最優先】キャラクター外見: ミサキは添付のミサキ.pngと100%同一の外見で描画、タクヤは添付のタクヤ.pngと100%同一の外見で描画
◆【出力サイズ】9:16
◆【補足情報】上下左右に50ピクセルの余白を設けてください
◆【補足情報】服装: ミサキ: ボーダー柄（白と紺）のカットソーにデニムパンツ、白いスニーカー / タクヤ: 白い無地のシャツにベージュのチノパン、茶色の革靴
◆【コマ構成】テンプレ5: 上・中・下3段
◆【作画】ジャンル: 副業に最適化した統一スタイル / 作画スタイル: 親しみやすく実践的,現代的なライフスタイル表現 / 色調: 明るく前向きな色調,オレンジ・青・黄色基調,活力ある配色 / 線画: 親しみやすい柔らかな線,カジュアルで読みやすい表現 / 演出: パソコン作業,スマホ,時計,収入の可視化,ステップ図解,必要に応じて集中線,効果線,擬音などのマンガらしい演出
◆【ストーリー】
1コマ目 (上段): プログラム初日。ミサキがノートパソコンの前に座る。Zoom画面にタクヤ。 セリフ: ［タクヤ］の吹き出しに「本当の動機を教えて下さい」 オノマトペ: なし
2コマ目 (中段): ミサキがうつむきながら答える。 セリフ: ［ミサキ］の吹き出しに「事務しかできなくて…」 オノマトペ: なし
3コマ目 (下段): タクヤが笑顔で言う。ミサキが驚いた表情。 セリフ: ［タクヤ］の吹き出しに「事務経験はかなりの強みです」 オノマトペ: ！"
"62","テンプレ7","◆【注意】【】で囲まれた単語は感情や状況の指示であり、画像内に文字として描画しないでください
◆【絶対最優先】必ずフルカラーにしてください
◆【絶対最優先】必ず日本のアニメ・マンガ調のイラストで描いてください。実写風・フォトリアル風は禁止です。
◆【絶対最優先】キャラクター外見: タクヤは添付のタクヤ.pngと100%同一の外見で描画、ミサキは添付のミサキ.pngと100%同一の外見で描画
◆【出力サイズ】9:16
◆【補足情報】上下左右に50ピクセルの余白を設けてください
◆【補足情報】服装: ミサキ: ボーダー柄（白と紺）のカットソーにデニムパンツ、白いスニーカー / タクヤ: 白い無地のシャツにベージュのチノパン、茶色の革靴
◆【コマ構成】テンプレ7: 上段左右2コマ + 下段1コマ
◆【作画】ジャンル: 副業に最適化した統一スタイル / 作画スタイル: 親しみやすく実践的,現代的なライフスタイル表現 / 色調: 明るく前向きな色調,オレンジ・青・黄色基調,活力ある配色 / 線画: 親しみやすい柔らかな線,カジュアルで読みやすい表現 / 演出: パソコン作業,スマホ,時計,収入の可視化,ステップ図解,必要に応じて集中線,効果線,擬音などのマンガらしい演出
◆【ストーリー】
1コマ目 (上段右): タクヤがClaudeを紹介。パソコン画面にClaudeのインターフェース。 セリフ: ［タクヤ］の吹き出しに「日本語で話しかけるだけです」 オノマトペ: なし
2コマ目 (上段左): ミサキの不安そうな顔。「プログラミングできないと…」と思っている。 セリフ: ［ミサキ］の吹き出しに「英語全然ダメなんです」 オノマトペ: なし
3コマ目 (下段): タクヤが穏やかに答える。画面に日本語の対話が映る。 セリフ: ［タクヤ］の吹き出しに「日本語で聞けば日本語で返る」 オノマトペ: なし"
"63","テンプレ6","◆【注意】【】で囲まれた単語は感情や状況の指示であり、画像内に文字として描画しないでください
◆【絶対最優先】必ずフルカラーにしてください
◆【絶対最優先】必ず日本のアニメ・マンガ調のイラストで描いてください。実写風・フォトリアル風は禁止です。
◆【絶対最優先】キャラクター外見: ミサキは添付のミサキ.pngと100%同一の外見で描画
◆【出力サイズ】9:16
◆【補足情報】上下左右に50ピクセルの余白を設けてください
◆【補足情報】服装: ミサキ: ボーダー柄（白と紺）のカットソーにデニムパンツ、白いスニーカー / タクヤ: 白い無地のシャツにベージュのチノパン、茶色の革靴
◆【コマ構成】テンプレ6: 上段1コマ + 下段左右2コマ
◆【作画】ジャンル: 副業に最適化した統一スタイル / 作画スタイル: 親しみやすく実践的,現代的なライフスタイル表現 / 色調: 明るく前向きな色調,オレンジ・青・黄色基調,活力ある配色 / 線画: 親しみやすい柔らかな線,カジュアルで読みやすい表現 / 演出: パソコン作業,スマホ,時計,収入の可視化,ステップ図解,必要に応じて集中線,効果線,擬音などのマンガらしい演出
◆【ストーリー】
1コマ目 (上段): ミサキが恐る恐るキーボードを打つ。「冷蔵庫にキャベツと豚肉と卵があるんですけど…」と入力。 セリフ: なし オノマトペ: カタカタ…
2コマ目 (下段右): 画面にClaudeからの日本語レシピが返ってくる。ミサキの目が輝く。 セリフ: ［ミサキ］の吹き出しに「すごい…会話してるみたい」 オノマトペ: キラッ
3コマ目 (下段左): タクヤがZoom画面で嬉しそうに指摘する。 セリフ: ［タクヤ］の吹き出しに「その指示、めちゃくちゃ良い」 オノマトペ: なし"
"64","テンプレ5","◆【注意】【】で囲まれた単語は感情や状況の指示であり、画像内に文字として描画しないでください
◆【絶対最優先】必ずフルカラーにしてください
◆【絶対最優先】必ず日本のアニメ・マンガ調のイラストで描いてください。実写風・フォトリアル風は禁止です。
◆【絶対最優先】キャラクター外見: ミサキは添付のミサキ.pngと100%同一の外見で描画、タクヤは添付のタクヤ.pngと100%同一の外見で描画、ひなたは添付のひなた_赤ちゃん期.pngと100%同一の外見で描画
◆【出力サイズ】9:16
◆【補足情報】上下左右に50ピクセルの余白を設けてください
◆【補足情報】服装: ミサキ: ボーダー柄（白と紺）のカットソーにデニムパンツ、白いスニーカー / タクヤ: 白い無地のシャツにベージュのチノパン、茶色の革靴 / ひなた: ピンクのロンパース
◆【コマ構成】テンプレ5: 上・中・下3段
◆【作画】ジャンル: 副業に最適化した統一スタイル / 作画スタイル: 親しみやすく実践的,現代的なライフスタイル表現 / 色調: 明るく前向きな色調,オレンジ・青・黄色基調,活力ある配色 / 線画: 親しみやすい柔らかな線,カジュアルで読みやすい表現 / 演出: パソコン作業,スマホ,時計,収入の可視化,ステップ図解,必要に応じて集中線,効果線,擬音などのマンガらしい演出
◆【ストーリー】
1コマ目 (上段): ミサキがClaudeにInstagram発信について相談している画面。ターゲット分析、コンセプト案が表示。 セリフ: ［ミサキ］の吹き出しに「これ…私が考えたみたい」 オノマトペ: なし
2コマ目 (中段): タクヤが笑顔で言う。 セリフ: ［タクヤ］の吹き出しに「出発点はあなたの言葉です」 オノマトペ: なし
3コマ目 (下段): 隣の部屋からひなたの泣き声。ミサキが慌てる。 セリフ: ［ミサキ］の吹き出しに「すみません…！」 オノマトペ: おぎゃあ"
"65","テンプレ2","◆【注意】【】で囲まれた単語は感情や状況の指示であり、画像内に文字として描画しないでください
◆【絶対最優先】必ずフルカラーにしてください
◆【絶対最優先】必ず日本のアニメ・マンガ調のイラストで描いてください。実写風・フォトリアル風は禁止です。
◆【絶対最優先】キャラクター外見: タクヤは添付のタクヤ.pngと100%同一の外見で描画、ミサキは添付のミサキ.pngと100%同一の外見で描画、ひなたは添付のひなた_赤ちゃん期.pngと100%同一の外見で描画
◆【出力サイズ】9:16
◆【補足情報】上下左右に50ピクセルの余白を設けてください
◆【補足情報】服装: ミサキ: ボーダー柄（白と紺）のカットソーにデニムパンツ、白いスニーカー / タクヤ: 白い無地のシャツにベージュのチノパン、茶色の革靴 / ひなた: ピンクのロンパース
◆【コマ構成】テンプレ2: 上下均等2分割
◆【作画】ジャンル: 副業に最適化した統一スタイル / 作画スタイル: 親しみやすく実践的,現代的なライフスタイル表現 / 色調: 明るく前向きな色調,オレンジ・青・黄色基調,活力ある配色 / 線画: 親しみやすい柔らかな線,カジュアルで読みやすい表現 / 演出: パソコン作業,スマホ,時計,収入の可視化,ステップ図解,必要に応じて集中線,効果線,擬音などのマンガらしい演出
◆【ストーリー】
1コマ目 (上段): タクヤが優しく声をかけている。 セリフ: ［タクヤ］の吹き出しに「週30分でもいい。止めないこと」 オノマトペ: なし
2コマ目 (下段): ミサキがひなたを膝に乗せて考え込んでいる。AIは日本語で使える。事務職の「伝える力」がAI指示力になる。 セリフ: ［ミサキ（心の声）］の吹き出しに「もしかしたら…」 オノマトペ: なし"
"66","テンプレ4","◆【注意】【】で囲まれた単語は感情や状況の指示であり、画像内に文字として描画しないでください
◆【絶対最優先】必ずフルカラーにしてください
◆【絶対最優先】必ず日本のアニメ・マンガ調のイラストで描いてください。実写風・フォトリアル風は禁止です。
◆【絶対最優先】キャラクター外見: ミサキは添付のミサキ.pngと100%同一の外見で描画、ひなたは添付のひなた_赤ちゃん期.pngと100%同一の外見で描画
◆【出力サイズ】9:16
◆【補足情報】上下左右に50ピクセルの余白を設けてください
◆【補足情報】服装: ミサキ: ボーダー柄（白と紺）のカットソーにデニムパンツ、白いスニーカー / ひなた: ピンクのロンパース
◆【コマ構成】テンプレ4: 上段大→下段小
◆【作画】ジャンル: 副業に最適化した統一スタイル / 作画スタイル: 親しみやすく実践的,現代的なライフスタイル表現 / 色調: 明るく前向きな色調,オレンジ・青・黄色基調,活力ある配色 / 線画: 親しみやすい柔らかな線,カジュアルで読みやすい表現 / 演出: パソコン作業,スマホ,時計,収入の可視化,ステップ図解,必要に応じて集中線,効果線,擬音などのマンガらしい演出
◆【ストーリー】
1コマ目 (上段大): 面談後。ミサキがひなたを膝に乗せながらパソコンを見ている。画面にClaudeとの対話。事務職で身についた「わかりやすく伝える力」がそのまま「AIへの指示力」になっていた。光が差す演出。 セリフ: なし オノマトペ: なし
2コマ目 (下段小): ミサキの目が希望に満ちている。初めて前向きな気持ち。 セリフ: ［ミサキ（心の声）］の吹き出しに「事務経験が活きるかも」 オノマトペ: なし"
"67","テンプレ3","◆【注意】【】で囲まれた単語は感情や状況の指示であり、画像内に文字として描画しないでください
◆【絶対最優先】必ずフルカラーにしてください
◆【絶対最優先】必ず日本のアニメ・マンガ調のイラストで描いてください。実写風・フォトリアル風は禁止です。
◆【絶対最優先】キャラクター外見: ミサキは添付のミサキ.pngと100%同一の外見で描画、ひなたは添付のひなた_赤ちゃん期.pngと100%同一の外見で描画
◆【出力サイズ】9:16
◆【補足情報】上下左右に50ピクセルの余白を設けてください
◆【補足情報】服装: ミサキ: ボーダー柄（白と紺）のカットソーにデニムパンツ、白いスニーカー / ひなた: ピンクのロンパース
◆【コマ構成】テンプレ3: 上段小→下段大
◆【作画】ジャンル: 副業に最適化した統一スタイル / 作画スタイル: 親しみやすく実践的,現代的なライフスタイル表現 / 色調: 明るく前向きな色調,オレンジ・青・黄色基調,活力ある配色 / 線画: 親しみやすい柔らかな線,カジュアルで読みやすい表現 / 演出: パソコン作業,スマホ,時計,収入の可視化,ステップ図解,必要に応じて集中線,効果線,擬音などのマンガらしい演出
◆【ストーリー】
1コマ目 (上段小): パソコン画面のClaudeとの対話履歴のアップ。日本語でのやり取り。 セリフ: なし オノマトペ: なし
2コマ目 (下段大): ミサキとひなたが一緒にパソコンの前にいる。ミサキの表情に希望が灯っている。AIとの新しい出会い。第5章の締めくくり。 セリフ: なし オノマトペ: なし"
"68","テンプレ1","◆【注意】【】で囲まれた単語は感情や状況の指示であり、画像内に文字として描画しないでください
◆【絶対最優先】必ずフルカラーにしてください
◆【絶対最優先】必ず日本のアニメ・マンガ調のイラストで描いてください。実写風・フォトリアル風は禁止です。
◆【絶対最優先】キャラクター外見: ミサキは添付のミサキ.pngと100%同一の外見で描画
◆【出力サイズ】9:16
◆【補足情報】上下左右に50ピクセルの余白を設けてください
◆【補足情報】服装: ミサキ: ボーダー柄（白と紺）のカットソーにデニムパンツ、白いスニーカー
◆【コマ構成】テンプレ1: ページ全体1コマ
◆【作画】ジャンル: 副業に最適化した統一スタイル / 作画スタイル: 親しみやすく実践的,現代的なライフスタイル表現 / 色調: 明るく前向きな色調,オレンジ・青・黄色基調,活力ある配色 / 線画: 親しみやすい柔らかな線,カジュアルで読みやすい表現 / 演出: パソコン作業,スマホ,時計,収入の可視化,ステップ図解,必要に応じて集中線,効果線,擬音などのマンガらしい演出
◆【ストーリー】
1コマ目 (ページ全体): 【感情クライマックス】ミサキがパソコンの前で微笑んでいる。画面の光が顔を明るく照らす。「事務しかできない」と思っていた自分から「事務経験が武器になる」と気づいた瞬間。第5章の締めくくり。 セリフ: なし オノマトペ: なし"
"69","テンプレ1","◆【注意】【】で囲まれた単語は感情や状況の指示であり、画像内に文字として描画しないでください
◆【絶対最優先】必ずフルカラーにしてください
◆【絶対最優先】必ず日本のアニメ・マンガ調のイラストで描いてください。実写風・フォトリアル風は禁止です。
◆【出力サイズ】9:16
◆【補足情報】上下左右に50ピクセルの余白を設けてください
◆【コマ構成】テンプレ1: ページ全体1コマ
◆【作画】ジャンル: 副業に最適化した統一スタイル / 作画スタイル: 親しみやすく実践的,現代的なライフスタイル表現 / 色調: 明るく前向きな色調,オレンジ・青・黄色基調,活力ある配色 / 線画: 親しみやすい柔らかな線,カジュアルで読みやすい表現 / 演出: パソコン作業,スマホ,時計,収入の可視化,ステップ図解,必要に応じて集中線,効果線,擬音などのマンガらしい演出
◆【ストーリー】
1コマ目 (ページ全体): 【コラム背景イラスト】テキストオーバーレイ用の背景画像。キャラクターは描画しない。人物なし。画面全体にパソコンと多様な人々のイラストを美しく描く。上部30%にタイトル用の余白、中央〜下部にテキスト用の余白を確保。背景は淡い色調でテキストが読みやすいよう明度を抑える。 セリフ: なし オノマトペ: なし
◆【テキストオーバーレイ情報（EPUB製本時に使用）】タイトル: コラム：テクノロジーの民主化 / 本文: AIは「作る」を民主化した。新しいスキルに年齢も前職も関係ない。Claudeはミサキの年齢も学歴も聞かなかった。「誰が話しかけているか」ではなく「何を伝えているか」だけが重要"
"70","テンプレ5","◆【注意】【】で囲まれた単語は感情や状況の指示であり、画像内に文字として描画しないでください
◆【絶対最優先】必ずフルカラーにしてください
◆【絶対最優先】必ず日本のアニメ・マンガ調のイラストで描いてください。実写風・フォトリアル風は禁止です。
◆【絶対最優先】キャラクター外見: ミサキは添付のミサキ.pngと100%同一の外見で描画
◆【出力サイズ】9:16
◆【補足情報】上下左右に50ピクセルの余白を設けてください
◆【補足情報】服装: ミサキ: ボーダー柄（白と紺）のカットソーにデニムパンツ、白いスニーカー
◆【コマ構成】テンプレ5: 上・中・下3段
◆【作画】ジャンル: 副業に最適化した統一スタイル / 作画スタイル: 親しみやすく実践的,現代的なライフスタイル表現 / 色調: 明るく前向きな色調,オレンジ・青・黄色基調,活力ある配色 / 線画: 親しみやすい柔らかな線,カジュアルで読みやすい表現 / 演出: パソコン作業,スマホ,時計,収入の可視化,ステップ図解,必要に応じて集中線,効果線,擬音などのマンガらしい演出
◆【ストーリー】
1コマ目 (上段): ミサキがノートに「言語化力」「情報整理力」「段取り力」と書き出している。自分のスキルの棚卸し。 セリフ: なし オノマトペ: カリカリ
2コマ目 (中段): Claudeとの対話画面。「育児中ママ向けInstagram戦略」の回答が表示されている。 セリフ: なし オノマトペ: なし
3コマ目 (下段): ミサキが前を向いた表情。新しい章への橋渡し。 セリフ: ［ミサキ（心の声）］の吹き出しに「やれることがある」 オノマトペ: なし"
"71","テンプレ1","◆【注意】【】で囲まれた単語は感情や状況の指示であり、画像内に文字として描画しないでください
◆【絶対最優先】必ずフルカラーにしてください
◆【絶対最優先】必ず日本のアニメ・マンガ調のイラストで描いてください。実写風・フォトリアル風は禁止です。
◆【絶対最優先】キャラクター外見: ミサキは添付のミサキ.pngと100%同一の外見で描画
◆【出力サイズ】9:16
◆【補足情報】上下左右に50ピクセルの余白を設けてください
◆【補足情報】服装: ミサキ: ボーダー柄（白と紺）のカットソーにデニムパンツ、白いスニーカー
◆【コマ構成】テンプレ1: ページ全体1コマ
◆【作画】ジャンル: 副業に最適化した統一スタイル / 作画スタイル: 親しみやすく実践的,現代的なライフスタイル表現 / 色調: 明るく前向きな色調,オレンジ・青・黄色基調,活力ある配色 / 線画: 親しみやすい柔らかな線,カジュアルで読みやすい表現 / 演出: パソコン作業,スマホ,時計,収入の可視化,ステップ図解,必要に応じて集中線,効果線,擬音などのマンガらしい演出
◆【ストーリー】
1コマ目 (ページ全体): 【第6章タイトル】「第6章：毎日投稿という戦い」のタイトルページ。ミサキがパソコンの前でInstagramの投稿画面を開いている。「@misaki_wanope_mama」のプロフィール画面。Canvaのデザインテンプレートも映る。 セリフ: なし オノマトペ: なし"
"72","テンプレ5","◆【注意】【】で囲まれた単語は感情や状況の指示であり、画像内に文字として描画しないでください
◆【絶対最優先】必ずフルカラーにしてください
◆【絶対最優先】必ず日本のアニメ・マンガ調のイラストで描いてください。実写風・フォトリアル風は禁止です。
◆【絶対最優先】キャラクター外見: ミサキは添付のミサキ.pngと100%同一の外見で描画
◆【出力サイズ】9:16
◆【補足情報】上下左右に50ピクセルの余白を設けてください
◆【補足情報】服装: ミサキ: ピンクのスウェットトレーナーにグレーのルームパンツ、裸足（部屋着） / タクヤ: 白い無地のシャツにベージュのチノパン、茶色の革靴
◆【コマ構成】テンプレ5: 上・中・下3段
◆【作画】ジャンル: 副業に最適化した統一スタイル / 作画スタイル: 親しみやすく実践的,現代的なライフスタイル表現 / 色調: 明るく前向きな色調,オレンジ・青・黄色基調,活力ある配色 / 線画: 親しみやすい柔らかな線,カジュアルで読みやすい表現 / 演出: パソコン作業,スマホ,時計,収入の可視化,ステップ図解,必要に応じて集中線,効果線,擬音などのマンガらしい演出
◆【ストーリー】
1コマ目 (上段): ミサキがClaudeと一緒にInstagramのプロフィールを作っている。パソコン画面にプロフィール文。 セリフ: なし オノマトペ: カタカタ
2コマ目 (中段): Canvaでテンプレートを作成中。初投稿「夜泣きを乗り越えた5つの方法」。 セリフ: ［ミサキ］の吹き出しに「初投稿、ドキドキする」 オノマトペ: ドキドキ
3コマ目 (下段): 1時間後。いいねは3。うち2つはタクヤ。がっかりした表情のミサキ。 セリフ: ［ミサキ（心の声）］の吹き出しに「いいね…3…」 オノマトペ: シーン"
"73","テンプレ7","◆【注意】【】で囲まれた単語は感情や状況の指示であり、画像内に文字として描画しないでください
◆【絶対最優先】必ずフルカラーにしてください
◆【絶対最優先】必ず日本のアニメ・マンガ調のイラストで描いてください。実写風・フォトリアル風は禁止です。
◆【絶対最優先】キャラクター外見: ミサキは添付のミサキ.pngと100%同一の外見で描画
◆【出力サイズ】9:16
◆【補足情報】上下左右に50ピクセルの余白を設けてください
◆【補足情報】服装: ミサキ: ボーダー柄（白と紺）のカットソーにデニムパンツ、白いスニーカー
◆【コマ構成】テンプレ7: 上段左右2コマ + 下段1コマ
◆【作画】ジャンル: 副業に最適化した統一スタイル / 作画スタイル: 親しみやすく実践的,現代的なライフスタイル表現 / 色調: 明るく前向きな色調,オレンジ・青・黄色基調,活力ある配色 / 線画: 親しみやすい柔らかな線,カジュアルで読みやすい表現 / 演出: パソコン作業,スマホ,時計,収入の可視化,ステップ図解,必要に応じて集中線,効果線,擬音などのマンガらしい演出
◆【ストーリー】
1コマ目 (上段右): 一週間後。平均いいね4.2、フォロワー12人の画面。半分はスパムアカウント。 セリフ: なし オノマトペ: なし
2コマ目 (上段左): ミサキが自分の投稿を見返している。「つまらない。どこかで見た投稿だ」と気づく。 セリフ: ［ミサキ（心の声）］の吹き出しに「どこかで見た投稿…」 オノマトペ: なし
3コマ目 (下段): AIへの指示画面のアップ。「育児中のママ向けの投稿を作って」という曖昧な指示。 セリフ: ［ミサキ（心の声）］の吹き出しに「指示が曖昧だったんだ」 オノマトペ: ハッ"
"74","テンプレ6","◆【注意】【】で囲まれた単語は感情や状況の指示であり、画像内に文字として描画しないでください
◆【絶対最優先】必ずフルカラーにしてください
◆【絶対最優先】必ず日本のアニメ・マンガ調のイラストで描いてください。実写風・フォトリアル風は禁止です。
◆【絶対最優先】キャラクター外見: ミサキは添付のミサキ.pngと100%同一の外見で描画、タクヤは添付のタクヤ.pngと100%同一の外見で描画
◆【出力サイズ】9:16
◆【補足情報】上下左右に50ピクセルの余白を設けてください
◆【補足情報】服装: ミサキ: ピンクのスウェットトレーナーにグレーのルームパンツ、裸足（部屋着） / タクヤ: 白い無地のシャツにベージュのチノパン、茶色の革靴
◆【コマ構成】テンプレ6: 上段1コマ + 下段左右2コマ
◆【作画】ジャンル: 副業に最適化した統一スタイル / 作画スタイル: 親しみやすく実践的,現代的なライフスタイル表現 / 色調: 明るく前向きな色調,オレンジ・青・黄色基調,活力ある配色 / 線画: 親しみやすい柔らかな線,カジュアルで読みやすい表現 / 演出: パソコン作業,スマホ,時計,収入の可視化,ステップ図解,必要に応じて集中線,効果線,擬音などのマンガらしい演出
◆【ストーリー】
1コマ目 (上段): タクヤにZoomで相談するミサキ。 セリフ: ［タクヤ］の吹き出しに「佐藤さんらしさがない」 オノマトペ: なし
2コマ目 (下段右): タクヤが具体的な指示の例を見せる。「今朝3時に夜泣きで起きて…」という実体験ベースの指示。 セリフ: ［ミサキ］の吹き出しに「こんなに具体的に？」 オノマトペ: なし
3コマ目 (下段左): タクヤが教える。 セリフ: ［タクヤ］の吹き出しに「AIは鏡。具体的に伝えれば」 オノマトペ: なし"
"75","テンプレ2","◆【注意】【】で囲まれた単語は感情や状況の指示であり、画像内に文字として描画しないでください
◆【絶対最優先】必ずフルカラーにしてください
◆【絶対最優先】必ず日本のアニメ・マンガ調のイラストで描いてください。実写風・フォトリアル風は禁止です。
◆【絶対最優先】キャラクター外見: ミサキは添付のミサキ.pngと100%同一の外見で描画、ひなたは添付のひなた_赤ちゃん期.pngと100%同一の外見で描画
◆【出力サイズ】9:16
◆【補足情報】上下左右に50ピクセルの余白を設けてください
◆【補足情報】服装: ミサキ: ボーダー柄（白と紺）のカットソーにデニムパンツ、白いスニーカー / ひなた: ピンクのロンパース
◆【コマ構成】テンプレ2: 上下均等2分割
◆【作画】ジャンル: 副業に最適化した統一スタイル / 作画スタイル: 親しみやすく実践的,現代的なライフスタイル表現 / 色調: 明るく前向きな色調,オレンジ・青・黄色基調,活力ある配色 / 線画: 親しみやすい柔らかな線,カジュアルで読みやすい表現 / 演出: パソコン作業,スマホ,時計,収入の可視化,ステップ図解,必要に応じて集中線,効果線,擬音などのマンガらしい演出
◆【ストーリー】
1コマ目 (上段): ミサキが自分の感情、失敗、本音をClaudeに具体的に伝えている。画面に長い入力文。出てくる文章がまったく変わった。 セリフ: ［ミサキ（心の声）］の吹き出しに「私の言葉になった！」 オノマトペ: キラッ
2コマ目 (下段): しかし翌日、ひなたが38度5分の熱。体温計のアップ。ミサキが慌てている。 セリフ: ［ミサキ］の吹き出しに「ひなた、熱が…！」 オノマトペ: なし"
"76","テンプレ5","◆【注意】【】で囲まれた単語は感情や状況の指示であり、画像内に文字として描画しないでください
◆【絶対最優先】必ずフルカラーにしてください
◆【絶対最優先】必ず日本のアニメ・マンガ調のイラストで描いてください。実写風・フォトリアル風は禁止です。
◆【絶対最優先】キャラクター外見: ミサキは添付のミサキ.pngと100%同一の外見で描画、タクヤは添付のタクヤ.pngと100%同一の外見で描画
◆【出力サイズ】9:16
◆【補足情報】上下左右に50ピクセルの余白を設けてください
◆【補足情報】服装: ミサキ: ボーダー柄（白と紺）のカットソーにデニムパンツ、白いスニーカー / タクヤ: 白い無地のシャツにベージュのチノパン、茶色の革靴
◆【コマ構成】テンプレ5: 上・中・下3段
◆【作画】ジャンル: 副業に最適化した統一スタイル / 作画スタイル: 親しみやすく実践的,現代的なライフスタイル表現 / 色調: 明るく前向きな色調,オレンジ・青・黄色基調,活力ある配色 / 線画: 親しみやすい柔らかな線,カジュアルで読みやすい表現 / 演出: パソコン作業,スマホ,時計,収入の可視化,ステップ図解,必要に応じて集中線,効果線,擬音などのマンガらしい演出
◆【ストーリー】
1コマ目 (上段): 3日間、看病に専念するミサキ。パソコンは閉じたまま。 セリフ: なし オノマトペ: なし
2コマ目 (中段): 3日ぶりにInstagramを開く。フォロワーが3人減。落胆した表情。 セリフ: ［ミサキ（心の声）］の吹き出しに「やっぱり無理なのかな」 オノマトペ: ガクッ
3コマ目 (下段): タクヤに相談。タクヤが温かく答える。 セリフ: ［タクヤ］の吹き出しに「止めないことが大事です」 オノマトペ: なし"
"77","テンプレ4","◆【注意】【】で囲まれた単語は感情や状況の指示であり、画像内に文字として描画しないでください
◆【絶対最優先】必ずフルカラーにしてください
◆【絶対最優先】必ず日本のアニメ・マンガ調のイラストで描いてください。実写風・フォトリアル風は禁止です。
◆【絶対最優先】キャラクター外見: ミサキは添付のミサキ.pngと100%同一の外見で描画
◆【出力サイズ】9:16
◆【補足情報】上下左右に50ピクセルの余白を設けてください
◆【補足情報】服装: ミサキ: ボーダー柄（白と紺）のカットソーにデニムパンツ、白いスニーカー
◆【コマ構成】テンプレ4: 上段大→下段小
◆【作画】ジャンル: 副業に最適化した統一スタイル / 作画スタイル: 親しみやすく実践的,現代的なライフスタイル表現 / 色調: 明るく前向きな色調,オレンジ・青・黄色基調,活力ある配色 / 線画: 親しみやすい柔らかな線,カジュアルで読みやすい表現 / 演出: パソコン作業,スマホ,時計,収入の可視化,ステップ図解,必要に応じて集中線,効果線,擬音などのマンガらしい演出
◆【ストーリー】
1コマ目 (上段大): 4日ぶりの投稿。テーマは「子供が熱を出して3日間何もできなかった話」。Instagramの投稿画面。 セリフ: なし オノマトペ: ポチッ
2コマ目 (下段小): コメントが来た。「私もブログ3回やめました」「完璧じゃなくていいって嬉しい」。ミサキの目に涙。 セリフ: ［ミサキ（心の声）］の吹き出しに「完璧じゃない方が届く」 オノマトペ: ぽろ…"
"78","テンプレ3","◆【注意】【】で囲まれた単語は感情や状況の指示であり、画像内に文字として描画しないでください
◆【絶対最優先】必ずフルカラーにしてください
◆【絶対最優先】必ず日本のアニメ・マンガ調のイラストで描いてください。実写風・フォトリアル風は禁止です。
◆【絶対最優先】キャラクター外見: ミサキは添付のミサキ.pngと100%同一の外見で描画
◆【出力サイズ】9:16
◆【補足情報】上下左右に50ピクセルの余白を設けてください
◆【補足情報】服装: ミサキ: ボーダー柄（白と紺）のカットソーにデニムパンツ、白いスニーカー
◆【コマ構成】テンプレ3: 上段小→下段大
◆【作画】ジャンル: 副業に最適化した統一スタイル / 作画スタイル: 親しみやすく実践的,現代的なライフスタイル表現 / 色調: 明るく前向きな色調,オレンジ・青・黄色基調,活力ある配色 / 線画: 親しみやすい柔らかな線,カジュアルで読みやすい表現 / 演出: パソコン作業,スマホ,時計,収入の可視化,ステップ図解,必要に応じて集中線,効果線,擬音などのマンガらしい演出
◆【ストーリー】
1コマ目 (上段小): Instagramのコメント欄のアップ。温かいコメントが並んでいる。 セリフ: なし オノマトペ: なし
2コマ目 (下段大): ミサキが翌日も投稿している。前向きな表情。完璧じゃなくても続ける決意。第6章の締めくくり。 セリフ: ［ミサキ（心の声）］の吹き出しに「止めなければいい」 オノマトペ: なし"
"79","テンプレ1","◆【注意】【】で囲まれた単語は感情や状況の指示であり、画像内に文字として描画しないでください
◆【絶対最優先】必ずフルカラーにしてください
◆【絶対最優先】必ず日本のアニメ・マンガ調のイラストで描いてください。実写風・フォトリアル風は禁止です。
◆【絶対最優先】キャラクター外見: ミサキは添付のミサキ.pngと100%同一の外見で描画
◆【出力サイズ】9:16
◆【補足情報】上下左右に50ピクセルの余白を設けてください
◆【補足情報】服装: ミサキ: ボーダー柄（白と紺）のカットソーにデニムパンツ、白いスニーカー
◆【コマ構成】テンプレ1: ページ全体1コマ
◆【作画】ジャンル: 副業に最適化した統一スタイル / 作画スタイル: 親しみやすく実践的,現代的なライフスタイル表現 / 色調: 明るく前向きな色調,オレンジ・青・黄色基調,活力ある配色 / 線画: 親しみやすい柔らかな線,カジュアルで読みやすい表現 / 演出: パソコン作業,スマホ,時計,収入の可視化,ステップ図解,必要に応じて集中線,効果線,擬音などのマンガらしい演出
◆【ストーリー】
1コマ目 (ページ全体): 【感情クライマックス】ミサキがパソコンの前で投稿を続けている。完璧じゃなくても止めない。画面に温かいコメントが並ぶ。第6章の締めくくり。 セリフ: なし オノマトペ: なし"
"80","テンプレ1","◆【注意】【】で囲まれた単語は感情や状況の指示であり、画像内に文字として描画しないでください
◆【絶対最優先】必ずフルカラーにしてください
◆【絶対最優先】必ず日本のアニメ・マンガ調のイラストで描いてください。実写風・フォトリアル風は禁止です。
◆【出力サイズ】9:16
◆【補足情報】上下左右に50ピクセルの余白を設けてください
◆【コマ構成】テンプレ1: ページ全体1コマ
◆【作画】ジャンル: 副業に最適化した統一スタイル / 作画スタイル: 親しみやすく実践的,現代的なライフスタイル表現 / 色調: 明るく前向きな色調,オレンジ・青・黄色基調,活力ある配色 / 線画: 親しみやすい柔らかな線,カジュアルで読みやすい表現 / 演出: パソコン作業,スマホ,時計,収入の可視化,ステップ図解,必要に応じて集中線,効果線,擬音などのマンガらしい演出
◆【ストーリー】
1コマ目 (ページ全体): 【コラム背景イラスト】テキストオーバーレイ用の背景画像。キャラクターは描画しない。人物なし。画面全体に細く長い道のイラストを美しく描く。上部30%にタイトル用の余白、中央〜下部にテキスト用の余白を確保。背景は淡い色調でテキストが読みやすいよう明度を抑える。 セリフ: なし オノマトペ: なし
◆【テキストオーバーレイ情報（EPUB製本時に使用）】タイトル: コラム：続けるというキャリア戦略 / 本文: 育児中は「完璧な継続」を目指すと折れる。「細く長く」が最強の戦略。30分×週2日を1年続ければ約100時間。中断しても再開できる仕組みを作ること"
"81","テンプレ1","◆【注意】【】で囲まれた単語は感情や状況の指示であり、画像内に文字として描画しないでください
◆【絶対最優先】必ずフルカラーにしてください
◆【絶対最優先】必ず日本のアニメ・マンガ調のイラストで描いてください。実写風・フォトリアル風は禁止です。
◆【絶対最優先】キャラクター外見: ミサキは添付のミサキ.pngと100%同一の外見で描画
◆【出力サイズ】9:16
◆【補足情報】上下左右に50ピクセルの余白を設けてください
◆【補足情報】服装: ミサキ: ボーダー柄（白と紺）のカットソーにデニムパンツ、白いスニーカー
◆【コマ構成】テンプレ1: ページ全体1コマ
◆【作画】ジャンル: 副業に最適化した統一スタイル / 作画スタイル: 親しみやすく実践的,現代的なライフスタイル表現 / 色調: 明るく前向きな色調,オレンジ・青・黄色基調,活力ある配色 / 線画: 親しみやすい柔らかな線,カジュアルで読みやすい表現 / 演出: パソコン作業,スマホ,時計,収入の可視化,ステップ図解,必要に応じて集中線,効果線,擬音などのマンガらしい演出
◆【ストーリー】
1コマ目 (ページ全体): 【第7章タイトル】「第7章：フォロワー100人の夜」のタイトルページ。ミサキがパソコン画面を見つめている。Instagramのフォロワー数が98、99、100と増えていくアニメーション的演出。目に涙が光っている。 セリフ: なし オノマトペ: なし"
"82","テンプレ5","◆【注意】【】で囲まれた単語は感情や状況の指示であり、画像内に文字として描画しないでください
◆【絶対最優先】必ずフルカラーにしてください
◆【絶対最優先】必ず日本のアニメ・マンガ調のイラストで描いてください。実写風・フォトリアル風は禁止です。
◆【絶対最優先】キャラクター外見: ミサキは添付のミサキ.pngと100%同一の外見で描画
◆【出力サイズ】9:16
◆【補足情報】上下左右に50ピクセルの余白を設けてください
◆【補足情報】服装: ミサキ: ボーダー柄（白と紺）のカットソーにデニムパンツ、白いスニーカー
◆【コマ構成】テンプレ5: 上・中・下3段
◆【作画】ジャンル: 副業に最適化した統一スタイル / 作画スタイル: 親しみやすく実践的,現代的なライフスタイル表現 / 色調: 明るく前向きな色調,オレンジ・青・黄色基調,活力ある配色 / 線画: 親しみやすい柔らかな線,カジュアルで読みやすい表現 / 演出: パソコン作業,スマホ,時計,収入の可視化,ステップ図解,必要に応じて集中線,効果線,擬音などのマンガらしい演出
◆【ストーリー】
1コマ目 (上段): 投稿を続けて2ヶ月。フォロワー70人。ミサキがClaudeにエンゲージメント分析を依頼している。 セリフ: なし オノマトペ: カタカタ
2コマ目 (中段): 分析結果の画面。「自分の失敗体験を含み、感情が正直に書かれた投稿」が反応が高いと表示。 セリフ: ［ミサキ（心の声）］の吹き出しに「失敗体験の方が反応がいい」 オノマトペ: なるほど
3コマ目 (下段): 方向転換を決意するミサキ。実体験ベースの投稿に切り替える。 セリフ: ［ミサキ（心の声）］の吹き出しに「本音を書こう」 オノマトペ: なし"
"83","テンプレ7","◆【注意】【】で囲まれた単語は感情や状況の指示であり、画像内に文字として描画しないでください
◆【絶対最優先】必ずフルカラーにしてください
◆【絶対最優先】必ず日本のアニメ・マンガ調のイラストで描いてください。実写風・フォトリアル風は禁止です。
◆【絶対最優先】キャラクター外見: ミサキは添付のミサキ.pngと100%同一の外見で描画
◆【出力サイズ】9:16
◆【補足情報】上下左右に50ピクセルの余白を設けてください
◆【補足情報】服装: ミサキ: ボーダー柄（白と紺）のカットソーにデニムパンツ、白いスニーカー
◆【コマ構成】テンプレ7: 上段左右2コマ + 下段1コマ
◆【作画】ジャンル: 副業に最適化した統一スタイル / 作画スタイル: 親しみやすく実践的,現代的なライフスタイル表現 / 色調: 明るく前向きな色調,オレンジ・青・黄色基調,活力ある配色 / 線画: 親しみやすい柔らかな線,カジュアルで読みやすい表現 / 演出: パソコン作業,スマホ,時計,収入の可視化,ステップ図解,必要に応じて集中線,効果線,擬音などのマンガらしい演出
◆【ストーリー】
1コマ目 (上段右): 実体験ベースの投稿例。「夫に大丈夫？って聞かれて大丈夫って答えたけど全然大丈夫じゃなかった夜の話」。 セリフ: なし オノマトペ: なし
2コマ目 (上段左): もう一つの投稿。「離乳食ぶちまけられて5秒間だけ無になった話」。恥ずかしいけど本音。 セリフ: ［ミサキ（心の声）］の吹き出しに「恥ずかしい。でも書く」 オノマトペ: なし
3コマ目 (下段): ミサキがパソコンに向かって本音を書いている。真剣な表情。 セリフ: なし オノマトペ: カタカタ"
"84","テンプレ6","◆【注意】【】で囲まれた単語は感情や状況の指示であり、画像内に文字として描画しないでください
◆【絶対最優先】必ずフルカラーにしてください
◆【絶対最優先】必ず日本のアニメ・マンガ調のイラストで描いてください。実写風・フォトリアル風は禁止です。
◆【絶対最優先】キャラクター外見: ミサキは添付のミサキ.pngと100%同一の外見で描画
◆【出力サイズ】9:16
◆【補足情報】上下左右に50ピクセルの余白を設けてください
◆【補足情報】服装: ミサキ: ボーダー柄（白と紺）のカットソーにデニムパンツ、白いスニーカー
◆【コマ構成】テンプレ6: 上段1コマ + 下段左右2コマ
◆【作画】ジャンル: 副業に最適化した統一スタイル / 作画スタイル: 親しみやすく実践的,現代的なライフスタイル表現 / 色調: 明るく前向きな色調,オレンジ・青・黄色基調,活力ある配色 / 線画: 親しみやすい柔らかな線,カジュアルで読みやすい表現 / 演出: パソコン作業,スマホ,時計,収入の可視化,ステップ図解,必要に応じて集中線,効果線,擬音などのマンガらしい演出
◆【ストーリー】
1コマ目 (上段): ある日、「名刺がなくなった日」をテーマに投稿を書くミサキ。退職した日の記憶が蘇る。 セリフ: なし オノマトペ: なし
2コマ目 (下段右): 投稿内容。「段ボール一つの5年間。何者でもない自分に怯えた。でも今、名刺なしで発信している」。 セリフ: なし オノマトペ: なし
3コマ目 (下段左): 投稿ボタンを押すミサキの指。覚悟の表情。 セリフ: ［ミサキ（心の声）］の吹き出しに「これが私の本音」 オノマトペ: ポチッ"
"85","テンプレ1","◆【注意】【】で囲まれた単語は感情や状況の指示であり、画像内に文字として描画しないでください
◆【絶対最優先】必ずフルカラーにしてください
◆【絶対最優先】必ず日本のアニメ・マンガ調のイラストで描いてください。実写風・フォトリアル風は禁止です。
◆【絶対最優先】キャラクター外見: ミサキは添付のミサキ.pngと100%同一の外見で描画
◆【出力サイズ】9:16
◆【補足情報】上下左右に50ピクセルの余白を設けてください
◆【補足情報】服装: ミサキ: ボーダー柄（白と紺）のカットソーにデニムパンツ、白いスニーカー
◆【コマ構成】テンプレ1: ページ全体1コマ
◆【作画】ジャンル: 副業に最適化した統一スタイル / 作画スタイル: 親しみやすく実践的,現代的なライフスタイル表現 / 色調: 明るく前向きな色調,オレンジ・青・黄色基調,活力ある配色 / 線画: 親しみやすい柔らかな線,カジュアルで読みやすい表現 / 演出: パソコン作業,スマホ,時計,収入の可視化,ステップ図解,必要に応じて集中線,効果線,擬音などのマンガらしい演出
◆【ストーリー】
1コマ目 (ページ全体): 【インパクト】翌朝。ミサキのスマホに通知が止まらない。いいね200超、コメント20件以上、リポスト多数。画面から通知が溢れ出る演出。ミサキの驚きの表情。 セリフ: なし オノマトペ: ピコンピコン"
"86","テンプレ5","◆【注意】【】で囲まれた単語は感情や状況の指示であり、画像内に文字として描画しないでください
◆【絶対最優先】必ずフルカラーにしてください
◆【絶対最優先】必ず日本のアニメ・マンガ調のイラストで描いてください。実写風・フォトリアル風は禁止です。
◆【絶対最優先】キャラクター外見: ミサキは添付のミサキ.pngと100%同一の外見で描画
◆【出力サイズ】9:16
◆【補足情報】上下左右に50ピクセルの余白を設けてください
◆【補足情報】服装: ミサキ: ボーダー柄（白と紺）のカットソーにデニムパンツ、白いスニーカー
◆【コマ構成】テンプレ5: 上・中・下3段
◆【作画】ジャンル: 副業に最適化した統一スタイル / 作画スタイル: 親しみやすく実践的,現代的なライフスタイル表現 / 色調: 明るく前向きな色調,オレンジ・青・黄色基調,活力ある配色 / 線画: 親しみやすい柔らかな線,カジュアルで読みやすい表現 / 演出: パソコン作業,スマホ,時計,収入の可視化,ステップ図解,必要に応じて集中線,効果線,擬音などのマンガらしい演出
◆【ストーリー】
1コマ目 (上段): コメントの数々。「泣きました」「名刺がない自分に慣れるのに2年かかった」「保存した」。 セリフ: なし オノマトペ: なし
2コマ目 (中段): 小バズでフォロワーが急増。そして——フォロワー100人。ミサキが画面を見つめたまま動けない。 セリフ: なし オノマトペ: なし
3コマ目 (下段): ミサキの涙。100人の本物の人間が自分の言葉を読みたいと思ってくれた。 セリフ: ［ミサキ（心の声）］の吹き出しに「100人が…私の言葉を」 オノマトペ: ぽろぽろ"
"87","テンプレ2","◆【注意】【】で囲まれた単語は感情や状況の指示であり、画像内に文字として描画しないでください
◆【絶対最優先】必ずフルカラーにしてください
◆【絶対最優先】必ず日本のアニメ・マンガ調のイラストで描いてください。実写風・フォトリアル風は禁止です。
◆【絶対最優先】キャラクター外見: ミサキは添付のミサキ.pngと100%同一の外見で描画、タクヤは添付のタクヤ.pngと100%同一の外見で描画
◆【出力サイズ】9:16
◆【補足情報】上下左右に50ピクセルの余白を設けてください
◆【補足情報】服装: ミサキ: ピンクのスウェットトレーナーにグレーのルームパンツ、裸足（部屋着） / タクヤ: 白い無地のシャツにベージュのチノパン、茶色の革靴
◆【コマ構成】テンプレ2: 上下均等2分割
◆【作画】ジャンル: 副業に最適化した統一スタイル / 作画スタイル: 親しみやすく実践的,現代的なライフスタイル表現 / 色調: 明るく前向きな色調,オレンジ・青・黄色基調,活力ある配色 / 線画: 親しみやすい柔らかな線,カジュアルで読みやすい表現 / 演出: パソコン作業,スマホ,時計,収入の可視化,ステップ図解,必要に応じて集中線,効果線,擬音などのマンガらしい演出
◆【ストーリー】
1コマ目 (上段): タクヤにZoomで報告するミサキ。嬉しさを抑えきれない表情。 セリフ: ［タクヤ］の吹き出しに「最初の100人が一番大変です」 オノマトペ: なし
2コマ目 (下段): ミサキのスマホにDMが届く。同じ境遇のママから。「ミサキさんの投稿に救われました」。ミサキの目から涙。 セリフ: ［ミサキ（心の声）］の吹き出しに「私が誰かの力に…」 オノマトペ: ぽろ…"
"88","テンプレ4","◆【注意】【】で囲まれた単語は感情や状況の指示であり、画像内に文字として描画しないでください
◆【絶対最優先】必ずフルカラーにしてください
◆【絶対最優先】必ず日本のアニメ・マンガ調のイラストで描いてください。実写風・フォトリアル風は禁止です。
◆【絶対最優先】キャラクター外見: ミサキは添付のミサキ.pngと100%同一の外見で描画、ケンタは添付のケンタ.pngと100%同一の外見で描画
◆【出力サイズ】9:16
◆【補足情報】上下左右に50ピクセルの余白を設けてください
◆【補足情報】服装: ミサキ: ピンクのスウェットトレーナーにグレーのルームパンツ、裸足（部屋着） / ケンタ: グレーのTシャツにネイビーのスウェットパンツ、黒い靴下
◆【コマ構成】テンプレ4: 上段大→下段小
◆【作画】ジャンル: 副業に最適化した統一スタイル / 作画スタイル: 親しみやすく実践的,現代的なライフスタイル表現 / 色調: 明るく前向きな色調,オレンジ・青・黄色基調,活力ある配色 / 線画: 親しみやすい柔らかな線,カジュアルで読みやすい表現 / 演出: パソコン作業,スマホ,時計,収入の可視化,ステップ図解,必要に応じて集中線,効果線,擬音などのマンガらしい演出
◆【ストーリー】
1コマ目 (上段大): ミサキがケンタにスマホの画面を見せている。フォロワー100人の表示。 セリフ: ［ケンタ］の吹き出しに「すごいじゃん」 オノマトペ: なし
2コマ目 (下段小): 久しぶりに笑い合う二人。温かい空気。 セリフ: ［ミサキ］の吹き出しに「もっとやりたい」 オノマトペ: にこっ"
"89","テンプレ3","◆【注意】【】で囲まれた単語は感情や状況の指示であり、画像内に文字として描画しないでください
◆【絶対最優先】必ずフルカラーにしてください
◆【絶対最優先】必ず日本のアニメ・マンガ調のイラストで描いてください。実写風・フォトリアル風は禁止です。
◆【絶対最優先】キャラクター外見: ミサキは添付のミサキ.pngと100%同一の外見で描画
◆【出力サイズ】9:16
◆【補足情報】上下左右に50ピクセルの余白を設けてください
◆【補足情報】服装: ミサキ: ピンクのスウェットトレーナーにグレーのルームパンツ、裸足（部屋着）
◆【コマ構成】テンプレ3: 上段小→下段大
◆【作画】ジャンル: 副業に最適化した統一スタイル / 作画スタイル: 親しみやすく実践的,現代的なライフスタイル表現 / 色調: 明るく前向きな色調,オレンジ・青・黄色基調,活力ある配色 / 線画: 親しみやすい柔らかな線,カジュアルで読みやすい表現 / 演出: パソコン作業,スマホ,時計,収入の可視化,ステップ図解,必要に応じて集中線,効果線,擬音などのマンガらしい演出
◆【ストーリー】
1コマ目 (上段小): DMの内容アップ。「一人じゃないんだって思えて」という温かいメッセージ。 セリフ: なし オノマトペ: なし
2コマ目 (下段大): ミサキが涙を流しながら微笑んでいる。退職以来ずっと感じていなかった「誰かの力になっている」実感。 セリフ: ［ミサキ（心の声）］の吹き出しに「私の経験が役に立ってる」 オノマトペ: なし"
"90","テンプレ1","◆【注意】【】で囲まれた単語は感情や状況の指示であり、画像内に文字として描画しないでください
◆【絶対最優先】必ずフルカラーにしてください
◆【絶対最優先】必ず日本のアニメ・マンガ調のイラストで描いてください。実写風・フォトリアル風は禁止です。
◆【絶対最優先】キャラクター外見: ミサキは添付のミサキ.pngと100%同一の外見で描画
◆【出力サイズ】9:16
◆【補足情報】上下左右に50ピクセルの余白を設けてください
◆【補足情報】服装: ミサキ: ボーダー柄（白と紺）のカットソーにデニムパンツ、白いスニーカー
◆【コマ構成】テンプレ1: ページ全体1コマ
◆【作画】ジャンル: 副業に最適化した統一スタイル / 作画スタイル: 親しみやすく実践的,現代的なライフスタイル表現 / 色調: 明るく前向きな色調,オレンジ・青・黄色基調,活力ある配色 / 線画: 親しみやすい柔らかな線,カジュアルで読みやすい表現 / 演出: パソコン作業,スマホ,時計,収入の可視化,ステップ図解,必要に応じて集中線,効果線,擬音などのマンガらしい演出
◆【ストーリー】
1コマ目 (ページ全体): 【感情クライマックス】フォロワー100人を達成したミサキ。パソコンの光に照らされた笑顔と涙。自分の経験が誰かの希望になっている。第7章の締めくくり。 セリフ: なし オノマトペ: なし"
"91","テンプレ7","◆【注意】【】で囲まれた単語は感情や状況の指示であり、画像内に文字として描画しないでください
◆【絶対最優先】必ずフルカラーにしてください
◆【絶対最優先】必ず日本のアニメ・マンガ調のイラストで描いてください。実写風・フォトリアル風は禁止です。
◆【絶対最優先】キャラクター外見: ミサキは添付のミサキ.pngと100%同一の外見で描画、ケンタは添付のケンタ.pngと100%同一の外見で描画、ひなたは添付のひなた_赤ちゃん期.pngと100%同一の外見で描画
◆【出力サイズ】9:16
◆【補足情報】上下左右に50ピクセルの余白を設けてください
◆【補足情報】服装: ミサキ: ボーダー柄（白と紺）のカットソーにデニムパンツ、白いスニーカー / ケンタ: グレーのTシャツにネイビーのスウェットパンツ、黒い靴下 / ひなた: ピンクのロンパース
◆【コマ構成】テンプレ7: 上段左右2コマ + 下段1コマ
◆【作画】ジャンル: 副業に最適化した統一スタイル / 作画スタイル: 親しみやすく実践的,現代的なライフスタイル表現 / 色調: 明るく前向きな色調,オレンジ・青・黄色基調,活力ある配色 / 線画: 親しみやすい柔らかな線,カジュアルで読みやすい表現 / 演出: パソコン作業,スマホ,時計,収入の可視化,ステップ図解,必要に応じて集中線,効果線,擬音などのマンガらしい演出
◆【ストーリー】
1コマ目 (上段右): ミサキとケンタがリビングで話している。久しぶりの穏やかな夜。 セリフ: ［ケンタ］の吹き出しに「やれば」 オノマトペ: なし
2コマ目 (上段左): ミサキが嬉しそうに頷いている。 セリフ: ［ミサキ］の吹き出しに「うん！」 オノマトペ: にこっ
3コマ目 (下段): 二人の温かい空気が流れるリビング全景。ひなたが二人の間で眠っている。 セリフ: なし オノマトペ: すぅ…"
"92","テンプレ1","◆【注意】【】で囲まれた単語は感情や状況の指示であり、画像内に文字として描画しないでください
◆【絶対最優先】必ずフルカラーにしてください
◆【絶対最優先】必ず日本のアニメ・マンガ調のイラストで描いてください。実写風・フォトリアル風は禁止です。
◆【出力サイズ】9:16
◆【補足情報】上下左右に50ピクセルの余白を設けてください
◆【コマ構成】テンプレ1: ページ全体1コマ
◆【作画】ジャンル: 副業に最適化した統一スタイル / 作画スタイル: 親しみやすく実践的,現代的なライフスタイル表現 / 色調: 明るく前向きな色調,オレンジ・青・黄色基調,活力ある配色 / 線画: 親しみやすい柔らかな線,カジュアルで読みやすい表現 / 演出: パソコン作業,スマホ,時計,収入の可視化,ステップ図解,必要に応じて集中線,効果線,擬音などのマンガらしい演出
◆【ストーリー】
1コマ目 (ページ全体): 【コラム背景イラスト】テキストオーバーレイ用の背景画像。キャラクターは描画しない。人物なし。画面全体に階段と星のイラストを美しく描く。上部30%にタイトル用の余白、中央〜下部にテキスト用の余白を確保。背景は淡い色調でテキストが読みやすいよう明度を抑える。 セリフ: なし オノマトペ: なし
◆【テキストオーバーレイ情報（EPUB製本時に使用）】タイトル: コラム：承認と自己効力感 / 本文: 「自分はやればできる」という感覚の回復。会社に依存しない承認を得たこと。小さな成功体験の積み重ねが自信を作る"
"93","テンプレ1","◆【注意】【】で囲まれた単語は感情や状況の指示であり、画像内に文字として描画しないでください
◆【絶対最優先】必ずフルカラーにしてください
◆【絶対最優先】必ず日本のアニメ・マンガ調のイラストで描いてください。実写風・フォトリアル風は禁止です。
◆【出力サイズ】9:16
◆【補足情報】上下左右に50ピクセルの余白を設けてください
◆【コマ構成】テンプレ1: ページ全体1コマ
◆【作画】ジャンル: 副業に最適化した統一スタイル / 作画スタイル: 親しみやすく実践的,現代的なライフスタイル表現 / 色調: 明るく前向きな色調,オレンジ・青・黄色基調,活力ある配色 / 線画: 親しみやすい柔らかな線,カジュアルで読みやすい表現 / 演出: パソコン作業,スマホ,時計,収入の可視化,ステップ図解,必要に応じて集中線,効果線,擬音などのマンガらしい演出
◆【ストーリー】
1コマ目 (ページ全体): 【コラム背景イラスト】テキストオーバーレイ用の背景画像。キャラクターは描画しない。人物なし。画面全体にSNS画面と人々のつながりのイラストを美しく描く。上部30%にタイトル用の余白、中央〜下部にテキスト用の余白を確保。背景は淡い色調でテキストが読みやすいよう明度を抑える。 セリフ: なし オノマトペ: なし
◆【テキストオーバーレイ情報（EPUB製本時に使用）】タイトル: コラム：SNS発信のセルフブランディング / 本文: フォロワー数より大切なのは「誰に届いているか」。100人のフォロワーでも一人一人が本物なら大きな価値がある。共感ベースの発信は信頼を生む"
"94","テンプレ1","◆【注意】【】で囲まれた単語は感情や状況の指示であり、画像内に文字として描画しないでください
◆【絶対最優先】必ずフルカラーにしてください
◆【絶対最優先】必ず日本のアニメ・マンガ調のイラストで描いてください。実写風・フォトリアル風は禁止です。
◆【絶対最優先】キャラクター外見: ミサキは添付のミサキ.pngと100%同一の外見で描画
◆【出力サイズ】9:16
◆【補足情報】上下左右に50ピクセルの余白を設けてください
◆【補足情報】服装: ミサキ: ボーダー柄（白と紺）のカットソーにデニムパンツ、白いスニーカー
◆【コマ構成】テンプレ1: ページ全体1コマ
◆【作画】ジャンル: 副業に最適化した統一スタイル / 作画スタイル: 親しみやすく実践的,現代的なライフスタイル表現 / 色調: 明るく前向きな色調,オレンジ・青・黄色基調,活力ある配色 / 線画: 親しみやすい柔らかな線,カジュアルで読みやすい表現 / 演出: パソコン作業,スマホ,時計,収入の可視化,ステップ図解,必要に応じて集中線,効果線,擬音などのマンガらしい演出
◆【ストーリー】
1コマ目 (ページ全体): 【第8章タイトル】「第8章：初めての振込通知」のタイトルページ。ミサキのスマホに銀行アプリの通知が来ている。「お振込がありました」の文字。ミサキの驚きの表情。背景にキラキラとした光。 セリフ: なし オノマトペ: なし"
"95","テンプレ5","◆【注意】【】で囲まれた単語は感情や状況の指示であり、画像内に文字として描画しないでください
◆【絶対最優先】必ずフルカラーにしてください
◆【絶対最優先】必ず日本のアニメ・マンガ調のイラストで描いてください。実写風・フォトリアル風は禁止です。
◆【絶対最優先】キャラクター外見: ミサキは添付のミサキ.pngと100%同一の外見で描画、タクヤは添付のタクヤ.pngと100%同一の外見で描画
◆【出力サイズ】9:16
◆【補足情報】上下左右に50ピクセルの余白を設けてください
◆【補足情報】服装: ミサキ: ボーダー柄（白と紺）のカットソーにデニムパンツ、白いスニーカー / タクヤ: 白い無地のシャツにベージュのチノパン、茶色の革靴
◆【コマ構成】テンプレ5: 上・中・下3段
◆【作画】ジャンル: 副業に最適化した統一スタイル / 作画スタイル: 親しみやすく実践的,現代的なライフスタイル表現 / 色調: 明るく前向きな色調,オレンジ・青・黄色基調,活力ある配色 / 線画: 親しみやすい柔らかな線,カジュアルで読みやすい表現 / 演出: パソコン作業,スマホ,時計,収入の可視化,ステップ図解,必要に応じて集中線,効果線,擬音などのマンガらしい演出
◆【ストーリー】
1コマ目 (上段): フォロワー200人超。タクヤが収益化の話を切り出す。アフィリエイトの説明。 セリフ: ［タクヤ］の吹き出しに「本当に良いものだけを紹介」 オノマトペ: なし
2コマ目 (中段): ミサキが自分の愛用品を挙げる。電動鼻吸い器、ベビーモニター、抱っこ紐のイラスト。 セリフ: ［ミサキ］の吹き出しに「これなら自信持って薦める」 オノマトペ: なし
3コマ目 (下段): Claudeと一緒にASP登録・商品選定の画面。実体験ベースの紹介文を作成中。 セリフ: なし オノマトペ: カタカタ"
"96","テンプレ7","◆【注意】【】で囲まれた単語は感情や状況の指示であり、画像内に文字として描画しないでください
◆【絶対最優先】必ずフルカラーにしてください
◆【絶対最優先】必ず日本のアニメ・マンガ調のイラストで描いてください。実写風・フォトリアル風は禁止です。
◆【絶対最優先】キャラクター外見: ミサキは添付のミサキ.pngと100%同一の外見で描画
◆【出力サイズ】9:16
◆【補足情報】上下左右に50ピクセルの余白を設けてください
◆【補足情報】服装: ミサキ: ピンクのスウェットトレーナーにグレーのルームパンツ、裸足（部屋着）
◆【コマ構成】テンプレ7: 上段左右2コマ + 下段1コマ
◆【作画】ジャンル: 副業に最適化した統一スタイル / 作画スタイル: 親しみやすく実践的,現代的なライフスタイル表現 / 色調: 明るく前向きな色調,オレンジ・青・黄色基調,活力ある配色 / 線画: 親しみやすい柔らかな線,カジュアルで読みやすい表現 / 演出: パソコン作業,スマホ,時計,収入の可視化,ステップ図解,必要に応じて集中線,効果線,擬音などのマンガらしい演出
◆【ストーリー】
1コマ目 (上段右): ミサキが実体験ベースの紹介文を書いている。「5000円は高いと思った。でも夜中の鼻水バトルが3分で終わる」。 セリフ: なし オノマトペ: カタカタ
2コマ目 (上段左): 紹介文のアップ。「デメリットは音がうるさいこと」——嘘がない誠実な文章。 セリフ: ［ミサキ（心の声）］の吹き出しに「正直に書く」 オノマトペ: なし
3コマ目 (下段): 投稿完了。「嘘のない紹介」がミサキのスタイル。 セリフ: なし オノマトペ: ポチッ"
"97","テンプレ6","◆【注意】【】で囲まれた単語は感情や状況の指示であり、画像内に文字として描画しないでください
◆【絶対最優先】必ずフルカラーにしてください
◆【絶対最優先】必ず日本のアニメ・マンガ調のイラストで描いてください。実写風・フォトリアル風は禁止です。
◆【絶対最優先】キャラクター外見: ミサキは添付のミサキ.pngと100%同一の外見で描画
◆【出力サイズ】9:16
◆【補足情報】上下左右に50ピクセルの余白を設けてください
◆【補足情報】服装: ミサキ: ボーダー柄（白と紺）のカットソーにデニムパンツ、白いスニーカー
◆【コマ構成】テンプレ6: 上段1コマ + 下段左右2コマ
◆【作画】ジャンル: 副業に最適化した統一スタイル / 作画スタイル: 親しみやすく実践的,現代的なライフスタイル表現 / 色調: 明るく前向きな色調,オレンジ・青・黄色基調,活力ある配色 / 線画: 親しみやすい柔らかな線,カジュアルで読みやすい表現 / 演出: パソコン作業,スマホ,時計,収入の可視化,ステップ図解,必要に応じて集中線,効果線,擬音などのマンガらしい演出
◆【ストーリー】
1コマ目 (上段): 1週間後。クリック3、成約0の管理画面。ミサキが不安そうに画面を見ている。 セリフ: なし オノマトペ: シーン…
2コマ目 (下段右): 2週間後。クリック11、成約0。まだゼロ。焦りの表情。 セリフ: ［ミサキ（心の声）］の吹き出しに「まだゼロ…」 オノマトペ: なし
3コマ目 (下段左): 3週間目。フォロワー300人超の表示。少しずつ成長している。 セリフ: なし オノマトペ: なし"
"98","テンプレ1","◆【注意】【】で囲まれた単語は感情や状況の指示であり、画像内に文字として描画しないでください
◆【絶対最優先】必ずフルカラーにしてください
◆【絶対最優先】必ず日本のアニメ・マンガ調のイラストで描いてください。実写風・フォトリアル風は禁止です。
◆【絶対最優先】キャラクター外見: ミサキは添付のミサキ.pngと100%同一の外見で描画、ひなたは添付のひなた_赤ちゃん期.pngと100%同一の外見で描画
◆【出力サイズ】9:16
◆【補足情報】上下左右に50ピクセルの余白を設けてください
◆【補足情報】服装: ミサキ: ボーダー柄（白と紺）のカットソーにデニムパンツ、白いスニーカー / ひなた: ピンクのロンパース
◆【コマ構成】テンプレ1: ページ全体1コマ
◆【作画】ジャンル: 副業に最適化した統一スタイル / 作画スタイル: 親しみやすく実践的,現代的なライフスタイル表現 / 色調: 明るく前向きな色調,オレンジ・青・黄色基調,活力ある配色 / 線画: 親しみやすい柔らかな線,カジュアルで読みやすい表現 / 演出: パソコン作業,スマホ,時計,収入の可視化,ステップ図解,必要に応じて集中線,効果線,擬音などのマンガらしい演出
◆【ストーリー】
1コマ目 (ページ全体): 【インパクト】4週間目の朝。ミサキがひなたに朝ごはんを食べさせているとき、銀行アプリから通知。「お振込がありました」。スマホ画面のアップ。振込額：1,280円。ミサキの手が震えている。 セリフ: なし オノマトペ: ブルッ"
"99","テンプレ5","◆【注意】【】で囲まれた単語は感情や状況の指示であり、画像内に文字として描画しないでください
◆【絶対最優先】必ずフルカラーにしてください
◆【絶対最優先】必ず日本のアニメ・マンガ調のイラストで描いてください。実写風・フォトリアル風は禁止です。
◆【絶対最優先】キャラクター外見: ミサキは添付のミサキ.pngと100%同一の外見で描画
◆【出力サイズ】9:16
◆【補足情報】上下左右に50ピクセルの余白を設けてください
◆【補足情報】服装: ミサキ: ボーダー柄（白と紺）のカットソーにデニムパンツ、白いスニーカー
◆【コマ構成】テンプレ5: 上・中・下3段
◆【作画】ジャンル: 副業に最適化した統一スタイル / 作画スタイル: 親しみやすく実践的,現代的なライフスタイル表現 / 色調: 明るく前向きな色調,オレンジ・青・黄色基調,活力ある配色 / 線画: 親しみやすい柔らかな線,カジュアルで読みやすい表現 / 演出: パソコン作業,スマホ,時計,収入の可視化,ステップ図解,必要に応じて集中線,効果線,擬音などのマンガらしい演出
◆【ストーリー】
1コマ目 (上段): 振込額1,280円のアップ。千二百八十円。ランチ一回分にも満たない。 セリフ: なし オノマトペ: なし
2コマ目 (中段): でもミサキの手は震えた。人生で初めて「会社以外から」得たお金。誰にも雇われていない。自分で稼いだ。 セリフ: ［ミサキ（心の声）］の吹き出しに「自分で…稼いだ」 オノマトペ: プルプル…
3コマ目 (下段): テーブルに突っ伏して泣くミサキ。会社を辞めたとき泣けなかった。1,280円で泣いている。 セリフ: なし オノマトペ: うわぁぁぁ"
"100","テンプレ2","◆【注意】【】で囲まれた単語は感情や状況の指示であり、画像内に文字として描画しないでください
◆【絶対最優先】必ずフルカラーにしてください
◆【絶対最優先】必ず日本のアニメ・マンガ調のイラストで描いてください。実写風・フォトリアル風は禁止です。
◆【絶対最優先】キャラクター外見: ミサキは添付のミサキ.pngと100%同一の外見で描画、タクヤは添付のタクヤ.pngと100%同一の外見で描画
◆【出力サイズ】9:16
◆【補足情報】上下左右に50ピクセルの余白を設けてください
◆【補足情報】服装: ミサキ: ボーダー柄（白と紺）のカットソーにデニムパンツ、白いスニーカー / タクヤ: 白い無地のシャツにベージュのチノパン、茶色の革靴
◆【コマ構成】テンプレ2: 上下均等2分割
◆【作画】ジャンル: 副業に最適化した統一スタイル / 作画スタイル: 親しみやすく実践的,現代的なライフスタイル表現 / 色調: 明るく前向きな色調,オレンジ・青・黄色基調,活力ある配色 / 線画: 親しみやすい柔らかな線,カジュアルで読みやすい表現 / 演出: パソコン作業,スマホ,時計,収入の可視化,ステップ図解,必要に応じて集中線,効果線,擬音などのマンガらしい演出
◆【ストーリー】
1コマ目 (上段): タクヤにZoomで報告するミサキ。泣きながら笑っている。 セリフ: ［タクヤ］の吹き出しに「おめでとう。スタートラインです」 オノマトペ: なし
2コマ目 (下段): ミサキが聞く。タクヤも笑顔で答える。 セリフ: ［タクヤ］の吹き出しに「僕の初振込は320円でした」 オノマトペ: なし"
"101","テンプレ4","◆【注意】【】で囲まれた単語は感情や状況の指示であり、画像内に文字として描画しないでください
◆【絶対最優先】必ずフルカラーにしてください
◆【絶対最優先】必ず日本のアニメ・マンガ調のイラストで描いてください。実写風・フォトリアル風は禁止です。
◆【絶対最優先】キャラクター外見: ミサキは添付のミサキ.pngと100%同一の外見で描画、ひなたは添付のひなた_赤ちゃん期.pngと100%同一の外見で描画
◆【出力サイズ】9:16
◆【補足情報】上下左右に50ピクセルの余白を設けてください
◆【補足情報】服装: ミサキ: ボーダー柄（白と紺）のカットソーにデニムパンツ、白いスニーカー / ひなた: ピンクのロンパース
◆【コマ構成】テンプレ4: 上段大→下段小
◆【作画】ジャンル: 副業に最適化した統一スタイル / 作画スタイル: 親しみやすく実践的,現代的なライフスタイル表現 / 色調: 明るく前向きな色調,オレンジ・青・黄色基調,活力ある配色 / 線画: 親しみやすい柔らかな線,カジュアルで読みやすい表現 / 演出: パソコン作業,スマホ,時計,収入の可視化,ステップ図解,必要に応じて集中線,効果線,擬音などのマンガらしい演出
◆【ストーリー】
1コマ目 (上段大): ミサキがひなたを抱き上げている。笑顔と涙。 セリフ: ［ミサキ］の吹き出しに「ひなた、ママやったよ」 オノマトペ: なし
2コマ目 (下段小): 通帳のアップ。以前は「減っていく通帳」。今は「増やしていく通帳」。同じ数字。変わったのはミサキ自身。 セリフ: ［ミサキ（心の声）］の吹き出しに「変わったのは私自身」 オノマトペ: なし"
"102","テンプレ3","◆【注意】【】で囲まれた単語は感情や状況の指示であり、画像内に文字として描画しないでください
◆【絶対最優先】必ずフルカラーにしてください
◆【絶対最優先】必ず日本のアニメ・マンガ調のイラストで描いてください。実写風・フォトリアル風は禁止です。
◆【絶対最優先】キャラクター外見: ミサキは添付のミサキ.pngと100%同一の外見で描画
◆【出力サイズ】9:16
◆【補足情報】上下左右に50ピクセルの余白を設けてください
◆【補足情報】服装: ミサキ: ボーダー柄（白と紺）のカットソーにデニムパンツ、白いスニーカー
◆【コマ構成】テンプレ3: 上段小→下段大
◆【作画】ジャンル: 副業に最適化した統一スタイル / 作画スタイル: 親しみやすく実践的,現代的なライフスタイル表現 / 色調: 明るく前向きな色調,オレンジ・青・黄色基調,活力ある配色 / 線画: 親しみやすい柔らかな線,カジュアルで読みやすい表現 / 演出: パソコン作業,スマホ,時計,収入の可視化,ステップ図解,必要に応じて集中線,効果線,擬音などのマンガらしい演出
◆【ストーリー】
1コマ目 (上段小): 以前の通帳。減っていく残高に赤い下向き矢印（回想）。 セリフ: なし オノマトペ: なし
2コマ目 (下段大): 今の通帳。1,280円の振込記録。小さいけれど確かな一歩。ミサキの笑顔。 セリフ: ［ミサキ（心の声）］の吹き出しに「ここから増やしていく」 オノマトペ: なし"
"103","テンプレ1","◆【注意】【】で囲まれた単語は感情や状況の指示であり、画像内に文字として描画しないでください
◆【絶対最優先】必ずフルカラーにしてください
◆【絶対最優先】必ず日本のアニメ・マンガ調のイラストで描いてください。実写風・フォトリアル風は禁止です。
◆【絶対最優先】キャラクター外見: ミサキは添付のミサキ.pngと100%同一の外見で描画、ひなたは添付のひなた_赤ちゃん期.pngと100%同一の外見で描画
◆【出力サイズ】9:16
◆【補足情報】上下左右に50ピクセルの余白を設けてください
◆【補足情報】服装: ミサキ: ボーダー柄（白と紺）のカットソーにデニムパンツ、白いスニーカー / ひなた: ピンクのロンパース
◆【コマ構成】テンプレ1: ページ全体1コマ
◆【作画】ジャンル: 副業に最適化した統一スタイル / 作画スタイル: 親しみやすく実践的,現代的なライフスタイル表現 / 色調: 明るく前向きな色調,オレンジ・青・黄色基調,活力ある配色 / 線画: 親しみやすい柔らかな線,カジュアルで読みやすい表現 / 演出: パソコン作業,スマホ,時計,収入の可視化,ステップ図解,必要に応じて集中線,効果線,擬音などのマンガらしい演出
◆【ストーリー】
1コマ目 (ページ全体): 【感情クライマックス】ミサキがひなたを抱きしめて泣いている全身像。テーブルにスマホの振込通知画面。1,280円が人生を変えた瞬間。背景に温かい光。第8章の締めくくり。 セリフ: なし オノマトペ: なし"
"104","テンプレ7","◆【注意】【】で囲まれた単語は感情や状況の指示であり、画像内に文字として描画しないでください
◆【絶対最優先】必ずフルカラーにしてください
◆【絶対最優先】必ず日本のアニメ・マンガ調のイラストで描いてください。実写風・フォトリアル風は禁止です。
◆【絶対最優先】キャラクター外見: ミサキは添付のミサキ.pngと100%同一の外見で描画、ひなたは添付のひなた_赤ちゃん期.pngと100%同一の外見で描画
◆【出力サイズ】9:16
◆【補足情報】上下左右に50ピクセルの余白を設けてください
◆【補足情報】服装: ミサキ: ボーダー柄（白と紺）のカットソーにデニムパンツ、白いスニーカー / ひなた: ピンクのロンパース
◆【コマ構成】テンプレ7: 上段左右2コマ + 下段1コマ
◆【作画】ジャンル: 副業に最適化した統一スタイル / 作画スタイル: 親しみやすく実践的,現代的なライフスタイル表現 / 色調: 明るく前向きな色調,オレンジ・青・黄色基調,活力ある配色 / 線画: 親しみやすい柔らかな線,カジュアルで読みやすい表現 / 演出: パソコン作業,スマホ,時計,収入の可視化,ステップ図解,必要に応じて集中線,効果線,擬音などのマンガらしい演出
◆【ストーリー】
1コマ目 (上段右): テーブルに突っ伏して泣くミサキの姿を引きで見た構図。キッチンの朝の光。 セリフ: なし オノマトペ: えぐっ…えぐっ…
2コマ目 (上段左): ひなたがミサキの頭をぽんぽんと叩いている。無邪気な笑顔。 セリフ: なし オノマトペ: ぽんぽん
3コマ目 (下段): ミサキが顔を上げて泣き笑いしている。ひなたと目が合う。 セリフ: ［ミサキ］の吹き出しに「ありがとう、ひなた」 オノマトペ: にこっ"
"105","テンプレ1","◆【注意】【】で囲まれた単語は感情や状況の指示であり、画像内に文字として描画しないでください
◆【絶対最優先】必ずフルカラーにしてください
◆【絶対最優先】必ず日本のアニメ・マンガ調のイラストで描いてください。実写風・フォトリアル風は禁止です。
◆【出力サイズ】9:16
◆【補足情報】上下左右に50ピクセルの余白を設けてください
◆【コマ構成】テンプレ1: ページ全体1コマ
◆【作画】ジャンル: 副業に最適化した統一スタイル / 作画スタイル: 親しみやすく実践的,現代的なライフスタイル表現 / 色調: 明るく前向きな色調,オレンジ・青・黄色基調,活力ある配色 / 線画: 親しみやすい柔らかな線,カジュアルで読みやすい表現 / 演出: パソコン作業,スマホ,時計,収入の可視化,ステップ図解,必要に応じて集中線,効果線,擬音などのマンガらしい演出
◆【ストーリー】
1コマ目 (ページ全体): 【コラム背景イラスト】テキストオーバーレイ用の背景画像。キャラクターは描画しない。人物なし。画面全体に多様な働き方のイラストを美しく描く。上部30%にタイトル用の余白、中央〜下部にテキスト用の余白を確保。背景は淡い色調でテキストが読みやすいよう明度を抑える。 セリフ: なし オノマトペ: なし
◆【テキストオーバーレイ情報（EPUB製本時に使用）】タイトル: コラム：雇われる以外の選択肢 / 本文: フリーランス・個人事業主は約462万人。派遣労働者の3倍以上。「雇われない働き方」はもう少数派ではない。フリーランス保護法が施行されたのは2024年11月。制度が現実に追いついていなかっただけ"
"106","テンプレ1","◆【注意】【】で囲まれた単語は感情や状況の指示であり、画像内に文字として描画しないでください
◆【絶対最優先】必ずフルカラーにしてください
◆【絶対最優先】必ず日本のアニメ・マンガ調のイラストで描いてください。実写風・フォトリアル風は禁止です。
◆【出力サイズ】9:16
◆【補足情報】上下左右に50ピクセルの余白を設けてください
◆【コマ構成】テンプレ1: ページ全体1コマ
◆【作画】ジャンル: 副業に最適化した統一スタイル / 作画スタイル: 親しみやすく実践的,現代的なライフスタイル表現 / 色調: 明るく前向きな色調,オレンジ・青・黄色基調,活力ある配色 / 線画: 親しみやすい柔らかな線,カジュアルで読みやすい表現 / 演出: パソコン作業,スマホ,時計,収入の可視化,ステップ図解,必要に応じて集中線,効果線,擬音などのマンガらしい演出
◆【ストーリー】
1コマ目 (ページ全体): 【コラム背景イラスト】テキストオーバーレイ用の背景画像。キャラクターは描画しない。人物なし。画面全体にコインから芽が出るイラストを美しく描く。上部30%にタイトル用の余白、中央〜下部にテキスト用の余白を確保。背景は淡い色調でテキストが読みやすいよう明度を抑える。 セリフ: なし オノマトペ: なし
◆【テキストオーバーレイ情報（EPUB製本時に使用）】タイトル: コラム：最初の1円の価値 / 本文: 会社からの給与は「時間の対価」。自分で稼いだ1円は「価値の対価」。金額の大小ではなく「自分で選択肢を作れた」という事実が重要。自分で選択肢を作る時代"
"107","テンプレ1","◆【注意】【】で囲まれた単語は感情や状況の指示であり、画像内に文字として描画しないでください
◆【絶対最優先】必ずフルカラーにしてください
◆【絶対最優先】必ず日本のアニメ・マンガ調のイラストで描いてください。実写風・フォトリアル風は禁止です。
◆【絶対最優先】キャラクター外見: ミサキは添付のミサキ.pngと100%同一の外見で描画、ひなたは添付のひなた_2歳期.pngと100%同一の外見で描画
◆【出力サイズ】9:16
◆【補足情報】上下左右に50ピクセルの余白を設けてください
◆【補足情報】服装: ミサキ: ピンクのスウェットトレーナーにグレーのルームパンツ、裸足（部屋着） / ひなた: ピンクのTシャツに白いズボン
◆【コマ構成】テンプレ1: ページ全体1コマ
◆【作画】ジャンル: 副業に最適化した統一スタイル / 作画スタイル: 親しみやすく実践的,現代的なライフスタイル表現 / 色調: 明るく前向きな色調,オレンジ・青・黄色基調,活力ある配色 / 線画: 親しみやすい柔らかな線,カジュアルで読みやすい表現 / 演出: パソコン作業,スマホ,時計,収入の可視化,ステップ図解,必要に応じて集中線,効果線,擬音などのマンガらしい演出
◆【ストーリー】
1コマ目 (ページ全体): 【エピローグタイトル】「エピローグ：私のキャリアは、私が決める」のタイトルページ。ミサキが窓辺に立っている。朝日が差し込み、パソコンが開かれている。ひなた（2歳）が横で遊んでいる。穏やかで明るい雰囲気。 セリフ: なし オノマトペ: なし"
"108","テンプレ5","◆【注意】【】で囲まれた単語は感情や状況の指示であり、画像内に文字として描画しないでください
◆【絶対最優先】必ずフルカラーにしてください
◆【絶対最優先】必ず日本のアニメ・マンガ調のイラストで描いてください。実写風・フォトリアル風は禁止です。
◆【絶対最優先】キャラクター外見: ミサキは添付のミサキ.pngと100%同一の外見で描画、ひなたは添付のひなた_2歳期.pngと100%同一の外見で描画
◆【出力サイズ】9:16
◆【補足情報】上下左右に50ピクセルの余白を設けてください
◆【補足情報】服装: ミサキ: ピンクのスウェットトレーナーにグレーのルームパンツ、裸足（部屋着） / ひなた: ピンクのTシャツに白いズボン
◆【コマ構成】テンプレ5: 上・中・下3段
◆【作画】ジャンル: 副業に最適化した統一スタイル / 作画スタイル: 親しみやすく実践的,現代的なライフスタイル表現 / 色調: 明るく前向きな色調,オレンジ・青・黄色基調,活力ある配色 / 線画: 親しみやすい柔らかな線,カジュアルで読みやすい表現 / 演出: パソコン作業,スマホ,時計,収入の可視化,ステップ図解,必要に応じて集中線,効果線,擬音などのマンガらしい演出
◆【ストーリー】
1コマ目 (上段): 初収益から数ヶ月後。ひなたが2歳になった。「ママ、ジュース！」と言葉が増えた。 セリフ: ［ひなた］の吹き出しに「ママ、ジュース！」 オノマトペ: なし
2コマ目 (中段): パソコン画面にInstagramの画面。フォロワー800人超。月の収益2〜3万円の表示。 セリフ: なし オノマトペ: なし
3コマ目 (下段): ミサキが微笑みながら画面を見ている。金額はまだ大きくないけれど、ゼロから自分で積み上げた。 セリフ: ［ミサキ（心の声）］の吹き出しに「ゼロから積み上げた」 オノマトペ: なし"
"109","テンプレ7","◆【注意】【】で囲まれた単語は感情や状況の指示であり、画像内に文字として描画しないでください
◆【絶対最優先】必ずフルカラーにしてください
◆【絶対最優先】必ず日本のアニメ・マンガ調のイラストで描いてください。実写風・フォトリアル風は禁止です。
◆【絶対最優先】キャラクター外見: ミサキは添付のミサキ.pngと100%同一の外見で描画
◆【出力サイズ】9:16
◆【補足情報】上下左右に50ピクセルの余白を設けてください
◆【補足情報】服装: ミサキ: ピンクのスウェットトレーナーにグレーのルームパンツ、裸足（部屋着）
◆【コマ構成】テンプレ7: 上段左右2コマ + 下段1コマ
◆【作画】ジャンル: 副業に最適化した統一スタイル / 作画スタイル: 親しみやすく実践的,現代的なライフスタイル表現 / 色調: 明るく前向きな色調,オレンジ・青・黄色基調,活力ある配色 / 線画: 親しみやすい柔らかな線,カジュアルで読みやすい表現 / 演出: パソコン作業,スマホ,時計,収入の可視化,ステップ図解,必要に応じて集中線,効果線,擬音などのマンガらしい演出
◆【ストーリー】
1コマ目 (上段右): Claudeと来月の投稿計画を立てているミサキ。パソコン画面。 セリフ: なし オノマトペ: カタカタ
2コマ目 (上段左): ふと退職届を出した日を思い出す。段ボールを抱えてビルを出た回想シーン。セピア調。 セリフ: ［ミサキ（心の声）］の吹き出しに「あの日からどれくらい…」 オノマトペ: なし
3コマ目 (下段): 今のミサキ。パソコンの前で自信を持った表情。あの日とは別人。 セリフ: なし オノマトペ: なし"
"110","テンプレ6","◆【注意】【】で囲まれた単語は感情や状況の指示であり、画像内に文字として描画しないでください
◆【絶対最優先】必ずフルカラーにしてください
◆【絶対最優先】必ず日本のアニメ・マンガ調のイラストで描いてください。実写風・フォトリアル風は禁止です。
◆【絶対最優先】キャラクター外見: ミサキは添付のミサキ.pngと100%同一の外見で描画
◆【出力サイズ】9:16
◆【補足情報】上下左右に50ピクセルの余白を設けてください
◆【補足情報】服装: ミサキ: ベージュのカーディガンに白Tシャツ、デニムパンツ、白いスニーカー（外出着）
◆【コマ構成】テンプレ6: 上段1コマ + 下段左右2コマ
◆【作画】ジャンル: 副業に最適化した統一スタイル / 作画スタイル: 親しみやすく実践的,現代的なライフスタイル表現 / 色調: 明るく前向きな色調,オレンジ・青・黄色基調,活力ある配色 / 線画: 親しみやすい柔らかな線,カジュアルで読みやすい表現 / 演出: パソコン作業,スマホ,時計,収入の可視化,ステップ図解,必要に応じて集中線,効果線,擬音などのマンガらしい演出
◆【ストーリー】
1コマ目 (上段): ママ友のゆかりさんに聞かれるミサキ。カフェのような場所。 セリフ: ［ゆかり］の吹き出しに「今何やってるの？」 オノマトペ: なし
2コマ目 (下段右): ミサキが明るく答えている。 セリフ: ［ミサキ］の吹き出しに「AIで育児の発信してるの」 オノマトペ: なし
3コマ目 (下段左): ゆかりの驚きの表情。 セリフ: ［ゆかり］の吹き出しに「800人！？ 私47人だよ！」 オノマトペ: えーっ！"
"111","テンプレ2","◆【注意】【】で囲まれた単語は感情や状況の指示であり、画像内に文字として描画しないでください
◆【絶対最優先】必ずフルカラーにしてください
◆【絶対最優先】必ず日本のアニメ・マンガ調のイラストで描いてください。実写風・フォトリアル風は禁止です。
◆【絶対最優先】キャラクター外見: ミサキは添付のミサキ.pngと100%同一の外見で描画
◆【出力サイズ】9:16
◆【補足情報】上下左右に50ピクセルの余白を設けてください
◆【補足情報】服装: ミサキ: ベージュのカーディガンに白Tシャツ、デニムパンツ、白いスニーカー（外出着）
◆【コマ構成】テンプレ2: 上下均等2分割
◆【作画】ジャンル: 副業に最適化した統一スタイル / 作画スタイル: 親しみやすく実践的,現代的なライフスタイル表現 / 色調: 明るく前向きな色調,オレンジ・青・黄色基調,活力ある配色 / 線画: 親しみやすい柔らかな線,カジュアルで読みやすい表現 / 演出: パソコン作業,スマホ,時計,収入の可視化,ステップ図解,必要に応じて集中線,効果線,擬音などのマンガらしい演出
◆【ストーリー】
1コマ目 (上段): ゆかりが言う。「事務やってたから資料まとめるの上手そう」。 セリフ: なし オノマトペ: なし
2コマ目 (下段): ミサキが自然に答える。半年前なら傷ついた言葉。今は違う。 セリフ: ［ミサキ］の吹き出しに「事務の経験、役に立ってるよ」 オノマトペ: にこっ"
"112","テンプレ5","◆【注意】【】で囲まれた単語は感情や状況の指示であり、画像内に文字として描画しないでください
◆【絶対最優先】必ずフルカラーにしてください
◆【絶対最優先】必ず日本のアニメ・マンガ調のイラストで描いてください。実写風・フォトリアル風は禁止です。
◆【絶対最優先】キャラクター外見: ミサキは添付のミサキ.pngと100%同一の外見で描画、タクヤは添付のタクヤ.pngと100%同一の外見で描画
◆【出力サイズ】9:16
◆【補足情報】上下左右に50ピクセルの余白を設けてください
◆【補足情報】服装: ミサキ: ピンクのスウェットトレーナーにグレーのルームパンツ、裸足（部屋着） / タクヤ: 白い無地のシャツにベージュのチノパン、茶色の革靴
◆【コマ構成】テンプレ5: 上・中・下3段
◆【作画】ジャンル: 副業に最適化した統一スタイル / 作画スタイル: 親しみやすく実践的,現代的なライフスタイル表現 / 色調: 明るく前向きな色調,オレンジ・青・黄色基調,活力ある配色 / 線画: 親しみやすい柔らかな線,カジュアルで読みやすい表現 / 演出: パソコン作業,スマホ,時計,収入の可視化,ステップ図解,必要に応じて集中線,効果線,擬音などのマンガらしい演出
◆【ストーリー】
1コマ目 (上段): タクヤとの面談。 セリフ: ［タクヤ］の吹き出しに「最初の言葉、覚えてますか？」 オノマトペ: なし
2コマ目 (中段): ミサキが照れくさそうに答える。 セリフ: ［ミサキ］の吹き出しに「事務しかできないって…」 オノマトペ: なし
3コマ目 (下段): ミサキがまっすぐ前を向いて言う。 セリフ: ［ミサキ］の吹き出しに「自分の見方が変わったんです」 オノマトペ: なし"
"113","テンプレ4","◆【注意】【】で囲まれた単語は感情や状況の指示であり、画像内に文字として描画しないでください
◆【絶対最優先】必ずフルカラーにしてください
◆【絶対最優先】必ず日本のアニメ・マンガ調のイラストで描いてください。実写風・フォトリアル風は禁止です。
◆【絶対最優先】キャラクター外見: タクヤは添付のタクヤ.pngと100%同一の外見で描画、ミサキは添付のミサキ.pngと100%同一の外見で描画
◆【出力サイズ】9:16
◆【補足情報】上下左右に50ピクセルの余白を設けてください
◆【補足情報】服装: ミサキ: ピンクのスウェットトレーナーにグレーのルームパンツ、裸足（部屋着） / タクヤ: 白い無地のシャツにベージュのチノパン、茶色の革靴
◆【コマ構成】テンプレ4: 上段大→下段小
◆【作画】ジャンル: 副業に最適化した統一スタイル / 作画スタイル: 親しみやすく実践的,現代的なライフスタイル表現 / 色調: 明るく前向きな色調,オレンジ・青・黄色基調,活力ある配色 / 線画: 親しみやすい柔らかな線,カジュアルで読みやすい表現 / 演出: パソコン作業,スマホ,時計,収入の可視化,ステップ図解,必要に応じて集中線,効果線,擬音などのマンガらしい演出
◆【ストーリー】
1コマ目 (上段大): タクヤが穏やかに微笑んでいる。 セリフ: ［タクヤ］の吹き出しに「それが全てですよ」 オノマトペ: なし
2コマ目 (下段小): ミサキの笑顔のアップ。成長した自信に満ちた表情。 セリフ: なし オノマトペ: にこっ"
"114","テンプレ3","◆【注意】【】で囲まれた単語は感情や状況の指示であり、画像内に文字として描画しないでください
◆【絶対最優先】必ずフルカラーにしてください
◆【絶対最優先】必ず日本のアニメ・マンガ調のイラストで描いてください。実写風・フォトリアル風は禁止です。
◆【絶対最優先】キャラクター外見: ミサキは添付のミサキ.pngと100%同一の外見で描画、ひなたは添付のひなた_2歳期.pngと100%同一の外見で描画
◆【出力サイズ】9:16
◆【補足情報】上下左右に50ピクセルの余白を設けてください
◆【補足情報】服装: ミサキ: ピンクのスウェットトレーナーにグレーのルームパンツ、裸足（部屋着） / ひなた: ピンクのTシャツに白いズボン
◆【コマ構成】テンプレ3: 上段小→下段大
◆【作画】ジャンル: 副業に最適化した統一スタイル / 作画スタイル: 親しみやすく実践的,現代的なライフスタイル表現 / 色調: 明るく前向きな色調,オレンジ・青・黄色基調,活力ある配色 / 線画: 親しみやすい柔らかな線,カジュアルで読みやすい表現 / 演出: パソコン作業,スマホ,時計,収入の可視化,ステップ図解,必要に応じて集中線,効果線,擬音などのマンガらしい演出
◆【ストーリー】
1コマ目 (上段小): 夜。ひなたを寝かしつけた後、パソコンを開くミサキ。いつものルーティン。 セリフ: なし オノマトペ: パカッ
2コマ目 (下段大): 窓ガラスに自分の顔が映る。名刺はない。肩書きもない。でも、自分が何をしていて何を目指しているか——自分自身がわかっている。それで十分。 セリフ: ［ミサキ（心の声）］の吹き出しに「自分がわかっている」 オノマトペ: なし"
"115","テンプレ6","◆【注意】【】で囲まれた単語は感情や状況の指示であり、画像内に文字として描画しないでください
◆【絶対最優先】必ずフルカラーにしてください
◆【絶対最優先】必ず日本のアニメ・マンガ調のイラストで描いてください。実写風・フォトリアル風は禁止です。
◆【絶対最優先】キャラクター外見: ミサキは添付のミサキ.pngと100%同一の外見で描画、ひなたは添付のひなた_2歳期.pngと100%同一の外見で描画
◆【出力サイズ】9:16
◆【補足情報】上下左右に50ピクセルの余白を設けてください
◆【補足情報】服装: ミサキ: ピンクのスウェットトレーナーにグレーのルームパンツ、裸足（部屋着） / ひなた: ピンクのTシャツに白いズボン
◆【コマ構成】テンプレ6: 上段1コマ + 下段左右2コマ
◆【作画】ジャンル: 副業に最適化した統一スタイル / 作画スタイル: 親しみやすく実践的,現代的なライフスタイル表現 / 色調: 明るく前向きな色調,オレンジ・青・黄色基調,活力ある配色 / 線画: 親しみやすい柔らかな線,カジュアルで読みやすい表現 / 演出: パソコン作業,スマホ,時計,収入の可視化,ステップ図解,必要に応じて集中線,効果線,擬音などのマンガらしい演出
◆【ストーリー】
1コマ目 (上段): ひなたの部屋を覗くミサキ。布団からはみ出した小さな体に布団をかけ直す。優しい眼差し。 セリフ: なし オノマトペ: そっ…
2コマ目 (下段右): ミサキの心の声。「会社が席を用意してくれなかったのは不幸だと思っていた」「でも退職届を出したから自分の席を見つけられた」。 セリフ: なし オノマトペ: なし
3コマ目 (下段左): ミサキの穏やかな横顔。「大事なのは自分の可能性を自分で決めつけないこと」。 セリフ: ［ミサキ（心の声）］の吹き出しに「可能性は自分で決めない」 オノマトペ: なし"
"116","テンプレ5","◆【注意】【】で囲まれた単語は感情や状況の指示であり、画像内に文字として描画しないでください
◆【絶対最優先】必ずフルカラーにしてください
◆【絶対最優先】必ず日本のアニメ・マンガ調のイラストで描いてください。実写風・フォトリアル風は禁止です。
◆【絶対最優先】キャラクター外見: ミサキは添付のミサキ.pngと100%同一の外見で描画
◆【出力サイズ】9:16
◆【補足情報】上下左右に50ピクセルの余白を設けてください
◆【補足情報】服装: ミサキ: ピンクのスウェットトレーナーにグレーのルームパンツ、裸足（部屋着）
◆【コマ構成】テンプレ5: 上・中・下3段
◆【作画】ジャンル: 副業に最適化した統一スタイル / 作画スタイル: 親しみやすく実践的,現代的なライフスタイル表現 / 色調: 明るく前向きな色調,オレンジ・青・黄色基調,活力ある配色 / 線画: 親しみやすい柔らかな線,カジュアルで読みやすい表現 / 演出: パソコン作業,スマホ,時計,収入の可視化,ステップ図解,必要に応じて集中線,効果線,擬音などのマンガらしい演出
◆【ストーリー】
1コマ目 (上段): パソコンの画面が明るくなる。Claudeが静かに待っている。 セリフ: なし オノマトペ: パッ
2コマ目 (中段): 新しい企画のアイデア。育児中のママ向けのAIを使った働き方ガイド。電子書籍にまとめたい。 セリフ: なし オノマトペ: なし
3コマ目 (下段): ミサキが微笑みながら入力を始める。 セリフ: ［ミサキ］の吹き出しに「やってみよう」 オノマトペ: カタカタ"
"117","テンプレ7","◆【注意】【】で囲まれた単語は感情や状況の指示であり、画像内に文字として描画しないでください
◆【絶対最優先】必ずフルカラーにしてください
◆【絶対最優先】必ず日本のアニメ・マンガ調のイラストで描いてください。実写風・フォトリアル風は禁止です。
◆【絶対最優先】キャラクター外見: ミサキは添付のミサキ.pngと100%同一の外見で描画
◆【出力サイズ】9:16
◆【補足情報】上下左右に50ピクセルの余白を設けてください
◆【補足情報】服装: ミサキ: ピンクのスウェットトレーナーにグレーのルームパンツ、裸足（部屋着）
◆【コマ構成】テンプレ7: 上段左右2コマ + 下段1コマ
◆【作画】ジャンル: 副業に最適化した統一スタイル / 作画スタイル: 親しみやすく実践的,現代的なライフスタイル表現 / 色調: 明るく前向きな色調,オレンジ・青・黄色基調,活力ある配色 / 線画: 親しみやすい柔らかな線,カジュアルで読みやすい表現 / 演出: パソコン作業,スマホ,時計,収入の可視化,ステップ図解,必要に応じて集中線,効果線,擬音などのマンガらしい演出
◆【ストーリー】
1コマ目 (上段右): ミサキの物語を振り返るモンタージュ。妊娠検査薬、退職届、段ボール。 セリフ: なし オノマトペ: なし
2コマ目 (上段左): 振り返りの続き。Claudeとの出会い、初投稿、フォロワー100人。 セリフ: なし オノマトペ: なし
3コマ目 (下段): 1,280円の振込通知、そして今のミサキ。パソコンの前の笑顔。物語は一区切り。でもキャリアはここから。 セリフ: なし オノマトペ: なし"
"118","テンプレ1","◆【注意】【】で囲まれた単語は感情や状況の指示であり、画像内に文字として描画しないでください
◆【絶対最優先】必ずフルカラーにしてください
◆【絶対最優先】必ず日本のアニメ・マンガ調のイラストで描いてください。実写風・フォトリアル風は禁止です。
◆【絶対最優先】キャラクター外見: ミサキは添付のミサキ.pngと100%同一の外見で描画、ひなたは添付のひなた_2歳期.pngと100%同一の外見で描画
◆【出力サイズ】9:16
◆【補足情報】上下左右に50ピクセルの余白を設けてください
◆【補足情報】服装: ミサキ: ピンクのスウェットトレーナーにグレーのルームパンツ、裸足（部屋着） / ひなた: ピンクのTシャツに白いズボン
◆【コマ構成】テンプレ1: ページ全体1コマ
◆【作画】ジャンル: 副業に最適化した統一スタイル / 作画スタイル: 親しみやすく実践的,現代的なライフスタイル表現 / 色調: 明るく前向きな色調,オレンジ・青・黄色基調,活力ある配色 / 線画: 親しみやすい柔らかな線,カジュアルで読みやすい表現 / 演出: パソコン作業,スマホ,時計,収入の可視化,ステップ図解,必要に応じて集中線,効果線,擬音などのマンガらしい演出
◆【ストーリー】
1コマ目 (ページ全体): 【最終クライマックス】ミサキが窓辺に立っている。朝日が差し込む。パソコンにはClaudeの画面。ひなたが足元で遊んでいる。名刺はない。肩書きもない。でも自分のキャリアを自分で決めている。希望に満ちた1枚。「ミサキの物語は、ここで一区切り。でも彼女のキャリアは、ここから始まる」。 セリフ: なし オノマトペ: なし"
"119","テンプレ1","◆【注意】【】で囲まれた単語は感情や状況の指示であり、画像内に文字として描画しないでください
◆【絶対最優先】必ずフルカラーにしてください
◆【絶対最優先】必ず日本のアニメ・マンガ調のイラストで描いてください。実写風・フォトリアル風は禁止です。
◆【出力サイズ】9:16
◆【補足情報】上下左右に50ピクセルの余白を設けてください
◆【コマ構成】テンプレ1: ページ全体1コマ
◆【作画】ジャンル: 副業に最適化した統一スタイル / 作画スタイル: 親しみやすく実践的,現代的なライフスタイル表現 / 色調: 明るく前向きな色調,オレンジ・青・黄色基調,活力ある配色 / 線画: 親しみやすい柔らかな線,カジュアルで読みやすい表現 / 演出: パソコン作業,スマホ,時計,収入の可視化,ステップ図解,必要に応じて集中線,効果線,擬音などのマンガらしい演出
◆【ストーリー】
1コマ目 (ページ全体): 【コラム背景イラスト】テキストオーバーレイ用の背景画像。キャラクターは描画しない。人物なし。画面全体に多様な働き方のシルエットを美しく描く。上部30%にタイトル用の余白、中央〜下部にテキスト用の余白を確保。背景は淡い色調でテキストが読みやすいよう明度を抑える。 セリフ: なし オノマトペ: なし
◆【テキストオーバーレイ情報（EPUB製本時に使用）】タイトル: コラム：あなたのキャリアは、あなたが決めていい / 本文: ミサキは特別な人ではない。変えたのは自分自身に対する認識。フリーランス・個人事業主462万人。派遣の3倍以上いるのに法整備は2024年にようやく始まった"
"120","テンプレ1","◆【注意】【】で囲まれた単語は感情や状況の指示であり、画像内に文字として描画しないでください
◆【絶対最優先】必ずフルカラーにしてください
◆【絶対最優先】必ず日本のアニメ・マンガ調のイラストで描いてください。実写風・フォトリアル風は禁止です。
◆【出力サイズ】9:16
◆【補足情報】上下左右に50ピクセルの余白を設けてください
◆【コマ構成】テンプレ1: ページ全体1コマ
◆【作画】ジャンル: 副業に最適化した統一スタイル / 作画スタイル: 親しみやすく実践的,現代的なライフスタイル表現 / 色調: 明るく前向きな色調,オレンジ・青・黄色基調,活力ある配色 / 線画: 親しみやすい柔らかな線,カジュアルで読みやすい表現 / 演出: パソコン作業,スマホ,時計,収入の可視化,ステップ図解,必要に応じて集中線,効果線,擬音などのマンガらしい演出
◆【ストーリー】
1コマ目 (ページ全体): 【コラム背景イラスト】テキストオーバーレイ用の背景画像。キャラクターは描画しない。人物なし。画面全体に小さな足跡が道になっていくイラストを美しく描く。上部30%にタイトル用の余白、中央〜下部にテキスト用の余白を確保。背景は淡い色調でテキストが読みやすいよう明度を抑える。 セリフ: なし オノマトペ: なし
◆【テキストオーバーレイ情報（EPUB製本時に使用）】タイトル: 最初の一歩は思っているより小さくていい / 本文: 制度が遅れていたのは異端だからではなく現実に追いついていなかっただけ。もっと前向きに捉えていい。あなたのキャリアはあなたが決めていい。最初の一歩は思っているより小さくていい"
